M_TIMESTAMP,consumer_id,consumption_kw,pv_generation_kw,ev_charging_kw,net_load_kw
2026-01-01 00:00:00+00:00,C001,0.4340012709462895,0.0,0.0,0.4340012709462895
2026-01-01 00:15:00+00:00,C001,0.4592425716378166,0.0,0.0,0.4592425716378166
2026-01-01 00:30:00+00:00,C001,0.447344816308075,0.0,0.0,0.447344816308075
2026-01-01 00:45:00+00:00,C001,0.4522043206411341,0.0,0.0,0.4522043206411341
2026-01-01 01:00:00+00:00,C001,0.49910695520729786,0.0,0.0,0.49910695520729786
2026-01-01 01:15:00+00:00,C001,0.4901783294525926,0.0,0.0,0.4901783294525926
2026-01-01 01:30:00+00:00,C001,0.46533875538119807,0.0,0.0,0.46533875538119807
2026-01-01 01:45:00+00:00,C001,0.44768033370992727,0.0,0.0,0.44768033370992727
2026-01-01 02:00:00+00:00,C001,0.4752733197543136,0.0,0.0,0.4752733197543136
2026-01-01 02:15:00+00:00,C001,0.48454939194610636,0.0,0.0,0.48454939194610636
2026-01-01 02:30:00+00:00,C001,0.4800624761255286,0.0,0.0,0.4800624761255286
2026-01-01 02:45:00+00:00,C001,0.5471970294997384,0.0,0.0,0.5471970294997384
2026-01-01 03:00:00+00:00,C001,0.47910018114933106,0.0,0.0,0.47910018114933106
2026-01-01 03:15:00+00:00,C001,0.5065778799649083,0.0,0.0,0.5065778799649083
2026-01-01 03:30:00+00:00,C001,0.5442690163192208,0.0,0.0,0.5442690163192208
2026-01-01 03:45:00+00:00,C001,0.5443441515374934,0.0,0.0,0.5443441515374934
2026-01-01 04:00:00+00:00,C001,0.6208001424475685,0.0,0.0,0.6208001424475685
2026-01-01 04:15:00+00:00,C001,0.5818007132605352,0.0,0.0,0.5818007132605352
2026-01-01 04:30:00+00:00,C001,0.6194956842594576,0.0,0.0,0.6194956842594576
2026-01-01 04:45:00+00:00,C001,0.6428921412518531,0.0,0.0,0.6428921412518531
2026-01-01 05:00:00+00:00,C001,0.7152503493800014,0.0,0.0,0.7152503493800014
2026-01-01 05:15:00+00:00,C001,0.8083995227102394,0.0,0.0,0.8083995227102394
2026-01-01 05:30:00+00:00,C001,0.8753710282715822,0.0,0.0,0.8753710282715822
2026-01-01 05:45:00+00:00,C001,0.9679227311330394,0.0,0.0,0.9679227311330394
2026-01-01 06:00:00+00:00,C001,1.0990885241069484,0.0,0.0,1.0990885241069484
2026-01-01 06:15:00+00:00,C001,1.1382546041418915,0.0,0.0,1.1382546041418915
2026-01-01 06:30:00+00:00,C001,1.1944481896951613,0.0,0.0,1.1944481896951613
2026-01-01 06:45:00+00:00,C001,1.4074227429557398,0.0,0.0,1.4074227429557398
2026-01-01 07:00:00+00:00,C001,1.3605951261253866,0.0,0.0,1.3605951261253866
2026-01-01 07:15:00+00:00,C001,1.3437177207841207,0.0,0.0,1.3437177207841207
2026-01-01 07:30:00+00:00,C001,1.316735354590868,0.0,0.0,1.316735354590868
2026-01-01 07:45:00+00:00,C001,1.3544319185120755,0.0,0.0,1.3544319185120755
2026-01-01 08:00:00+00:00,C001,1.412371985818889,0.0,0.0,1.412371985818889
2026-01-01 08:15:00+00:00,C001,1.300796759515798,0.0,0.0,1.300796759515798
2026-01-01 08:30:00+00:00,C001,1.21831452725055,0.0,0.0,1.21831452725055
2026-01-01 08:45:00+00:00,C001,1.116973521062133,0.0,0.0,1.116973521062133
2026-01-01 09:00:00+00:00,C001,1.0817523884062261,0.0,0.0,1.0817523884062261
2026-01-01 09:15:00+00:00,C001,0.9482911055251416,0.0,0.0,0.9482911055251416
2026-01-01 09:30:00+00:00,C001,0.8569356597526919,0.0,0.0,0.8569356597526919
2026-01-01 09:45:00+00:00,C001,0.7975117116289436,0.0,0.0,0.7975117116289436
2026-01-01 10:00:00+00:00,C001,0.7406088512994206,0.0,0.0,0.7406088512994206
2026-01-01 10:15:00+00:00,C001,0.6787162143599955,0.0,0.0,0.6787162143599955
2026-01-01 10:30:00+00:00,C001,0.6122697613849882,0.0,0.0,0.6122697613849882
2026-01-01 10:45:00+00:00,C001,0.6104188243478781,0.0,0.0,0.6104188243478781
2026-01-01 11:00:00+00:00,C001,0.5412617404889221,0.0,0.0,0.5412617404889221
2026-01-01 11:15:00+00:00,C001,0.5263464485499822,0.0,0.0,0.5263464485499822
2026-01-01 11:30:00+00:00,C001,0.4925643146753084,0.0,0.0,0.4925643146753084
2026-01-01 11:45:00+00:00,C001,0.5560669437964807,0.0,0.0,0.5560669437964807
2026-01-01 12:00:00+00:00,C001,0.5251445406290561,0.0,0.0,0.5251445406290561
2026-01-01 12:15:00+00:00,C001,0.5265675909362856,0.0,0.0,0.5265675909362856
2026-01-01 12:30:00+00:00,C001,0.5427214564854032,0.0,0.0,0.5427214564854032
2026-01-01 12:45:00+00:00,C001,0.5878140818628725,0.0,0.0,0.5878140818628725
2026-01-01 13:00:00+00:00,C001,0.47671214989055666,0.0,0.0,0.47671214989055666
2026-01-01 13:15:00+00:00,C001,0.5015307892605549,0.0,0.0,0.5015307892605549
2026-01-01 13:30:00+00:00,C001,0.5169238890482971,0.0,0.0,0.5169238890482971
2026-01-01 13:45:00+00:00,C001,0.5256587352684425,0.0,0.0,0.5256587352684425
2026-01-01 14:00:00+00:00,C001,0.5331606691531677,0.0,0.0,0.5331606691531677
2026-01-01 14:15:00+00:00,C001,0.5588337360240738,0.0,0.0,0.5588337360240738
2026-01-01 14:30:00+00:00,C001,0.587919446389845,0.0,0.0,0.587919446389845
2026-01-01 14:45:00+00:00,C001,0.6451554613579826,0.0,0.0,0.6451554613579826
2026-01-01 15:00:00+00:00,C001,0.7136381569162318,0.0,0.0,0.7136381569162318
2026-01-01 15:15:00+00:00,C001,0.7545922535887943,0.0,0.0,0.7545922535887943
2026-01-01 15:30:00+00:00,C001,0.8006854579478585,0.0,0.0,0.8006854579478585
2026-01-01 15:45:00+00:00,C001,0.8547999400148452,0.0,0.0,0.8547999400148452
2026-01-01 16:00:00+00:00,C001,0.8860350914297936,0.0,0.0,0.8860350914297936
2026-01-01 16:15:00+00:00,C001,1.035163631197332,0.0,0.0,1.035163631197332
2026-01-01 16:30:00+00:00,C001,1.068688251794704,0.0,0.0,1.068688251794704
2026-01-01 16:45:00+00:00,C001,1.0626227338590453,0.0,0.0,1.0626227338590453
2026-01-01 17:00:00+00:00,C001,1.1347371723422195,0.0,0.0,1.1347371723422195
2026-01-01 17:15:00+00:00,C001,1.1968944468701834,0.0,0.0,1.1968944468701834
2026-01-01 17:30:00+00:00,C001,1.374034952702545,0.0,0.0,1.374034952702545
2026-01-01 17:45:00+00:00,C001,1.4243605679213869,0.0,0.0,1.4243605679213869
2026-01-01 18:00:00+00:00,C001,1.4520462344146605,0.0,0.0,1.4520462344146605
2026-01-01 18:15:00+00:00,C001,1.574296024334524,0.0,0.0,1.574296024334524
2026-01-01 18:30:00+00:00,C001,1.5406517170620382,0.0,0.0,1.5406517170620382
2026-01-01 18:45:00+00:00,C001,1.5470497350434318,0.0,0.0,1.5470497350434318
2026-01-01 19:00:00+00:00,C001,1.4997350843060768,0.0,0.0,1.4997350843060768
2026-01-01 19:15:00+00:00,C001,1.4657881028782085,0.0,0.0,1.4657881028782085
2026-01-01 19:30:00+00:00,C001,1.4807105863889234,0.0,0.0,1.4807105863889234
2026-01-01 19:45:00+00:00,C001,1.4829005485094156,0.0,0.0,1.4829005485094156
2026-01-01 20:00:00+00:00,C001,1.3101531948637894,0.0,0.0,1.3101531948637894
2026-01-01 20:15:00+00:00,C001,1.370703860210553,0.0,0.0,1.370703860210553
2026-01-01 20:30:00+00:00,C001,1.3055725658461275,0.0,0.0,1.3055725658461275
2026-01-01 20:45:00+00:00,C001,1.225417236039633,0.0,0.0,1.225417236039633
2026-01-01 21:00:00+00:00,C001,1.1482104362249352,0.0,0.0,1.1482104362249352
2026-01-01 21:15:00+00:00,C001,1.0436963512243702,0.0,0.0,1.0436963512243702
2026-01-01 21:30:00+00:00,C001,1.0057873376845756,0.0,0.0,1.0057873376845756
2026-01-01 21:45:00+00:00,C001,0.9320996295762091,0.0,0.0,0.9320996295762091
2026-01-01 22:00:00+00:00,C001,0.8699471816431977,0.0,0.0,0.8699471816431977
2026-01-01 22:15:00+00:00,C001,0.8220806708773558,0.0,0.0,0.8220806708773558
2026-01-01 22:30:00+00:00,C001,0.7199806043508284,0.0,0.0,0.7199806043508284
2026-01-01 22:45:00+00:00,C001,0.6758582033174894,0.0,0.0,0.6758582033174894
2026-01-01 23:00:00+00:00,C001,0.6617916609067959,0.0,0.0,0.6617916609067959
2026-01-01 23:15:00+00:00,C001,0.6230200727976755,0.0,0.0,0.6230200727976755
2026-01-01 23:30:00+00:00,C001,0.5786068317006912,0.0,0.0,0.5786068317006912
2026-01-01 23:45:00+00:00,C001,0.5841922905618727,0.0,0.0,0.5841922905618727
2026-01-02 00:00:00+00:00,C001,0.4726557341811018,0.0,0.0,0.4726557341811018
2026-01-02 00:15:00+00:00,C001,0.48224728136804706,0.0,0.0,0.48224728136804706
2026-01-02 00:30:00+00:00,C001,0.487297592434039,0.0,0.0,0.487297592434039
2026-01-02 00:45:00+00:00,C001,0.42345594844324635,0.0,0.0,0.42345594844324635
2026-01-02 01:00:00+00:00,C001,0.44854630580730226,0.0,0.0,0.44854630580730226
2026-01-02 01:15:00+00:00,C001,0.4366262088074687,0.0,0.0,0.4366262088074687
2026-01-02 01:30:00+00:00,C001,0.4523887770443845,0.0,0.0,0.4523887770443845
2026-01-02 01:45:00+00:00,C001,0.42964810800657927,0.0,0.0,0.42964810800657927
2026-01-02 02:00:00+00:00,C001,0.424123224818161,0.0,0.0,0.424123224818161
2026-01-02 02:15:00+00:00,C001,0.4691872610866017,0.0,0.0,0.4691872610866017
2026-01-02 02:30:00+00:00,C001,0.45526506367366476,0.0,0.0,0.45526506367366476
2026-01-02 02:45:00+00:00,C001,0.4810715787530767,0.0,0.0,0.4810715787530767
2026-01-02 03:00:00+00:00,C001,0.4507600097645686,0.0,0.0,0.4507600097645686
2026-01-02 03:15:00+00:00,C001,0.47504027628166634,0.0,0.0,0.47504027628166634
2026-01-02 03:30:00+00:00,C001,0.5064004109293915,0.0,0.0,0.5064004109293915
2026-01-02 03:45:00+00:00,C001,0.5216613261077636,0.0,0.0,0.5216613261077636
2026-01-02 04:00:00+00:00,C001,0.5641365033498476,0.0,0.0,0.5641365033498476
2026-01-02 04:15:00+00:00,C001,0.6496366338965733,0.0,0.0,0.6496366338965733
2026-01-02 04:30:00+00:00,C001,0.6122016429862573,0.0,0.0,0.6122016429862573
2026-01-02 04:45:00+00:00,C001,0.6712653266257321,0.0,0.0,0.6712653266257321
2026-01-02 05:00:00+00:00,C001,0.6709068174667527,0.0,0.0,0.6709068174667527
2026-01-02 05:15:00+00:00,C001,0.7338331504636257,0.0,0.0,0.7338331504636257
2026-01-02 05:30:00+00:00,C001,0.8714877087708173,0.0,0.0,0.8714877087708173
2026-01-02 05:45:00+00:00,C001,0.9065824815316311,0.0,0.0,0.9065824815316311
2026-01-02 06:00:00+00:00,C001,1.002127741482056,0.0,0.0,1.002127741482056
2026-01-02 06:15:00+00:00,C001,1.1044742100520117,0.0,0.0,1.1044742100520117
2026-01-02 06:30:00+00:00,C001,1.1844776085481719,0.0,0.0,1.1844776085481719
2026-01-02 06:45:00+00:00,C001,1.1957205769388908,0.0,0.0,1.1957205769388908
2026-01-02 07:00:00+00:00,C001,1.2887935462782438,0.0,0.0,1.2887935462782438
2026-01-02 07:15:00+00:00,C001,1.4084857920366989,0.0,0.0,1.4084857920366989
2026-01-02 07:30:00+00:00,C001,1.298663443608367,0.0,0.0,1.298663443608367
2026-01-02 07:45:00+00:00,C001,1.3225581123759822,0.0,0.0,1.3225581123759822
2026-01-02 08:00:00+00:00,C001,1.3864892554328132,0.0,0.0,1.3864892554328132
2026-01-02 08:15:00+00:00,C001,1.3154893347503773,0.0,0.0,1.3154893347503773
2026-01-02 08:30:00+00:00,C001,1.1830653607242614,0.0,0.0,1.1830653607242614
2026-01-02 08:45:00+00:00,C001,1.0830012387718184,0.0,0.0,1.0830012387718184
2026-01-02 09:00:00+00:00,C001,0.9929165450279676,0.0,0.0,0.9929165450279676
2026-01-02 09:15:00+00:00,C001,0.945520713920951,0.0,0.0,0.945520713920951
2026-01-02 09:30:00+00:00,C001,0.9189738089552187,0.0,0.0,0.9189738089552187
2026-01-02 09:45:00+00:00,C001,0.7674883993450817,0.0,0.0,0.7674883993450817
2026-01-02 10:00:00+00:00,C001,0.7111948034610543,0.0,0.0,0.7111948034610543
2026-01-02 10:15:00+00:00,C001,0.6721617967676498,0.0,0.0,0.6721617967676498
2026-01-02 10:30:00+00:00,C001,0.5226772807282227,0.0,0.0,0.5226772807282227
2026-01-02 10:45:00+00:00,C001,0.5808416909819472,0.0,0.0,0.5808416909819472
2026-01-02 11:00:00+00:00,C001,0.5141379019249233,0.0,0.0,0.5141379019249233
2026-01-02 11:15:00+00:00,C001,0.5535308099364199,0.0,0.0,0.5535308099364199
2026-01-02 11:30:00+00:00,C001,0.5474403778270939,0.0,0.0,0.5474403778270939
2026-01-02 11:45:00+00:00,C001,0.5392711453536827,0.0,0.0,0.5392711453536827
2026-01-02 12:00:00+00:00,C001,0.5272354990604263,0.0,0.0,0.5272354990604263
2026-01-02 12:15:00+00:00,C001,0.43212943759506117,0.0,0.0,0.43212943759506117
2026-01-02 12:30:00+00:00,C001,0.48090320594224967,0.0,0.0,0.48090320594224967
2026-01-02 12:45:00+00:00,C001,0.5055759594980154,0.0,0.0,0.5055759594980154
2026-01-02 13:00:00+00:00,C001,0.4876952934570668,0.0,0.0,0.4876952934570668
2026-01-02 13:15:00+00:00,C001,0.5235850983172275,0.0,0.0,0.5235850983172275
2026-01-02 13:30:00+00:00,C001,0.5461030142810006,0.0,0.0,0.5461030142810006
2026-01-02 13:45:00+00:00,C001,0.5637302169311275,0.0,0.0,0.5637302169311275
2026-01-02 14:00:00+00:00,C001,0.5644547882209631,0.0,0.0,0.5644547882209631
2026-01-02 14:15:00+00:00,C001,0.5250636169730714,0.0,0.0,0.5250636169730714
2026-01-02 14:30:00+00:00,C001,0.5896381866719269,0.0,0.0,0.5896381866719269
2026-01-02 14:45:00+00:00,C001,0.6254456622335314,0.0,0.0,0.6254456622335314
2026-01-02 15:00:00+00:00,C001,0.6414928917809053,0.0,0.0,0.6414928917809053
2026-01-02 15:15:00+00:00,C001,0.7260471928505988,0.0,0.0,0.7260471928505988
2026-01-02 15:30:00+00:00,C001,0.8097798964190434,0.0,0.0,0.8097798964190434
2026-01-02 15:45:00+00:00,C001,0.8573671703795166,0.0,0.0,0.8573671703795166
2026-01-02 16:00:00+00:00,C001,0.8164037628554359,0.0,0.0,0.8164037628554359
2026-01-02 16:15:00+00:00,C001,0.934906368017362,0.0,0.0,0.934906368017362
2026-01-02 16:30:00+00:00,C001,1.051065531435908,0.0,0.0,1.051065531435908
2026-01-02 16:45:00+00:00,C001,1.10504191891065,0.0,0.0,1.10504191891065
2026-01-02 17:00:00+00:00,C001,1.0762719205500004,0.0,0.0,1.0762719205500004
2026-01-02 17:15:00+00:00,C001,1.3286146780653876,0.0,0.0,1.3286146780653876
2026-01-02 17:30:00+00:00,C001,1.2868995814044044,0.0,0.0,1.2868995814044044
2026-01-02 17:45:00+00:00,C001,1.4136061532781623,0.0,0.0,1.4136061532781623
2026-01-02 18:00:00+00:00,C001,1.4425760961132925,0.0,0.0,1.4425760961132925
2026-01-02 18:15:00+00:00,C001,1.4891443808057194,0.0,0.0,1.4891443808057194
2026-01-02 18:30:00+00:00,C001,1.534929029459139,0.0,0.0,1.534929029459139
2026-01-02 18:45:00+00:00,C001,1.53060082599553,0.0,0.0,1.53060082599553
2026-01-02 19:00:00+00:00,C001,1.6503710580689277,0.0,0.0,1.6503710580689277
2026-01-02 19:15:00+00:00,C001,1.597348549698449,0.0,0.0,1.597348549698449
2026-01-02 19:30:00+00:00,C001,1.438415143594577,0.0,0.0,1.438415143594577
2026-01-02 19:45:00+00:00,C001,1.4599988898723053,0.0,0.0,1.4599988898723053
2026-01-02 20:00:00+00:00,C001,1.3994047447845877,0.0,0.0,1.3994047447845877
2026-01-02 20:15:00+00:00,C001,1.3921048920302677,0.0,0.0,1.3921048920302677
2026-01-02 20:30:00+00:00,C001,1.261852120157306,0.0,0.0,1.261852120157306
2026-01-02 20:45:00+00:00,C001,1.2496304352616967,0.0,0.0,1.2496304352616967
2026-01-02 21:00:00+00:00,C001,1.1380416023784294,0.0,0.0,1.1380416023784294
2026-01-02 21:15:00+00:00,C001,1.1527643070307527,0.0,0.0,1.1527643070307527
2026-01-02 21:30:00+00:00,C001,0.9729653335905142,0.0,0.0,0.9729653335905142
2026-01-02 21:45:00+00:00,C001,0.879938942415857,0.0,0.0,0.879938942415857
2026-01-02 22:00:00+00:00,C001,0.8343458387623115,0.0,0.0,0.8343458387623115
2026-01-02 22:15:00+00:00,C001,0.7472177702685876,0.0,0.0,0.7472177702685876
2026-01-02 22:30:00+00:00,C001,0.702632682630953,0.0,0.0,0.702632682630953
2026-01-02 22:45:00+00:00,C001,0.6171735760822031,0.0,0.0,0.6171735760822031
2026-01-02 23:00:00+00:00,C001,0.643027277407933,0.0,0.0,0.643027277407933
2026-01-02 23:15:00+00:00,C001,0.5875691779303626,0.0,0.0,0.5875691779303626
2026-01-02 23:30:00+00:00,C001,0.5296979677129279,0.0,0.0,0.5296979677129279
2026-01-02 23:45:00+00:00,C001,0.5992630432620009,0.0,0.0,0.5992630432620009
2026-01-03 00:00:00+00:00,C001,0.4747802013965071,0.0,0.0,0.4747802013965071
2026-01-03 00:15:00+00:00,C001,0.4980860227000229,0.0,0.0,0.4980860227000229
2026-01-03 00:30:00+00:00,C001,0.4971113784502933,0.0,0.0,0.4971113784502933
2026-01-03 00:45:00+00:00,C001,0.5158530040188287,0.0,0.0,0.5158530040188287
2026-01-03 01:00:00+00:00,C001,0.4878741233183965,0.0,0.0,0.4878741233183965
2026-01-03 01:15:00+00:00,C001,0.5352637077733349,0.0,0.0,0.5352637077733349
2026-01-03 01:30:00+00:00,C001,0.4962058873905033,0.0,0.0,0.4962058873905033
2026-01-03 01:45:00+00:00,C001,0.5154624998308376,0.0,0.0,0.5154624998308376
2026-01-03 02:00:00+00:00,C001,0.5111483616592388,0.0,0.0,0.5111483616592388
2026-01-03 02:15:00+00:00,C001,0.48564398191062286,0.0,0.0,0.48564398191062286
2026-01-03 02:30:00+00:00,C001,0.5254921633769322,0.0,0.0,0.5254921633769322
2026-01-03 02:45:00+00:00,C001,0.5812556380048746,0.0,0.0,0.5812556380048746
2026-01-03 03:00:00+00:00,C001,0.5419365552060527,0.0,0.0,0.5419365552060527
2026-01-03 03:15:00+00:00,C001,0.5521122576635388,0.0,0.0,0.5521122576635388
2026-01-03 03:30:00+00:00,C001,0.5990168775927172,0.0,0.0,0.5990168775927172
2026-01-03 03:45:00+00:00,C001,0.6174370175970134,0.0,0.0,0.6174370175970134
2026-01-03 04:00:00+00:00,C001,0.6036151088522282,0.0,0.0,0.6036151088522282
2026-01-03 04:15:00+00:00,C001,0.556622321220256,0.0,0.0,0.556622321220256
2026-01-03 04:30:00+00:00,C001,0.6681369773631795,0.0,0.0,0.6681369773631795
2026-01-03 04:45:00+00:00,C001,0.6653918584783004,0.0,0.0,0.6653918584783004
2026-01-03 05:00:00+00:00,C001,0.8196848074752207,0.0,0.0,0.8196848074752207
2026-01-03 05:15:00+00:00,C001,0.8619728033845881,0.0,0.0,0.8619728033845881
2026-01-03 05:30:00+00:00,C001,0.9717484780103519,0.0,0.0,0.9717484780103519
2026-01-03 05:45:00+00:00,C001,0.9752142193643313,0.0,0.0,0.9752142193643313
2026-01-03 06:00:00+00:00,C001,1.0518221474323277,0.0,0.0,1.0518221474323277
2026-01-03 06:15:00+00:00,C001,1.2021861763871373,0.0,0.0,1.2021861763871373
2026-01-03 06:30:00+00:00,C001,1.3151015883070665,0.0,0.0,1.3151015883070665
2026-01-03 06:45:00+00:00,C001,1.3866269611388735,0.0,0.0,1.3866269611388735
2026-01-03 07:00:00+00:00,C001,1.4665983977662527,0.0,0.0,1.4665983977662527
2026-01-03 07:15:00+00:00,C001,1.6349040603795435,0.0,0.0,1.6349040603795435
2026-01-03 07:30:00+00:00,C001,1.5513353124793816,0.0,0.0,1.5513353124793816
2026-01-03 07:45:00+00:00,C001,1.5856526261920612,0.0,0.0,1.5856526261920612
2026-01-03 08:00:00+00:00,C001,1.503645841174548,0.0,0.0,1.503645841174548
2026-01-03 08:15:00+00:00,C001,1.4693236136337922,0.0,0.0,1.4693236136337922
2026-01-03 08:30:00+00:00,C001,1.256530921555065,0.0,0.0,1.256530921555065
2026-01-03 08:45:00+00:00,C001,1.1070977111744364,0.0,0.0,1.1070977111744364
2026-01-03 09:00:00+00:00,C001,1.1479193229545832,0.0,0.0,1.1479193229545832
2026-01-03 09:15:00+00:00,C001,1.0767275752619494,0.0,0.0,1.0767275752619494
2026-01-03 09:30:00+00:00,C001,0.9416681860414559,0.0,0.0,0.9416681860414559
2026-01-03 09:45:00+00:00,C001,0.8699509412927341,0.0,0.0,0.8699509412927341
2026-01-03 10:00:00+00:00,C001,0.7678075100937798,0.0,0.0,0.7678075100937798
2026-01-03 10:15:00+00:00,C001,0.7606916850010201,0.0,0.0,0.7606916850010201
2026-01-03 10:30:00+00:00,C001,0.7133711815539403,0.0,0.0,0.7133711815539403
2026-01-03 10:45:00+00:00,C001,0.6698419109983698,0.0,0.0,0.6698419109983698
2026-01-03 11:00:00+00:00,C001,0.6555978300312272,0.0,0.0,0.6555978300312272
2026-01-03 11:15:00+00:00,C001,0.5912298624514288,0.0,0.0,0.5912298624514288
2026-01-03 11:30:00+00:00,C001,0.5920653876997631,0.0,0.0,0.5920653876997631
2026-01-03 11:45:00+00:00,C001,0.5339623575193909,0.0,0.0,0.5339623575193909
2026-01-03 12:00:00+00:00,C001,0.5006667665579091,0.0,0.0,0.5006667665579091
2026-01-03 12:15:00+00:00,C001,0.558882234595423,0.0,0.0,0.558882234595423
2026-01-03 12:30:00+00:00,C001,0.5808724397275831,0.0,0.0,0.5808724397275831
2026-01-03 12:45:00+00:00,C001,0.6063720434966947,0.0,0.0,0.6063720434966947
2026-01-03 13:00:00+00:00,C001,0.5830664490156192,0.0,0.0,0.5830664490156192
2026-01-03 13:15:00+00:00,C001,0.628137483207163,0.0,0.0,0.628137483207163
2026-01-03 13:30:00+00:00,C001,0.5605516857908365,0.0,0.0,0.5605516857908365
2026-01-03 13:45:00+00:00,C001,0.5610652663293753,0.0,0.0,0.5610652663293753
2026-01-03 14:00:00+00:00,C001,0.5920031045903883,0.0,0.0,0.5920031045903883
2026-01-03 14:15:00+00:00,C001,0.7296658906841762,0.0,0.0,0.7296658906841762
2026-01-03 14:30:00+00:00,C001,0.7192589002769242,0.0,0.0,0.7192589002769242
2026-01-03 14:45:00+00:00,C001,0.7361344668362381,0.0,0.0,0.7361344668362381
2026-01-03 15:00:00+00:00,C001,0.7134887222952992,0.0,0.0,0.7134887222952992
2026-01-03 15:15:00+00:00,C001,0.793560831885814,0.0,0.0,0.793560831885814
2026-01-03 15:30:00+00:00,C001,0.8903549425438754,0.0,0.0,0.8903549425438754
2026-01-03 15:45:00+00:00,C001,0.8766684276242183,0.0,0.0,0.8766684276242183
2026-01-03 16:00:00+00:00,C001,0.9805145672087915,0.0,0.0,0.9805145672087915
2026-01-03 16:15:00+00:00,C001,1.0781917128730139,0.0,0.0,1.0781917128730139
2026-01-03 16:30:00+00:00,C001,1.2210083054709653,0.0,0.0,1.2210083054709653
2026-01-03 16:45:00+00:00,C001,1.2554532224684283,0.0,0.0,1.2554532224684283
2026-01-03 17:00:00+00:00,C001,1.2091524292308804,0.0,0.0,1.2091524292308804
2026-01-03 17:15:00+00:00,C001,1.4265193807443297,0.0,0.0,1.4265193807443297
2026-01-03 17:30:00+00:00,C001,1.4240071541623298,0.0,0.0,1.4240071541623298
2026-01-03 17:45:00+00:00,C001,1.5551453193268059,0.0,0.0,1.5551453193268059
2026-01-03 18:00:00+00:00,C001,1.569589908264207,0.0,0.0,1.569589908264207
2026-01-03 18:15:00+00:00,C001,1.5845829199482355,0.0,0.0,1.5845829199482355
2026-01-03 18:30:00+00:00,C001,1.7103807636349104,0.0,0.0,1.7103807636349104
2026-01-03 18:45:00+00:00,C001,1.585751135729749,0.0,0.0,1.585751135729749
2026-01-03 19:00:00+00:00,C001,1.6604561203033716,0.0,0.0,1.6604561203033716
2026-01-03 19:15:00+00:00,C001,1.722346171164401,0.0,0.0,1.722346171164401
2026-01-03 19:30:00+00:00,C001,1.6473954183937465,0.0,0.0,1.6473954183937465
2026-01-03 19:45:00+00:00,C001,1.515014792293643,0.0,0.0,1.515014792293643
2026-01-03 20:00:00+00:00,C001,1.6055358188210458,0.0,0.0,1.6055358188210458
2026-01-03 20:15:00+00:00,C001,1.4879430759858387,0.0,0.0,1.4879430759858387
2026-01-03 20:30:00+00:00,C001,1.3791948103532747,0.0,0.0,1.3791948103532747
2026-01-03 20:45:00+00:00,C001,1.2516297056784726,0.0,0.0,1.2516297056784726
2026-01-03 21:00:00+00:00,C001,1.3290788266785567,0.0,0.0,1.3290788266785567
2026-01-03 21:15:00+00:00,C001,1.1516616140458167,0.0,0.0,1.1516616140458167
2026-01-03 21:30:00+00:00,C001,1.0930719603422738,0.0,0.0,1.0930719603422738
2026-01-03 21:45:00+00:00,C001,0.9938819770323823,0.0,0.0,0.9938819770323823
2026-01-03 22:00:00+00:00,C001,0.9078832727939424,0.0,0.0,0.9078832727939424
2026-01-03 22:15:00+00:00,C001,0.9064899128185386,0.0,0.0,0.9064899128185386
2026-01-03 22:30:00+00:00,C001,0.8003414909750862,0.0,0.0,0.8003414909750862
2026-01-03 22:45:00+00:00,C001,0.7385880316207265,0.0,0.0,0.7385880316207265
2026-01-03 23:00:00+00:00,C001,0.7503562476550929,0.0,0.0,0.7503562476550929
2026-01-03 23:15:00+00:00,C001,0.6657749200396378,0.0,0.0,0.6657749200396378
2026-01-03 23:30:00+00:00,C001,0.6617634325253667,0.0,0.0,0.6617634325253667
2026-01-03 23:45:00+00:00,C001,0.6136936483853898,0.0,0.0,0.6136936483853898
2026-01-04 00:00:00+00:00,C001,0.462828796486451,0.0,0.0,0.462828796486451
2026-01-04 00:15:00+00:00,C001,0.45968849597587236,0.0,0.0,0.45968849597587236
2026-01-04 00:30:00+00:00,C001,0.44170208492375934,0.0,0.0,0.44170208492375934
2026-01-04 00:45:00+00:00,C001,0.49980762414003255,0.0,0.0,0.49980762414003255
2026-01-04 01:00:00+00:00,C001,0.4712269420360672,0.0,0.0,0.4712269420360672
2026-01-04 01:15:00+00:00,C001,0.45599149956815044,0.0,0.0,0.45599149956815044
2026-01-04 01:30:00+00:00,C001,0.49182541013139025,0.0,0.0,0.49182541013139025
2026-01-04 01:45:00+00:00,C001,0.4812276581145776,0.0,0.0,0.4812276581145776
2026-01-04 02:00:00+00:00,C001,0.559111455769523,0.0,0.0,0.559111455769523
2026-01-04 02:15:00+00:00,C001,0.47273413742033127,0.0,0.0,0.47273413742033127
2026-01-04 02:30:00+00:00,C001,0.5005158791749914,0.0,0.0,0.5005158791749914
2026-01-04 02:45:00+00:00,C001,0.5624672856023507,0.0,0.0,0.5624672856023507
2026-01-04 03:00:00+00:00,C001,0.5635830611339281,0.0,0.0,0.5635830611339281
2026-01-04 03:15:00+00:00,C001,0.5448586015671493,0.0,0.0,0.5448586015671493
2026-01-04 03:30:00+00:00,C001,0.5366274389692219,0.0,0.0,0.5366274389692219
2026-01-04 03:45:00+00:00,C001,0.6048989163653696,0.0,0.0,0.6048989163653696
2026-01-04 04:00:00+00:00,C001,0.5376855327133082,0.0,0.0,0.5376855327133082
2026-01-04 04:15:00+00:00,C001,0.5949121457993848,0.0,0.0,0.5949121457993848
2026-01-04 04:30:00+00:00,C001,0.6748709824796513,0.0,0.0,0.6748709824796513
2026-01-04 04:45:00+00:00,C001,0.7598022981028855,0.0,0.0,0.7598022981028855
2026-01-04 05:00:00+00:00,C001,0.77230680818972,0.0,0.0,0.77230680818972
2026-01-04 05:15:00+00:00,C001,0.8446857797969997,0.0,0.0,0.8446857797969997
2026-01-04 05:30:00+00:00,C001,0.9716692368320123,0.0,0.0,0.9716692368320123
2026-01-04 05:45:00+00:00,C001,1.117980359389576,0.0,0.0,1.117980359389576
2026-01-04 06:00:00+00:00,C001,1.091129487069967,0.0,0.0,1.091129487069967
2026-01-04 06:15:00+00:00,C001,1.2387871539560573,0.0,0.0,1.2387871539560573
2026-01-04 06:30:00+00:00,C001,1.4083908096613387,0.0,0.0,1.4083908096613387
2026-01-04 06:45:00+00:00,C001,1.3571241033815955,0.0,0.0,1.3571241033815955
2026-01-04 07:00:00+00:00,C001,1.5424674079342326,0.0,0.0,1.5424674079342326
2026-01-04 07:15:00+00:00,C001,1.495860180344763,0.0,0.0,1.495860180344763
2026-01-04 07:30:00+00:00,C001,1.5266816695098253,0.0,0.0,1.5266816695098253
2026-01-04 07:45:00+00:00,C001,1.5545343032298962,0.0,0.0,1.5545343032298962
2026-01-04 08:00:00+00:00,C001,1.428032648656223,0.0,0.0,1.428032648656223
2026-01-04 08:15:00+00:00,C001,1.391838776545712,0.0,0.0,1.391838776545712
2026-01-04 08:30:00+00:00,C001,1.3419858771283053,0.0,0.0,1.3419858771283053
2026-01-04 08:45:00+00:00,C001,1.291556945960683,0.0,0.0,1.291556945960683
2026-01-04 09:00:00+00:00,C001,1.1239519358066703,0.0,0.0,1.1239519358066703
2026-01-04 09:15:00+00:00,C001,1.0564502569104595,0.0,0.0,1.0564502569104595
2026-01-04 09:30:00+00:00,C001,1.020463188665184,0.0,0.0,1.020463188665184
2026-01-04 09:45:00+00:00,C001,0.8588565006460005,0.0,0.0,0.8588565006460005
2026-01-04 10:00:00+00:00,C001,0.8524065708416594,0.0,0.0,0.8524065708416594
2026-01-04 10:15:00+00:00,C001,0.7820351032847549,0.0,0.0,0.7820351032847549
2026-01-04 10:30:00+00:00,C001,0.758825265106971,0.0,0.0,0.758825265106971
2026-01-04 10:45:00+00:00,C001,0.6406601805531784,0.0,0.0,0.6406601805531784
2026-01-04 11:00:00+00:00,C001,0.6230960330191296,0.0,0.0,0.6230960330191296
2026-01-04 11:15:00+00:00,C001,0.6405743170189991,0.0,0.0,0.6405743170189991
2026-01-04 11:30:00+00:00,C001,0.61454250635982,0.0,0.0,0.61454250635982
2026-01-04 11:45:00+00:00,C001,0.5761809570030804,0.0,0.0,0.5761809570030804
2026-01-04 12:00:00+00:00,C001,0.5674232409647133,0.0,0.0,0.5674232409647133
2026-01-04 12:15:00+00:00,C001,0.5818313337649491,0.0,0.0,0.5818313337649491
2026-01-04 12:30:00+00:00,C001,0.5311545598187245,0.0,0.0,0.5311545598187245
2026-01-04 12:45:00+00:00,C001,0.5514643050683105,0.0,0.0,0.5514643050683105
2026-01-04 13:00:00+00:00,C001,0.6028077108406074,0.0,0.0,0.6028077108406074
2026-01-04 13:15:00+00:00,C001,0.6098679172441169,0.0,0.0,0.6098679172441169
2026-01-04 13:30:00+00:00,C001,0.5761661098890103,0.0,0.0,0.5761661098890103
2026-01-04 13:45:00+00:00,C001,0.5509374269086991,0.0,0.0,0.5509374269086991
2026-01-04 14:00:00+00:00,C001,0.5545408125872304,0.0,0.0,0.5545408125872304
2026-01-04 14:15:00+00:00,C001,0.6470296138024699,0.0,0.0,0.6470296138024699
2026-01-04 14:30:00+00:00,C001,0.6593007743625201,0.0,0.0,0.6593007743625201
2026-01-04 14:45:00+00:00,C001,0.7165173103173345,0.0,0.0,0.7165173103173345
2026-01-04 15:00:00+00:00,C001,0.7648368867551547,0.0,0.0,0.7648368867551547
2026-01-04 15:15:00+00:00,C001,0.7835273662907395,0.0,0.0,0.7835273662907395
2026-01-04 15:30:00+00:00,C001,0.8593770855270778,0.0,0.0,0.8593770855270778
2026-01-04 15:45:00+00:00,C001,0.9263531965293137,0.0,0.0,0.9263531965293137
2026-01-04 16:00:00+00:00,C001,1.0915567908961195,0.0,0.0,1.0915567908961195
2026-01-04 16:15:00+00:00,C001,1.1163364807223575,0.0,0.0,1.1163364807223575
2026-01-04 16:30:00+00:00,C001,1.1661962054281585,0.0,0.0,1.1661962054281585
2026-01-04 16:45:00+00:00,C001,1.2496606044308876,0.0,0.0,1.2496606044308876
2026-01-04 17:00:00+00:00,C001,1.3331578250992415,0.0,0.0,1.3331578250992415
2026-01-04 17:15:00+00:00,C001,1.4501159953416938,0.0,0.0,1.4501159953416938
2026-01-04 17:30:00+00:00,C001,1.578297485998491,0.0,0.0,1.578297485998491
2026-01-04 17:45:00+00:00,C001,1.5423579083116445,0.0,0.0,1.5423579083116445
2026-01-04 18:00:00+00:00,C001,1.655145757962954,0.0,0.0,1.655145757962954
2026-01-04 18:15:00+00:00,C001,1.5619264622149314,0.0,0.0,1.5619264622149314
2026-01-04 18:30:00+00:00,C001,1.705051936756895,0.0,0.0,1.705051936756895
2026-01-04 18:45:00+00:00,C001,1.8381754513768485,0.0,0.0,1.8381754513768485
2026-01-04 19:00:00+00:00,C001,1.7419710431112336,0.0,0.0,1.7419710431112336
2026-01-04 19:15:00+00:00,C001,1.7938948487525948,0.0,0.0,1.7938948487525948
2026-01-04 19:30:00+00:00,C001,1.6909721479521225,0.0,0.0,1.6909721479521225
2026-01-04 19:45:00+00:00,C001,1.7193347645144246,0.0,0.0,1.7193347645144246
2026-01-04 20:00:00+00:00,C001,1.6133996619232451,0.0,0.0,1.6133996619232451
2026-01-04 20:15:00+00:00,C001,1.5239764603831751,0.0,0.0,1.5239764603831751
2026-01-04 20:30:00+00:00,C001,1.4786495360525016,0.0,0.0,1.4786495360525016
2026-01-04 20:45:00+00:00,C001,1.3696083055597377,0.0,0.0,1.3696083055597377
2026-01-04 21:00:00+00:00,C001,1.3354350392772025,0.0,0.0,1.3354350392772025
2026-01-04 21:15:00+00:00,C001,1.272196781018506,0.0,0.0,1.272196781018506
2026-01-04 21:30:00+00:00,C001,1.13758926469913,0.0,0.0,1.13758926469913
2026-01-04 21:45:00+00:00,C001,1.044488933180881,0.0,0.0,1.044488933180881
2026-01-04 22:00:00+00:00,C001,0.9709705485397917,0.0,0.0,0.9709705485397917
2026-01-04 22:15:00+00:00,C001,0.9833506247294017,0.0,0.0,0.9833506247294017
2026-01-04 22:30:00+00:00,C001,0.8001438574345715,0.0,0.0,0.8001438574345715
2026-01-04 22:45:00+00:00,C001,0.8331405007714285,0.0,0.0,0.8331405007714285
2026-01-04 23:00:00+00:00,C001,0.8053548542447956,0.0,0.0,0.8053548542447956
2026-01-04 23:15:00+00:00,C001,0.6732491637156385,0.0,0.0,0.6732491637156385
2026-01-04 23:30:00+00:00,C001,0.6142077559988505,0.0,0.0,0.6142077559988505
2026-01-04 23:45:00+00:00,C001,0.6266153757980029,0.0,0.0,0.6266153757980029
2026-01-05 00:00:00+00:00,C001,0.5038373991006236,0.0,0.0,0.5038373991006236
2026-01-05 00:15:00+00:00,C001,0.4795014858270375,0.0,0.0,0.4795014858270375
2026-01-05 00:30:00+00:00,C001,0.4625790803800316,0.0,0.0,0.4625790803800316
2026-01-05 00:45:00+00:00,C001,0.48828511420595,0.0,0.0,0.48828511420595
2026-01-05 01:00:00+00:00,C001,0.4786373799790916,0.0,0.0,0.4786373799790916
2026-01-05 01:15:00+00:00,C001,0.5201183029071702,0.0,0.0,0.5201183029071702
2026-01-05 01:30:00+00:00,C001,0.5234595105872767,0.0,0.0,0.5234595105872767
2026-01-05 01:45:00+00:00,C001,0.5238362534254551,0.0,0.0,0.5238362534254551
2026-01-05 02:00:00+00:00,C001,0.4981825336718372,0.0,0.0,0.4981825336718372
2026-01-05 02:15:00+00:00,C001,0.510674491144745,0.0,0.0,0.510674491144745
2026-01-05 02:30:00+00:00,C001,0.47731825710579034,0.0,0.0,0.47731825710579034
2026-01-05 02:45:00+00:00,C001,0.47989436703987737,0.0,0.0,0.47989436703987737
2026-01-05 03:00:00+00:00,C001,0.5508431533253084,0.0,0.0,0.5508431533253084
2026-01-05 03:15:00+00:00,C001,0.5207224428627683,0.0,0.0,0.5207224428627683
2026-01-05 03:30:00+00:00,C001,0.548055393584162,0.0,0.0,0.548055393584162
2026-01-05 03:45:00+00:00,C001,0.5565009716683051,0.0,0.0,0.5565009716683051
2026-01-05 04:00:00+00:00,C001,0.5523657179573344,0.0,0.0,0.5523657179573344
2026-01-05 04:15:00+00:00,C001,0.5957378964344899,0.0,0.0,0.5957378964344899
2026-01-05 04:30:00+00:00,C001,0.6693357790819712,0.0,0.0,0.6693357790819712
2026-01-05 04:45:00+00:00,C001,0.7049778023666929,0.0,0.0,0.7049778023666929
2026-01-05 05:00:00+00:00,C001,0.6843301362959832,0.0,0.0,0.6843301362959832
2026-01-05 05:15:00+00:00,C001,0.8098117100849509,0.0,0.0,0.8098117100849509
2026-01-05 05:30:00+00:00,C001,0.9503425035922497,0.0,0.0,0.9503425035922497
2026-01-05 05:45:00+00:00,C001,0.9597212386604443,0.0,0.0,0.9597212386604443
2026-01-05 06:00:00+00:00,C001,1.0411630419067683,0.0,0.0,1.0411630419067683
2026-01-05 06:15:00+00:00,C001,1.2726194954869907,0.0,0.0,1.2726194954869907
2026-01-05 06:30:00+00:00,C001,1.3181638432060898,0.0,0.0,1.3181638432060898
2026-01-05 06:45:00+00:00,C001,1.382177173232495,0.0,0.0,1.382177173232495
2026-01-05 07:00:00+00:00,C001,1.3903441007036017,0.0,0.0,1.3903441007036017
2026-01-05 07:15:00+00:00,C001,1.4666090604720032,0.0,0.0,1.4666090604720032
2026-01-05 07:30:00+00:00,C001,1.4252313491338986,0.0,0.0,1.4252313491338986
2026-01-05 07:45:00+00:00,C001,1.4872461566640185,0.0,0.0,1.4872461566640185
2026-01-05 08:00:00+00:00,C001,1.398985718004889,0.0,0.0,1.398985718004889
2026-01-05 08:15:00+00:00,C001,1.322352471047752,0.0,0.0,1.322352471047752
2026-01-05 08:30:00+00:00,C001,1.2747943302408706,0.0,0.0,1.2747943302408706
2026-01-05 08:45:00+00:00,C001,1.1464013076146073,0.0,0.0,1.1464013076146073
2026-01-05 09:00:00+00:00,C001,1.1268123307152813,0.0,0.0,1.1268123307152813
2026-01-05 09:15:00+00:00,C001,0.9801924923900877,0.0,0.0,0.9801924923900877
2026-01-05 09:30:00+00:00,C001,0.8659199352887506,0.0,0.0,0.8659199352887506
2026-01-05 09:45:00+00:00,C001,0.8684419666235542,0.0,0.0,0.8684419666235542
2026-01-05 10:00:00+00:00,C001,0.7897679210708501,0.0,0.0,0.7897679210708501
2026-01-05 10:15:00+00:00,C001,0.7193298480147161,0.0,0.0,0.7193298480147161
2026-01-05 10:30:00+00:00,C001,0.656108700085649,0.0,0.0,0.656108700085649
2026-01-05 10:45:00+00:00,C001,0.5875005212235356,0.0,0.0,0.5875005212235356
2026-01-05 11:00:00+00:00,C001,0.6249153994651765,0.0,0.0,0.6249153994651765
2026-01-05 11:15:00+00:00,C001,0.5607846095489739,0.0,0.0,0.5607846095489739
2026-01-05 11:30:00+00:00,C001,0.5465989009043076,0.0,0.0,0.5465989009043076
2026-01-05 11:45:00+00:00,C001,0.5269324497850292,0.0,0.0,0.5269324497850292
2026-01-05 12:00:00+00:00,C001,0.5963090636482109,0.0,0.0,0.5963090636482109
2026-01-05 12:15:00+00:00,C001,0.4965838486706198,0.0,0.0,0.4965838486706198
2026-01-05 12:30:00+00:00,C001,0.5365825948616552,0.0,0.0,0.5365825948616552
2026-01-05 12:45:00+00:00,C001,0.4879969236410292,0.0,0.0,0.4879969236410292
2026-01-05 13:00:00+00:00,C001,0.5391688295640453,0.0,0.0,0.5391688295640453
2026-01-05 13:15:00+00:00,C001,0.5425427520810007,0.0,0.0,0.5425427520810007
2026-01-05 13:30:00+00:00,C001,0.5000088372267684,0.0,0.0,0.5000088372267684
2026-01-05 13:45:00+00:00,C001,0.5778070510412053,0.0,0.0,0.5778070510412053
2026-01-05 14:00:00+00:00,C001,0.5809037147541322,0.0,0.0,0.5809037147541322
2026-01-05 14:15:00+00:00,C001,0.547967566015979,0.0,0.0,0.547967566015979
2026-01-05 14:30:00+00:00,C001,0.6658268507332732,0.0,0.0,0.6658268507332732
2026-01-05 14:45:00+00:00,C001,0.7073040310935682,0.0,0.0,0.7073040310935682
2026-01-05 15:00:00+00:00,C001,0.774397705867219,0.0,0.0,0.774397705867219
2026-01-05 15:15:00+00:00,C001,0.8080572519605639,0.0,0.0,0.8080572519605639
2026-01-05 15:30:00+00:00,C001,0.8152950915238704,0.0,0.0,0.8152950915238704
2026-01-05 15:45:00+00:00,C001,0.9423419815662828,0.0,0.0,0.9423419815662828
2026-01-05 16:00:00+00:00,C001,0.9972796111469657,0.0,0.0,0.9972796111469657
2026-01-05 16:15:00+00:00,C001,1.0697287594421638,0.0,0.0,1.0697287594421638
2026-01-05 16:30:00+00:00,C001,1.0800649123416044,0.0,0.0,1.0800649123416044
2026-01-05 16:45:00+00:00,C001,1.1924006302072412,0.0,0.0,1.1924006302072412
2026-01-05 17:00:00+00:00,C001,1.2387152714698026,0.0,0.0,1.2387152714698026
2026-01-05 17:15:00+00:00,C001,1.2075403875144872,0.0,0.0,1.2075403875144872
2026-01-05 17:30:00+00:00,C001,1.4399233395964375,0.0,0.0,1.4399233395964375
2026-01-05 17:45:00+00:00,C001,1.595994902406003,0.0,0.0,1.595994902406003
2026-01-05 18:00:00+00:00,C001,1.5378509106443632,0.0,0.0,1.5378509106443632
2026-01-05 18:15:00+00:00,C001,1.6950346027108845,0.0,0.0,1.6950346027108845
2026-01-05 18:30:00+00:00,C001,1.6146039040672966,0.0,0.0,1.6146039040672966
2026-01-05 18:45:00+00:00,C001,1.6307654202898458,0.0,0.0,1.6307654202898458
2026-01-05 19:00:00+00:00,C001,1.6486988049156392,0.0,0.0,1.6486988049156392
2026-01-05 19:15:00+00:00,C001,1.6088352446962577,0.0,0.0,1.6088352446962577
2026-01-05 19:30:00+00:00,C001,1.6007501685579288,0.0,0.0,1.6007501685579288
2026-01-05 19:45:00+00:00,C001,1.7056276755766466,0.0,0.0,1.7056276755766466
2026-01-05 20:00:00+00:00,C001,1.6243009927678438,0.0,0.0,1.6243009927678438
2026-01-05 20:15:00+00:00,C001,1.4165793454920563,0.0,0.0,1.4165793454920563
2026-01-05 20:30:00+00:00,C001,1.4404652955072685,0.0,0.0,1.4404652955072685
2026-01-05 20:45:00+00:00,C001,1.2520629605256401,0.0,0.0,1.2520629605256401
2026-01-05 21:00:00+00:00,C001,1.2169509049614837,0.0,0.0,1.2169509049614837
2026-01-05 21:15:00+00:00,C001,1.1941803249315976,0.0,0.0,1.1941803249315976
2026-01-05 21:30:00+00:00,C001,1.1015770583980045,0.0,0.0,1.1015770583980045
2026-01-05 21:45:00+00:00,C001,1.0068858397833766,0.0,0.0,1.0068858397833766
2026-01-05 22:00:00+00:00,C001,0.97367009220903,0.0,0.0,0.97367009220903
2026-01-05 22:15:00+00:00,C001,0.8603901662795611,0.0,0.0,0.8603901662795611
2026-01-05 22:30:00+00:00,C001,0.8009794465945443,0.0,0.0,0.8009794465945443
2026-01-05 22:45:00+00:00,C001,0.7171912250599105,0.0,0.0,0.7171912250599105
2026-01-05 23:00:00+00:00,C001,0.73809998297557,0.0,0.0,0.73809998297557
2026-01-05 23:15:00+00:00,C001,0.6756806666304656,0.0,0.0,0.6756806666304656
2026-01-05 23:30:00+00:00,C001,0.6324848639230507,0.0,0.0,0.6324848639230507
2026-01-05 23:45:00+00:00,C001,0.503256614892622,0.0,0.0,0.503256614892622
2026-01-06 00:00:00+00:00,C001,0.43472400532619854,0.0,0.0,0.43472400532619854
2026-01-06 00:15:00+00:00,C001,0.48873934841839317,0.0,0.0,0.48873934841839317
2026-01-06 00:30:00+00:00,C001,0.4760752487459373,0.0,0.0,0.4760752487459373
2026-01-06 00:45:00+00:00,C001,0.40912112895127645,0.0,0.0,0.40912112895127645
2026-01-06 01:00:00+00:00,C001,0.5072471934445091,0.0,0.0,0.5072471934445091
2026-01-06 01:15:00+00:00,C001,0.4646096149191874,0.0,0.0,0.4646096149191874
2026-01-06 01:30:00+00:00,C001,0.5327755298855239,0.0,0.0,0.5327755298855239
2026-01-06 01:45:00+00:00,C001,0.48066157805475085,0.0,0.0,0.48066157805475085
2026-01-06 02:00:00+00:00,C001,0.5055499363368154,0.0,0.0,0.5055499363368154
2026-01-06 02:15:00+00:00,C001,0.5253496164838556,0.0,0.0,0.5253496164838556
2026-01-06 02:30:00+00:00,C001,0.46432606294734236,0.0,0.0,0.46432606294734236
2026-01-06 02:45:00+00:00,C001,0.4742211638612711,0.0,0.0,0.4742211638612711
2026-01-06 03:00:00+00:00,C001,0.51172156082516,0.0,0.0,0.51172156082516
2026-01-06 03:15:00+00:00,C001,0.5450227361575071,0.0,0.0,0.5450227361575071
2026-01-06 03:30:00+00:00,C001,0.5002139931453055,0.0,0.0,0.5002139931453055
2026-01-06 03:45:00+00:00,C001,0.49468809009864134,0.0,0.0,0.49468809009864134
2026-01-06 04:00:00+00:00,C001,0.6199227500458531,0.0,0.0,0.6199227500458531
2026-01-06 04:15:00+00:00,C001,0.5915818278030998,0.0,0.0,0.5915818278030998
2026-01-06 04:30:00+00:00,C001,0.6551973215089069,0.0,0.0,0.6551973215089069
2026-01-06 04:45:00+00:00,C001,0.6552974182239106,0.0,0.0,0.6552974182239106
2026-01-06 05:00:00+00:00,C001,0.7142279812214584,0.0,0.0,0.7142279812214584
2026-01-06 05:15:00+00:00,C001,0.8101493885512018,0.0,0.0,0.8101493885512018
2026-01-06 05:30:00+00:00,C001,0.9451158803535527,0.0,0.0,0.9451158803535527
2026-01-06 05:45:00+00:00,C001,0.9913947706727981,0.0,0.0,0.9913947706727981
2026-01-06 06:00:00+00:00,C001,1.2085869822518929,0.0,0.0,1.2085869822518929
2026-01-06 06:15:00+00:00,C001,1.163750828546418,0.0,0.0,1.163750828546418
2026-01-06 06:30:00+00:00,C001,1.1888161570983926,0.0,0.0,1.1888161570983926
2026-01-06 06:45:00+00:00,C001,1.4095586094710861,0.0,0.0,1.4095586094710861
2026-01-06 07:00:00+00:00,C001,1.4318274891793514,0.0,0.0,1.4318274891793514
2026-01-06 07:15:00+00:00,C001,1.4078184448518787,0.0,0.0,1.4078184448518787
2026-01-06 07:30:00+00:00,C001,1.491386111816333,0.0,0.0,1.491386111816333
2026-01-06 07:45:00+00:00,C001,1.5257047543934403,0.0,0.0,1.5257047543934403
2026-01-06 08:00:00+00:00,C001,1.4829985217255013,0.0,0.0,1.4829985217255013
2026-01-06 08:15:00+00:00,C001,1.3178216420799973,0.0,0.0,1.3178216420799973
2026-01-06 08:30:00+00:00,C001,1.260126001340957,0.0,0.0,1.260126001340957
2026-01-06 08:45:00+00:00,C001,1.1885775075503264,0.0,0.0,1.1885775075503264
2026-01-06 09:00:00+00:00,C001,1.0488116895755806,0.0,0.0,1.0488116895755806
2026-01-06 09:15:00+00:00,C001,1.0151901883692371,0.0,0.0,1.0151901883692371
2026-01-06 09:30:00+00:00,C001,0.9028990880807675,0.0,0.0,0.9028990880807675
2026-01-06 09:45:00+00:00,C001,0.8470003863799671,0.0,0.0,0.8470003863799671
2026-01-06 10:00:00+00:00,C001,0.8143953184235906,0.0,0.0,0.8143953184235906
2026-01-06 10:15:00+00:00,C001,0.7070881915113413,0.0,0.0,0.7070881915113413
2026-01-06 10:30:00+00:00,C001,0.6365319939073043,0.0,0.0,0.6365319939073043
2026-01-06 10:45:00+00:00,C001,0.6422262645385142,0.0,0.0,0.6422262645385142
2026-01-06 11:00:00+00:00,C001,0.5594324864067561,0.0,0.0,0.5594324864067561
2026-01-06 11:15:00+00:00,C001,0.5921767474471469,0.0,0.0,0.5921767474471469
2026-01-06 11:30:00+00:00,C001,0.5380679124425655,0.0,0.0,0.5380679124425655
2026-01-06 11:45:00+00:00,C001,0.5141352125529776,0.0,0.0,0.5141352125529776
2026-01-06 12:00:00+00:00,C001,0.5067240569807123,0.0,0.0,0.5067240569807123
2026-01-06 12:15:00+00:00,C001,0.5628878390895017,0.0,0.0,0.5628878390895017
2026-01-06 12:30:00+00:00,C001,0.5324979618901823,0.0,0.0,0.5324979618901823
2026-01-06 12:45:00+00:00,C001,0.5939318691180842,0.0,0.0,0.5939318691180842
2026-01-06 13:00:00+00:00,C001,0.5291503424067486,0.0,0.0,0.5291503424067486
2026-01-06 13:15:00+00:00,C001,0.5518393826607871,0.0,0.0,0.5518393826607871
2026-01-06 13:30:00+00:00,C001,0.6466094635242658,0.0,0.0,0.6466094635242658
2026-01-06 13:45:00+00:00,C001,0.5349284039488409,0.0,0.0,0.5349284039488409
2026-01-06 14:00:00+00:00,C001,0.5419833174950432,0.0,0.0,0.5419833174950432
2026-01-06 14:15:00+00:00,C001,0.6426042682908766,0.0,0.0,0.6426042682908766
2026-01-06 14:30:00+00:00,C001,0.652635022158872,0.0,0.0,0.652635022158872
2026-01-06 14:45:00+00:00,C001,0.694049520225882,0.0,0.0,0.694049520225882
2026-01-06 15:00:00+00:00,C001,0.7336935867029017,0.0,0.0,0.7336935867029017
2026-01-06 15:15:00+00:00,C001,0.7979689805384109,0.0,0.0,0.7979689805384109
2026-01-06 15:30:00+00:00,C001,0.8013916290155113,0.0,0.0,0.8013916290155113
2026-01-06 15:45:00+00:00,C001,0.8945365503862766,0.0,0.0,0.8945365503862766
2026-01-06 16:00:00+00:00,C001,0.9859264885238049,0.0,0.0,0.9859264885238049
2026-01-06 16:15:00+00:00,C001,1.0057249004977462,0.0,0.0,1.0057249004977462
2026-01-06 16:30:00+00:00,C001,1.0841219222948464,0.0,0.0,1.0841219222948464
2026-01-06 16:45:00+00:00,C001,1.2042506126657413,0.0,0.0,1.2042506126657413
2026-01-06 17:00:00+00:00,C001,1.1914131207972056,0.0,0.0,1.1914131207972056
2026-01-06 17:15:00+00:00,C001,1.3102824461889937,0.0,0.0,1.3102824461889937
2026-01-06 17:30:00+00:00,C001,1.414076593805644,0.0,0.0,1.414076593805644
2026-01-06 17:45:00+00:00,C001,1.446040039556686,0.0,0.0,1.446040039556686
2026-01-06 18:00:00+00:00,C001,1.5148660064868311,0.0,0.0,1.5148660064868311
2026-01-06 18:15:00+00:00,C001,1.5140585828922954,0.0,0.0,1.5140585828922954
2026-01-06 18:30:00+00:00,C001,1.5805419964416498,0.0,0.0,1.5805419964416498
2026-01-06 18:45:00+00:00,C001,1.6828744762082402,0.0,0.0,1.6828744762082402
2026-01-06 19:00:00+00:00,C001,1.7456248547124529,0.0,0.0,1.7456248547124529
2026-01-06 19:15:00+00:00,C001,1.6334012648028853,0.0,0.0,1.6334012648028853
2026-01-06 19:30:00+00:00,C001,1.669580875933676,0.0,0.0,1.669580875933676
2026-01-06 19:45:00+00:00,C001,1.5767681755386338,0.0,0.0,1.5767681755386338
2026-01-06 20:00:00+00:00,C001,1.5314000379011643,0.0,0.0,1.5314000379011643
2026-01-06 20:15:00+00:00,C001,1.5174561321422637,0.0,0.0,1.5174561321422637
2026-01-06 20:30:00+00:00,C001,1.4031389863964048,0.0,0.0,1.4031389863964048
2026-01-06 20:45:00+00:00,C001,1.244330706043647,0.0,0.0,1.244330706043647
2026-01-06 21:00:00+00:00,C001,1.2223862573850528,0.0,0.0,1.2223862573850528
2026-01-06 21:15:00+00:00,C001,1.1775740211197647,0.0,0.0,1.1775740211197647
2026-01-06 21:30:00+00:00,C001,1.062909498281769,0.0,0.0,1.062909498281769
2026-01-06 21:45:00+00:00,C001,1.0393641459227811,0.0,0.0,1.0393641459227811
2026-01-06 22:00:00+00:00,C001,0.8851578391847031,0.0,0.0,0.8851578391847031
2026-01-06 22:15:00+00:00,C001,0.8018995182689128,0.0,0.0,0.8018995182689128
2026-01-06 22:30:00+00:00,C001,0.8160381253879998,0.0,0.0,0.8160381253879998
2026-01-06 22:45:00+00:00,C001,0.6809847114689749,0.0,0.0,0.6809847114689749
2026-01-06 23:00:00+00:00,C001,0.6732080294038583,0.0,0.0,0.6732080294038583
2026-01-06 23:15:00+00:00,C001,0.6928042910901561,0.0,0.0,0.6928042910901561
2026-01-06 23:30:00+00:00,C001,0.5474076878947775,0.0,0.0,0.5474076878947775
2026-01-06 23:45:00+00:00,C001,0.5565562191882075,0.0,0.0,0.5565562191882075
2026-01-07 00:00:00+00:00,C001,0.4148270707356273,0.0,0.0,0.4148270707356273
2026-01-07 00:15:00+00:00,C001,0.4479345305657843,0.0,0.0,0.4479345305657843
2026-01-07 00:30:00+00:00,C001,0.4560574595430627,0.0,0.0,0.4560574595430627
2026-01-07 00:45:00+00:00,C001,0.5067631381548495,0.0,0.0,0.5067631381548495
2026-01-07 01:00:00+00:00,C001,0.5225655769146156,0.0,0.0,0.5225655769146156
2026-01-07 01:15:00+00:00,C001,0.5008610456970316,0.0,0.0,0.5008610456970316
2026-01-07 01:30:00+00:00,C001,0.48615883533497745,0.0,0.0,0.48615883533497745
2026-01-07 01:45:00+00:00,C001,0.5046799317881815,0.0,0.0,0.5046799317881815
2026-01-07 02:00:00+00:00,C001,0.4546295784653703,0.0,0.0,0.4546295784653703
2026-01-07 02:15:00+00:00,C001,0.4987821109113092,0.0,0.0,0.4987821109113092
2026-01-07 02:30:00+00:00,C001,0.4741784398324843,0.0,0.0,0.4741784398324843
2026-01-07 02:45:00+00:00,C001,0.5354236073081139,0.0,0.0,0.5354236073081139
2026-01-07 03:00:00+00:00,C001,0.5432435938945976,0.0,0.0,0.5432435938945976
2026-01-07 03:15:00+00:00,C001,0.5102843367140244,0.0,0.0,0.5102843367140244
2026-01-07 03:30:00+00:00,C001,0.5382162093126852,0.0,0.0,0.5382162093126852
2026-01-07 03:45:00+00:00,C001,0.5577911673311997,0.0,0.0,0.5577911673311997
2026-01-07 04:00:00+00:00,C001,0.46586628054358215,0.0,0.0,0.46586628054358215
2026-01-07 04:15:00+00:00,C001,0.6263115634080083,0.0,0.0,0.6263115634080083
2026-01-07 04:30:00+00:00,C001,0.6484902480231897,0.0,0.0,0.6484902480231897
2026-01-07 04:45:00+00:00,C001,0.6888204249008478,0.0,0.0,0.6888204249008478
2026-01-07 05:00:00+00:00,C001,0.7719154303061658,0.0,0.0,0.7719154303061658
2026-01-07 05:15:00+00:00,C001,0.7998543727821196,0.0,0.0,0.7998543727821196
2026-01-07 05:30:00+00:00,C001,0.8542962791939104,0.0,0.0,0.8542962791939104
2026-01-07 05:45:00+00:00,C001,1.0067460844766813,0.0,0.0,1.0067460844766813
2026-01-07 06:00:00+00:00,C001,1.067141170644408,0.0,0.0,1.067141170644408
2026-01-07 06:15:00+00:00,C001,1.18327705103631,0.0,0.0,1.18327705103631
2026-01-07 06:30:00+00:00,C001,1.233781608202619,0.0,0.0,1.233781608202619
2026-01-07 06:45:00+00:00,C001,1.3937068618007113,0.0,0.0,1.3937068618007113
2026-01-07 07:00:00+00:00,C001,1.3516501903134355,0.0,0.0,1.3516501903134355
2026-01-07 07:15:00+00:00,C001,1.4235184788560853,0.0,0.0,1.4235184788560853
2026-01-07 07:30:00+00:00,C001,1.487193681187622,0.0,0.0,1.487193681187622
2026-01-07 07:45:00+00:00,C001,1.3328474867038353,0.0,0.0,1.3328474867038353
2026-01-07 08:00:00+00:00,C001,1.4427321575818621,0.0,0.0,1.4427321575818621
2026-01-07 08:15:00+00:00,C001,1.2963975615860084,0.0,0.0,1.2963975615860084
2026-01-07 08:30:00+00:00,C001,1.2665855486723405,0.0,0.0,1.2665855486723405
2026-01-07 08:45:00+00:00,C001,1.1328465047134888,0.0,0.0,1.1328465047134888
2026-01-07 09:00:00+00:00,C001,1.1024935656077175,0.0,0.0,1.1024935656077175
2026-01-07 09:15:00+00:00,C001,1.0462463335747574,0.0,0.0,1.0462463335747574
2026-01-07 09:30:00+00:00,C001,0.8748716291302532,0.0,0.0,0.8748716291302532
2026-01-07 09:45:00+00:00,C001,0.8062726827514229,0.0,0.0,0.8062726827514229
2026-01-07 10:00:00+00:00,C001,0.7051179101208879,0.0,0.0,0.7051179101208879
2026-01-07 10:15:00+00:00,C001,0.7438678215739757,0.0,0.0,0.7438678215739757
2026-01-07 10:30:00+00:00,C001,0.6405011824708656,0.0,0.0,0.6405011824708656
2026-01-07 10:45:00+00:00,C001,0.5936822505235454,0.0,0.0,0.5936822505235454
2026-01-07 11:00:00+00:00,C001,0.573930405990546,0.0,0.0,0.573930405990546
2026-01-07 11:15:00+00:00,C001,0.5317148298304637,0.0,0.0,0.5317148298304637
2026-01-07 11:30:00+00:00,C001,0.5355574873603124,0.0,0.0,0.5355574873603124
2026-01-07 11:45:00+00:00,C001,0.614546044608375,0.0,0.0,0.614546044608375
2026-01-07 12:00:00+00:00,C001,0.56545263598706,0.0,0.0,0.56545263598706
2026-01-07 12:15:00+00:00,C001,0.5041399484463508,0.0,0.0,0.5041399484463508
2026-01-07 12:30:00+00:00,C001,0.547114897036509,0.0,0.0,0.547114897036509
2026-01-07 12:45:00+00:00,C001,0.4871870038541947,0.0,0.0,0.4871870038541947
2026-01-07 13:00:00+00:00,C001,0.4866358669596239,0.0,0.0,0.4866358669596239
2026-01-07 13:15:00+00:00,C001,0.5917609322299477,0.0,0.0,0.5917609322299477
2026-01-07 13:30:00+00:00,C001,0.565478252218467,0.0,0.0,0.565478252218467
2026-01-07 13:45:00+00:00,C001,0.5657912756556734,0.0,0.0,0.5657912756556734
2026-01-07 14:00:00+00:00,C001,0.5709690360746846,0.0,0.0,0.5709690360746846
2026-01-07 14:15:00+00:00,C001,0.6220630169105225,0.0,0.0,0.6220630169105225
2026-01-07 14:30:00+00:00,C001,0.6601078815861076,0.0,0.0,0.6601078815861076
2026-01-07 14:45:00+00:00,C001,0.6847689159526504,0.0,0.0,0.6847689159526504
2026-01-07 15:00:00+00:00,C001,0.7020299785948537,0.0,0.0,0.7020299785948537
2026-01-07 15:15:00+00:00,C001,0.7280409033009895,0.0,0.0,0.7280409033009895
2026-01-07 15:30:00+00:00,C001,0.8085665445097345,0.0,0.0,0.8085665445097345
2026-01-07 15:45:00+00:00,C001,0.8992811969828955,0.0,0.0,0.8992811969828955
2026-01-07 16:00:00+00:00,C001,0.9308554823343407,0.0,0.0,0.9308554823343407
2026-01-07 16:15:00+00:00,C001,1.0216288912331977,0.0,0.0,1.0216288912331977
2026-01-07 16:30:00+00:00,C001,1.0540017701118878,0.0,0.0,1.0540017701118878
2026-01-07 16:45:00+00:00,C001,1.1908143064713528,0.0,0.0,1.1908143064713528
2026-01-07 17:00:00+00:00,C001,1.2873012790978997,0.0,0.0,1.2873012790978997
2026-01-07 17:15:00+00:00,C001,1.285682244571457,0.0,0.0,1.285682244571457
2026-01-07 17:30:00+00:00,C001,1.287173729576385,0.0,0.0,1.287173729576385
2026-01-07 17:45:00+00:00,C001,1.4703847495096238,0.0,0.0,1.4703847495096238
2026-01-07 18:00:00+00:00,C001,1.5389513302558058,0.0,0.0,1.5389513302558058
2026-01-07 18:15:00+00:00,C001,1.5238847884659195,0.0,0.0,1.5238847884659195
2026-01-07 18:30:00+00:00,C001,1.4706752089418977,0.0,0.0,1.4706752089418977
2026-01-07 18:45:00+00:00,C001,1.49182359635806,0.0,0.0,1.49182359635806
2026-01-07 19:00:00+00:00,C001,1.6259748793238848,0.0,0.0,1.6259748793238848
2026-01-07 19:15:00+00:00,C001,1.6638561237082554,0.0,0.0,1.6638561237082554
2026-01-07 19:30:00+00:00,C001,1.5749418925546268,0.0,0.0,1.5749418925546268
2026-01-07 19:45:00+00:00,C001,1.556052401693137,0.0,0.0,1.556052401693137
2026-01-07 20:00:00+00:00,C001,1.5245564749339353,0.0,0.0,1.5245564749339353
2026-01-07 20:15:00+00:00,C001,1.3894976326049362,0.0,0.0,1.3894976326049362
2026-01-07 20:30:00+00:00,C001,1.2965677961053519,0.0,0.0,1.2965677961053519
2026-01-07 20:45:00+00:00,C001,1.2570138122745853,0.0,0.0,1.2570138122745853
2026-01-07 21:00:00+00:00,C001,1.348970748388611,0.0,0.0,1.348970748388611
2026-01-07 21:15:00+00:00,C001,1.135169008615072,0.0,0.0,1.135169008615072
2026-01-07 21:30:00+00:00,C001,1.0393103549303373,0.0,0.0,1.0393103549303373
2026-01-07 21:45:00+00:00,C001,0.9842427618614452,0.0,0.0,0.9842427618614452
2026-01-07 22:00:00+00:00,C001,0.8604331576530952,0.0,0.0,0.8604331576530952
2026-01-07 22:15:00+00:00,C001,0.9001114386207186,0.0,0.0,0.9001114386207186
2026-01-07 22:30:00+00:00,C001,0.7712835415538266,0.0,0.0,0.7712835415538266
2026-01-07 22:45:00+00:00,C001,0.7185369809452752,0.0,0.0,0.7185369809452752
2026-01-07 23:00:00+00:00,C001,0.7031357208683098,0.0,0.0,0.7031357208683098
2026-01-07 23:15:00+00:00,C001,0.6686390864932885,0.0,0.0,0.6686390864932885
2026-01-07 23:30:00+00:00,C001,0.582153859576802,0.0,0.0,0.582153859576802
2026-01-07 23:45:00+00:00,C001,0.5579087075851987,0.0,0.0,0.5579087075851987
2026-01-01 00:00:00+00:00,C002,1.7433334934383156,0.0,0.0,1.7433334934383156
2026-01-01 00:15:00+00:00,C002,1.7696640721157628,0.0,0.0,1.7696640721157628
2026-01-01 00:30:00+00:00,C002,1.7280383795710788,0.0,0.0,1.7280383795710788
2026-01-01 00:45:00+00:00,C002,1.8530517249965692,0.0,0.0,1.8530517249965692
2026-01-01 01:00:00+00:00,C002,1.8694803606008206,0.0,0.0,1.8694803606008206
2026-01-01 01:15:00+00:00,C002,1.8158325780621363,0.0,0.0,1.8158325780621363
2026-01-01 01:30:00+00:00,C002,1.797406947594781,0.0,0.0,1.797406947594781
2026-01-01 01:45:00+00:00,C002,1.9314151679770801,0.0,0.0,1.9314151679770801
2026-01-01 02:00:00+00:00,C002,1.907071062812412,0.0,0.0,1.907071062812412
2026-01-01 02:15:00+00:00,C002,1.9435535852926218,0.0,0.0,1.9435535852926218
2026-01-01 02:30:00+00:00,C002,1.8422074655273195,0.0,0.0,1.8422074655273195
2026-01-01 02:45:00+00:00,C002,1.9137560122723836,0.0,0.0,1.9137560122723836
2026-01-01 03:00:00+00:00,C002,1.8713937215602994,0.0,0.0,1.8713937215602994
2026-01-01 03:15:00+00:00,C002,1.8731813443663878,0.0,0.0,1.8731813443663878
2026-01-01 03:30:00+00:00,C002,1.9917830113378825,0.0,0.0,1.9917830113378825
2026-01-01 03:45:00+00:00,C002,2.046279504375522,0.0,0.0,2.046279504375522
2026-01-01 04:00:00+00:00,C002,1.8872550559894115,0.0,0.0,1.8872550559894115
2026-01-01 04:15:00+00:00,C002,1.9524277376178145,0.0,0.0,1.9524277376178145
2026-01-01 04:30:00+00:00,C002,1.9666375043651358,0.0,0.0,1.9666375043651358
2026-01-01 04:45:00+00:00,C002,2.123296697398325,0.0,0.0,2.123296697398325
2026-01-01 05:00:00+00:00,C002,1.8817315557988026,0.0,0.0,1.8817315557988026
2026-01-01 05:15:00+00:00,C002,2.0635285444497717,0.0,0.0,2.0635285444497717
2026-01-01 05:30:00+00:00,C002,1.8896113202863725,0.0,0.0,1.8896113202863725
2026-01-01 05:45:00+00:00,C002,1.9960819003783428,0.0,0.0,1.9960819003783428
2026-01-01 06:00:00+00:00,C002,2.031770302621404,0.0,0.0,2.031770302621404
2026-01-01 06:15:00+00:00,C002,2.031178164174846,0.0,0.0,2.031178164174846
2026-01-01 06:30:00+00:00,C002,1.997728404075237,0.0,0.0,1.997728404075237
2026-01-01 06:45:00+00:00,C002,2.0466114297466245,0.0,0.0,2.0466114297466245
2026-01-01 07:00:00+00:00,C002,2.0096431799125978,0.0,0.0,2.0096431799125978
2026-01-01 07:15:00+00:00,C002,1.9451112775919088,0.0,0.0,1.9451112775919088
2026-01-01 07:30:00+00:00,C002,2.0460143377589652,0.0,0.0,2.0460143377589652
2026-01-01 07:45:00+00:00,C002,2.1369070515660225,0.0,0.0,2.1369070515660225
2026-01-01 08:00:00+00:00,C002,11.9288595796611,0.0,0.0,11.9288595796611
2026-01-01 08:15:00+00:00,C002,11.01223426038671,0.0,0.0,11.01223426038671
2026-01-01 08:30:00+00:00,C002,11.468348615079023,0.0,0.0,11.468348615079023
2026-01-01 08:45:00+00:00,C002,11.49892926819619,0.0,0.0,11.49892926819619
2026-01-01 09:00:00+00:00,C002,11.041111501936241,0.0,0.0,11.041111501936241
2026-01-01 09:15:00+00:00,C002,11.573659902020486,0.0,0.0,11.573659902020486
2026-01-01 09:30:00+00:00,C002,11.488590144562107,0.0,0.0,11.488590144562107
2026-01-01 09:45:00+00:00,C002,11.934129763622371,0.0,0.0,11.934129763622371
2026-01-01 10:00:00+00:00,C002,11.90352844900452,0.0,0.0,11.90352844900452
2026-01-01 10:15:00+00:00,C002,10.496769765076087,0.0,0.0,10.496769765076087
2026-01-01 10:30:00+00:00,C002,12.321590135423987,0.0,0.0,12.321590135423987
2026-01-01 10:45:00+00:00,C002,10.747597486960819,0.0,0.0,10.747597486960819
2026-01-01 11:00:00+00:00,C002,11.447968538241616,0.0,0.0,11.447968538241616
2026-01-01 11:15:00+00:00,C002,11.359912132299929,0.0,0.0,11.359912132299929
2026-01-01 11:30:00+00:00,C002,10.418202463000451,0.0,0.0,10.418202463000451
2026-01-01 11:45:00+00:00,C002,11.04023560685239,0.0,0.0,11.04023560685239
2026-01-01 12:00:00+00:00,C002,10.652776288199872,0.0,0.0,10.652776288199872
2026-01-01 12:15:00+00:00,C002,10.947244718483443,0.0,0.0,10.947244718483443
2026-01-01 12:30:00+00:00,C002,10.705546346379215,0.0,0.0,10.705546346379215
2026-01-01 12:45:00+00:00,C002,10.913791153572893,0.0,0.0,10.913791153572893
2026-01-01 13:00:00+00:00,C002,10.83208997698534,0.0,0.0,10.83208997698534
2026-01-01 13:15:00+00:00,C002,10.438921950363003,0.0,0.0,10.438921950363003
2026-01-01 13:30:00+00:00,C002,10.84905611041017,0.0,0.0,10.84905611041017
2026-01-01 13:45:00+00:00,C002,10.609904479283392,0.0,0.0,10.609904479283392
2026-01-01 14:00:00+00:00,C002,10.50722901098893,0.0,0.0,10.50722901098893
2026-01-01 14:15:00+00:00,C002,9.58800179603255,0.0,0.0,9.58800179603255
2026-01-01 14:30:00+00:00,C002,9.821988904288071,0.0,0.0,9.821988904288071
2026-01-01 14:45:00+00:00,C002,9.561192414506621,0.0,0.0,9.561192414506621
2026-01-01 15:00:00+00:00,C002,9.970640189010929,0.0,0.0,9.970640189010929
2026-01-01 15:15:00+00:00,C002,10.120541467648993,0.0,0.0,10.120541467648993
2026-01-01 15:30:00+00:00,C002,10.005176393816742,0.0,0.0,10.005176393816742
2026-01-01 15:45:00+00:00,C002,9.464709061686445,0.0,0.0,9.464709061686445
2026-01-01 16:00:00+00:00,C002,9.890391457258099,0.0,0.0,9.890391457258099
2026-01-01 16:15:00+00:00,C002,9.778963883771008,0.0,0.0,9.778963883771008
2026-01-01 16:30:00+00:00,C002,9.568135901470502,0.0,0.0,9.568135901470502
2026-01-01 16:45:00+00:00,C002,9.1732811509209,0.0,0.0,9.1732811509209
2026-01-01 17:00:00+00:00,C002,9.62924780531509,0.0,0.0,9.62924780531509
2026-01-01 17:15:00+00:00,C002,9.253826351092698,0.0,0.0,9.253826351092698
2026-01-01 17:30:00+00:00,C002,9.473662759594689,0.0,0.0,9.473662759594689
2026-01-01 17:45:00+00:00,C002,9.243775210895304,0.0,0.0,9.243775210895304
2026-01-01 18:00:00+00:00,C002,8.979700486275005,0.0,0.0,8.979700486275005
2026-01-01 18:15:00+00:00,C002,8.491234825155228,0.0,0.0,8.491234825155228
2026-01-01 18:30:00+00:00,C002,9.184045652083169,0.0,0.0,9.184045652083169
2026-01-01 18:45:00+00:00,C002,8.604642589649727,0.0,0.0,8.604642589649727
2026-01-01 19:00:00+00:00,C002,10.00773417632818,0.0,0.0,10.00773417632818
2026-01-01 19:15:00+00:00,C002,8.566112679236932,0.0,0.0,8.566112679236932
2026-01-01 19:30:00+00:00,C002,8.410631743804334,0.0,0.0,8.410631743804334
2026-01-01 19:45:00+00:00,C002,9.13019008361578,0.0,0.0,9.13019008361578
2026-01-01 20:00:00+00:00,C002,9.287119270395293,0.0,0.0,9.287119270395293
2026-01-01 20:15:00+00:00,C002,9.054293118025015,0.0,0.0,9.054293118025015
2026-01-01 20:30:00+00:00,C002,9.160726010633036,0.0,0.0,9.160726010633036
2026-01-01 20:45:00+00:00,C002,8.414660184639125,0.0,0.0,8.414660184639125
2026-01-01 21:00:00+00:00,C002,1.6114171243413635,0.0,0.0,1.6114171243413635
2026-01-01 21:15:00+00:00,C002,1.5351988910019378,0.0,0.0,1.5351988910019378
2026-01-01 21:30:00+00:00,C002,1.5250566218443955,0.0,0.0,1.5250566218443955
2026-01-01 21:45:00+00:00,C002,1.6286025428426987,0.0,0.0,1.6286025428426987
2026-01-01 22:00:00+00:00,C002,1.4853278930236335,0.0,0.0,1.4853278930236335
2026-01-01 22:15:00+00:00,C002,1.5452557225001187,0.0,0.0,1.5452557225001187
2026-01-01 22:30:00+00:00,C002,1.5900349870369708,0.0,0.0,1.5900349870369708
2026-01-01 22:45:00+00:00,C002,1.6078857610010637,0.0,0.0,1.6078857610010637
2026-01-01 23:00:00+00:00,C002,1.7001778410166006,0.0,0.0,1.7001778410166006
2026-01-01 23:15:00+00:00,C002,1.692841380026911,0.0,0.0,1.692841380026911
2026-01-01 23:30:00+00:00,C002,1.7966604302364635,0.0,0.0,1.7966604302364635
2026-01-01 23:45:00+00:00,C002,1.7909636876605806,0.0,0.0,1.7909636876605806
2026-01-02 00:00:00+00:00,C002,1.8224339834996814,0.0,0.0,1.8224339834996814
2026-01-02 00:15:00+00:00,C002,1.7532001520846618,0.0,0.0,1.7532001520846618
2026-01-02 00:30:00+00:00,C002,1.7351614918533327,0.0,0.0,1.7351614918533327
2026-01-02 00:45:00+00:00,C002,1.8076874842065538,0.0,0.0,1.8076874842065538
2026-01-02 01:00:00+00:00,C002,1.7795259375184158,0.0,0.0,1.7795259375184158
2026-01-02 01:15:00+00:00,C002,1.7014313909134955,0.0,0.0,1.7014313909134955
2026-01-02 01:30:00+00:00,C002,1.7765276826006153,0.0,0.0,1.7765276826006153
2026-01-02 01:45:00+00:00,C002,1.7222130482751556,0.0,0.0,1.7222130482751556
2026-01-02 02:00:00+00:00,C002,1.8729490908255657,0.0,0.0,1.8729490908255657
2026-01-02 02:15:00+00:00,C002,1.8281039927746103,0.0,0.0,1.8281039927746103
2026-01-02 02:30:00+00:00,C002,1.8307787698508453,0.0,0.0,1.8307787698508453
2026-01-02 02:45:00+00:00,C002,1.8233881639017617,0.0,0.0,1.8233881639017617
2026-01-02 03:00:00+00:00,C002,1.760965860750394,0.0,0.0,1.760965860750394
2026-01-02 03:15:00+00:00,C002,2.009114523523334,0.0,0.0,2.009114523523334
2026-01-02 03:30:00+00:00,C002,1.8848769725045134,0.0,0.0,1.8848769725045134
2026-01-02 03:45:00+00:00,C002,1.8420415304034563,0.0,0.0,1.8420415304034563
2026-01-02 04:00:00+00:00,C002,1.9959421685630254,0.0,0.0,1.9959421685630254
2026-01-02 04:15:00+00:00,C002,1.943969744420854,0.0,0.0,1.943969744420854
2026-01-02 04:30:00+00:00,C002,1.8453359405723586,0.0,0.0,1.8453359405723586
2026-01-02 04:45:00+00:00,C002,2.043363754594825,0.0,0.0,2.043363754594825
2026-01-02 05:00:00+00:00,C002,1.919483961589118,0.0,0.0,1.919483961589118
2026-01-02 05:15:00+00:00,C002,1.9449732571494591,0.0,0.0,1.9449732571494591
2026-01-02 05:30:00+00:00,C002,1.929289349667143,0.0,0.0,1.929289349667143
2026-01-02 05:45:00+00:00,C002,2.0792902942531004,0.0,0.0,2.0792902942531004
2026-01-02 06:00:00+00:00,C002,2.0356504191212923,0.0,0.0,2.0356504191212923
2026-01-02 06:15:00+00:00,C002,1.9145808251684073,0.0,0.0,1.9145808251684073
2026-01-02 06:30:00+00:00,C002,2.040819523149061,0.0,0.0,2.040819523149061
2026-01-02 06:45:00+00:00,C002,1.934062797380534,0.0,0.0,1.934062797380534
2026-01-02 07:00:00+00:00,C002,2.12128887463569,0.0,0.0,2.12128887463569
2026-01-02 07:15:00+00:00,C002,2.009562044384508,0.0,0.0,2.009562044384508
2026-01-02 07:30:00+00:00,C002,1.8185201716630863,0.0,0.0,1.8185201716630863
2026-01-02 07:45:00+00:00,C002,2.0931125985557237,0.0,0.0,2.0931125985557237
2026-01-02 08:00:00+00:00,C002,12.153337072276102,0.0,0.0,12.153337072276102
2026-01-02 08:15:00+00:00,C002,12.061552271905175,0.0,0.0,12.061552271905175
2026-01-02 08:30:00+00:00,C002,12.042425030349017,0.0,0.0,12.042425030349017
2026-01-02 08:45:00+00:00,C002,11.08543059585564,0.0,0.0,11.08543059585564
2026-01-02 09:00:00+00:00,C002,11.437380358853384,0.0,0.0,11.437380358853384
2026-01-02 09:15:00+00:00,C002,10.9429820368554,0.0,0.0,10.9429820368554
2026-01-02 09:30:00+00:00,C002,11.531121353746746,0.0,0.0,11.531121353746746
2026-01-02 09:45:00+00:00,C002,10.814107655622688,0.0,0.0,10.814107655622688
2026-01-02 10:00:00+00:00,C002,10.771559332873649,0.0,0.0,10.771559332873649
2026-01-02 10:15:00+00:00,C002,10.61711340435196,0.0,0.0,10.61711340435196
2026-01-02 10:30:00+00:00,C002,10.934119735350952,0.0,0.0,10.934119735350952
2026-01-02 10:45:00+00:00,C002,10.66063252096039,0.0,0.0,10.66063252096039
2026-01-02 11:00:00+00:00,C002,10.907315543513395,0.0,0.0,10.907315543513395
2026-01-02 11:15:00+00:00,C002,10.49692712666972,0.0,0.0,10.49692712666972
2026-01-02 11:30:00+00:00,C002,11.056297776315951,0.0,0.0,11.056297776315951
2026-01-02 11:45:00+00:00,C002,10.365859928616683,0.0,0.0,10.365859928616683
2026-01-02 12:00:00+00:00,C002,11.114576455659762,0.0,0.0,11.114576455659762
2026-01-02 12:15:00+00:00,C002,11.076068161964995,0.0,0.0,11.076068161964995
2026-01-02 12:30:00+00:00,C002,10.99437774888812,0.0,0.0,10.99437774888812
2026-01-02 12:45:00+00:00,C002,10.15906288433996,0.0,0.0,10.15906288433996
2026-01-02 13:00:00+00:00,C002,9.151567849547781,0.0,0.0,9.151567849547781
2026-01-02 13:15:00+00:00,C002,9.589100510188407,0.0,0.0,9.589100510188407
2026-01-02 13:30:00+00:00,C002,10.711166788616834,0.0,0.0,10.711166788616834
2026-01-02 13:45:00+00:00,C002,10.150128615703435,0.0,0.0,10.150128615703435
2026-01-02 14:00:00+00:00,C002,10.067485505512344,0.0,0.0,10.067485505512344
2026-01-02 14:15:00+00:00,C002,10.60320060162524,0.0,0.0,10.60320060162524
2026-01-02 14:30:00+00:00,C002,10.299015014773234,0.0,0.0,10.299015014773234
2026-01-02 14:45:00+00:00,C002,9.435351639096687,0.0,0.0,9.435351639096687
2026-01-02 15:00:00+00:00,C002,9.569640154451212,0.0,0.0,9.569640154451212
2026-01-02 15:15:00+00:00,C002,9.382060882069027,0.0,0.0,9.382060882069027
2026-01-02 15:30:00+00:00,C002,9.716636064040994,0.0,0.0,9.716636064040994
2026-01-02 15:45:00+00:00,C002,10.244102363037156,0.0,0.0,10.244102363037156
2026-01-02 16:00:00+00:00,C002,9.728950675854685,0.0,0.0,9.728950675854685
2026-01-02 16:15:00+00:00,C002,9.71296965934952,0.0,0.0,9.71296965934952
2026-01-02 16:30:00+00:00,C002,9.211979793112492,0.0,0.0,9.211979793112492
2026-01-02 16:45:00+00:00,C002,8.980645060336336,0.0,0.0,8.980645060336336
2026-01-02 17:00:00+00:00,C002,9.218666621277853,0.0,0.0,9.218666621277853
2026-01-02 17:15:00+00:00,C002,9.171223002555813,0.0,0.0,9.171223002555813
2026-01-02 17:30:00+00:00,C002,8.077689423226886,0.0,0.0,8.077689423226886
2026-01-02 17:45:00+00:00,C002,8.253653457587419,0.0,0.0,8.253653457587419
2026-01-02 18:00:00+00:00,C002,8.661441913516592,0.0,0.0,8.661441913516592
2026-01-02 18:15:00+00:00,C002,9.087092266860052,0.0,0.0,9.087092266860052
2026-01-02 18:30:00+00:00,C002,9.044103543519158,0.0,0.0,9.044103543519158
2026-01-02 18:45:00+00:00,C002,8.821729239815,0.0,0.0,8.821729239815
2026-01-02 19:00:00+00:00,C002,9.527023995151858,0.0,0.0,9.527023995151858
2026-01-02 19:15:00+00:00,C002,8.648570410350667,0.0,0.0,8.648570410350667
2026-01-02 19:30:00+00:00,C002,9.03927779667123,0.0,0.0,9.03927779667123
2026-01-02 19:45:00+00:00,C002,8.850364090933702,0.0,0.0,8.850364090933702
2026-01-02 20:00:00+00:00,C002,8.261465311816634,0.0,0.0,8.261465311816634
2026-01-02 20:15:00+00:00,C002,8.768712330128658,0.0,0.0,8.768712330128658
2026-01-02 20:30:00+00:00,C002,8.328528189683498,0.0,0.0,8.328528189683498
2026-01-02 20:45:00+00:00,C002,9.1890574943473,0.0,0.0,9.1890574943473
2026-01-02 21:00:00+00:00,C002,1.506887624052248,0.0,0.0,1.506887624052248
2026-01-02 21:15:00+00:00,C002,1.6989342872284685,0.0,0.0,1.6989342872284685
2026-01-02 21:30:00+00:00,C002,1.6116261246658727,0.0,0.0,1.6116261246658727
2026-01-02 21:45:00+00:00,C002,1.6224933194731699,0.0,0.0,1.6224933194731699
2026-01-02 22:00:00+00:00,C002,1.593846227569229,0.0,0.0,1.593846227569229
2026-01-02 22:15:00+00:00,C002,1.5639121022638094,0.0,0.0,1.5639121022638094
2026-01-02 22:30:00+00:00,C002,1.5884709360772047,0.0,0.0,1.5884709360772047
2026-01-02 22:45:00+00:00,C002,1.6873380754297977,0.0,0.0,1.6873380754297977
2026-01-02 23:00:00+00:00,C002,1.7141925617780882,0.0,0.0,1.7141925617780882
2026-01-02 23:15:00+00:00,C002,1.555888433303444,0.0,0.0,1.555888433303444
2026-01-02 23:30:00+00:00,C002,1.6014419366389838,0.0,0.0,1.6014419366389838
2026-01-02 23:45:00+00:00,C002,1.6511742444812194,0.0,0.0,1.6511742444812194
2026-01-03 00:00:00+00:00,C002,0.666336832622406,0.0,0.0,0.666336832622406
2026-01-03 00:15:00+00:00,C002,0.5764457071204381,0.0,0.0,0.5764457071204381
2026-01-03 00:30:00+00:00,C002,0.661731711137089,0.0,0.0,0.661731711137089
2026-01-03 00:45:00+00:00,C002,0.6116562592691819,0.0,0.0,0.6116562592691819
2026-01-03 01:00:00+00:00,C002,0.6112497746427388,0.0,0.0,0.6112497746427388
2026-01-03 01:15:00+00:00,C002,0.5815583939258553,0.0,0.0,0.5815583939258553
2026-01-03 01:30:00+00:00,C002,0.6080186614809031,0.0,0.0,0.6080186614809031
2026-01-03 01:45:00+00:00,C002,0.634763474294732,0.0,0.0,0.634763474294732
2026-01-03 02:00:00+00:00,C002,0.6749551514821817,0.0,0.0,0.6749551514821817
2026-01-03 02:15:00+00:00,C002,0.6259644617228687,0.0,0.0,0.6259644617228687
2026-01-03 02:30:00+00:00,C002,0.6820940162297842,0.0,0.0,0.6820940162297842
2026-01-03 02:45:00+00:00,C002,0.6580291823480204,0.0,0.0,0.6580291823480204
2026-01-03 03:00:00+00:00,C002,0.7257485375687724,0.0,0.0,0.7257485375687724
2026-01-03 03:15:00+00:00,C002,0.6554171416542572,0.0,0.0,0.6554171416542572
2026-01-03 03:30:00+00:00,C002,0.7434544462417368,0.0,0.0,0.7434544462417368
2026-01-03 03:45:00+00:00,C002,0.6664666313183718,0.0,0.0,0.6664666313183718
2026-01-03 04:00:00+00:00,C002,0.6583590370641375,0.0,0.0,0.6583590370641375
2026-01-03 04:15:00+00:00,C002,0.642710679766999,0.0,0.0,0.642710679766999
2026-01-03 04:30:00+00:00,C002,0.7377347552683453,0.0,0.0,0.7377347552683453
2026-01-03 04:45:00+00:00,C002,0.7239499097542431,0.0,0.0,0.7239499097542431
2026-01-03 05:00:00+00:00,C002,0.6764042470534446,0.0,0.0,0.6764042470534446
2026-01-03 05:15:00+00:00,C002,0.7337597648828464,0.0,0.0,0.7337597648828464
2026-01-03 05:30:00+00:00,C002,0.7182757250572748,0.0,0.0,0.7182757250572748
2026-01-03 05:45:00+00:00,C002,0.7432812215136512,0.0,0.0,0.7432812215136512
2026-01-03 06:00:00+00:00,C002,0.6463293531441989,0.0,0.0,0.6463293531441989
2026-01-03 06:15:00+00:00,C002,0.6774358537073649,0.0,0.0,0.6774358537073649
2026-01-03 06:30:00+00:00,C002,0.692050431072253,0.0,0.0,0.692050431072253
2026-01-03 06:45:00+00:00,C002,0.6552480896712634,0.0,0.0,0.6552480896712634
2026-01-03 07:00:00+00:00,C002,0.7420205549943076,0.0,0.0,0.7420205549943076
2026-01-03 07:15:00+00:00,C002,0.6976051978702789,0.0,0.0,0.6976051978702789
2026-01-03 07:30:00+00:00,C002,0.7296403221684569,0.0,0.0,0.7296403221684569
2026-01-03 07:45:00+00:00,C002,0.7943577996813309,0.0,0.0,0.7943577996813309
2026-01-03 08:00:00+00:00,C002,3.8922788300596087,0.0,0.0,3.8922788300596087
2026-01-03 08:15:00+00:00,C002,3.8733292722190176,0.0,0.0,3.8733292722190176
2026-01-03 08:30:00+00:00,C002,3.7883380526037547,0.0,0.0,3.7883380526037547
2026-01-03 08:45:00+00:00,C002,3.944265695921039,0.0,0.0,3.944265695921039
2026-01-03 09:00:00+00:00,C002,3.9142197310611575,0.0,0.0,3.9142197310611575
2026-01-03 09:15:00+00:00,C002,3.860106382313752,0.0,0.0,3.860106382313752
2026-01-03 09:30:00+00:00,C002,4.167160424283349,0.0,0.0,4.167160424283349
2026-01-03 09:45:00+00:00,C002,4.000257295786421,0.0,0.0,4.000257295786421
2026-01-03 10:00:00+00:00,C002,3.596271005963024,0.0,0.0,3.596271005963024
2026-01-03 10:15:00+00:00,C002,3.6356273956442955,0.0,0.0,3.6356273956442955
2026-01-03 10:30:00+00:00,C002,4.120927773888754,0.0,0.0,4.120927773888754
2026-01-03 10:45:00+00:00,C002,3.947815570758415,0.0,0.0,3.947815570758415
2026-01-03 11:00:00+00:00,C002,3.870624330361323,0.0,0.0,3.870624330361323
2026-01-03 11:15:00+00:00,C002,3.798570849632183,0.0,0.0,3.798570849632183
2026-01-03 11:30:00+00:00,C002,3.8637688395122107,0.0,0.0,3.8637688395122107
2026-01-03 11:45:00+00:00,C002,3.9015017567892856,0.0,0.0,3.9015017567892856
2026-01-03 12:00:00+00:00,C002,3.6234539009929745,0.0,0.0,3.6234539009929745
2026-01-03 12:15:00+00:00,C002,3.6172141902103783,0.0,0.0,3.6172141902103783
2026-01-03 12:30:00+00:00,C002,3.8523664948645213,0.0,0.0,3.8523664948645213
2026-01-03 12:45:00+00:00,C002,3.7574704179250715,0.0,0.0,3.7574704179250715
2026-01-03 13:00:00+00:00,C002,3.568874787910296,0.0,0.0,3.568874787910296
2026-01-03 13:15:00+00:00,C002,3.5464747633600058,0.0,0.0,3.5464747633600058
2026-01-03 13:30:00+00:00,C002,3.7119571315712676,0.0,0.0,3.7119571315712676
2026-01-03 13:45:00+00:00,C002,3.56995180262062,0.0,0.0,3.56995180262062
2026-01-03 14:00:00+00:00,C002,3.3953173696675005,0.0,0.0,3.3953173696675005
2026-01-03 14:15:00+00:00,C002,3.607451090865691,0.0,0.0,3.607451090865691
2026-01-03 14:30:00+00:00,C002,3.496293494674871,0.0,0.0,3.496293494674871
2026-01-03 14:45:00+00:00,C002,3.3324940561779997,0.0,0.0,3.3324940561779997
2026-01-03 15:00:00+00:00,C002,3.30325345047474,0.0,0.0,3.30325345047474
2026-01-03 15:15:00+00:00,C002,3.6243689417975506,0.0,0.0,3.6243689417975506
2026-01-03 15:30:00+00:00,C002,3.381178260008375,0.0,0.0,3.381178260008375
2026-01-03 15:45:00+00:00,C002,3.198026380554587,0.0,0.0,3.198026380554587
2026-01-03 16:00:00+00:00,C002,3.243597695985201,0.0,0.0,3.243597695985201
2026-01-03 16:15:00+00:00,C002,3.356462877843307,0.0,0.0,3.356462877843307
2026-01-03 16:30:00+00:00,C002,3.251562457313077,0.0,0.0,3.251562457313077
2026-01-03 16:45:00+00:00,C002,3.415804068766319,0.0,0.0,3.415804068766319
2026-01-03 17:00:00+00:00,C002,3.3212377621457785,0.0,0.0,3.3212377621457785
2026-01-03 17:15:00+00:00,C002,3.3462575888919592,0.0,0.0,3.3462575888919592
2026-01-03 17:30:00+00:00,C002,3.3535463036345523,0.0,0.0,3.3535463036345523
2026-01-03 17:45:00+00:00,C002,3.345540617187447,0.0,0.0,3.345540617187447
2026-01-03 18:00:00+00:00,C002,3.0458760964721727,0.0,0.0,3.0458760964721727
2026-01-03 18:15:00+00:00,C002,3.0015863648954366,0.0,0.0,3.0015863648954366
2026-01-03 18:30:00+00:00,C002,3.1392694135037695,0.0,0.0,3.1392694135037695
2026-01-03 18:45:00+00:00,C002,3.075951251614679,0.0,0.0,3.075951251614679
2026-01-03 19:00:00+00:00,C002,3.013515067280168,0.0,0.0,3.013515067280168
2026-01-03 19:15:00+00:00,C002,3.088314152972188,0.0,0.0,3.088314152972188
2026-01-03 19:30:00+00:00,C002,3.129699113605476,0.0,0.0,3.129699113605476
2026-01-03 19:45:00+00:00,C002,3.036712029048934,0.0,0.0,3.036712029048934
2026-01-03 20:00:00+00:00,C002,3.1035098780348584,0.0,0.0,3.1035098780348584
2026-01-03 20:15:00+00:00,C002,3.1137144298774775,0.0,0.0,3.1137144298774775
2026-01-03 20:30:00+00:00,C002,3.050772513930702,0.0,0.0,3.050772513930702
2026-01-03 20:45:00+00:00,C002,3.385985997084586,0.0,0.0,3.385985997084586
2026-01-03 21:00:00+00:00,C002,0.5815240852901791,0.0,0.0,0.5815240852901791
2026-01-03 21:15:00+00:00,C002,0.5736492379066439,0.0,0.0,0.5736492379066439
2026-01-03 21:30:00+00:00,C002,0.5560892124837838,0.0,0.0,0.5560892124837838
2026-01-03 21:45:00+00:00,C002,0.5773449727110481,0.0,0.0,0.5773449727110481
2026-01-03 22:00:00+00:00,C002,0.5825914731426015,0.0,0.0,0.5825914731426015
2026-01-03 22:15:00+00:00,C002,0.6620527684737469,0.0,0.0,0.6620527684737469
2026-01-03 22:30:00+00:00,C002,0.5446348066118775,0.0,0.0,0.5446348066118775
2026-01-03 22:45:00+00:00,C002,0.6049674388528085,0.0,0.0,0.6049674388528085
2026-01-03 23:00:00+00:00,C002,0.6083125965905876,0.0,0.0,0.6083125965905876
2026-01-03 23:15:00+00:00,C002,0.5509500613413387,0.0,0.0,0.5509500613413387
2026-01-03 23:30:00+00:00,C002,0.6162396034952052,0.0,0.0,0.6162396034952052
2026-01-03 23:45:00+00:00,C002,0.6380299524302468,0.0,0.0,0.6380299524302468
2026-01-04 00:00:00+00:00,C002,0.5829935911446258,0.0,0.0,0.5829935911446258
2026-01-04 00:15:00+00:00,C002,0.6107520786599959,0.0,0.0,0.6107520786599959
2026-01-04 00:30:00+00:00,C002,0.5658657252029756,0.0,0.0,0.5658657252029756
2026-01-04 00:45:00+00:00,C002,0.5797908381179975,0.0,0.0,0.5797908381179975
2026-01-04 01:00:00+00:00,C002,0.6377806745945843,0.0,0.0,0.6377806745945843
2026-01-04 01:15:00+00:00,C002,0.6471312805967914,0.0,0.0,0.6471312805967914
2026-01-04 01:30:00+00:00,C002,0.6043577153343306,0.0,0.0,0.6043577153343306
2026-01-04 01:45:00+00:00,C002,0.6446272315004091,0.0,0.0,0.6446272315004091
2026-01-04 02:00:00+00:00,C002,0.6258308510846201,0.0,0.0,0.6258308510846201
2026-01-04 02:15:00+00:00,C002,0.640827116960229,0.0,0.0,0.640827116960229
2026-01-04 02:30:00+00:00,C002,0.6993799513368438,0.0,0.0,0.6993799513368438
2026-01-04 02:45:00+00:00,C002,0.6218654666622686,0.0,0.0,0.6218654666622686
2026-01-04 03:00:00+00:00,C002,0.6174429100151955,0.0,0.0,0.6174429100151955
2026-01-04 03:15:00+00:00,C002,0.6943714398854869,0.0,0.0,0.6943714398854869
2026-01-04 03:30:00+00:00,C002,0.6942445185449408,0.0,0.0,0.6942445185449408
2026-01-04 03:45:00+00:00,C002,0.72176650842305,0.0,0.0,0.72176650842305
2026-01-04 04:00:00+00:00,C002,0.6660260221075216,0.0,0.0,0.6660260221075216
2026-01-04 04:15:00+00:00,C002,0.7307791982618443,0.0,0.0,0.7307791982618443
2026-01-04 04:30:00+00:00,C002,0.6745913219296797,0.0,0.0,0.6745913219296797
2026-01-04 04:45:00+00:00,C002,0.7368885386941076,0.0,0.0,0.7368885386941076
2026-01-04 05:00:00+00:00,C002,0.6607967342482333,0.0,0.0,0.6607967342482333
2026-01-04 05:15:00+00:00,C002,0.7241674889011508,0.0,0.0,0.7241674889011508
2026-01-04 05:30:00+00:00,C002,0.6748474854761788,0.0,0.0,0.6748474854761788
2026-01-04 05:45:00+00:00,C002,0.7671645003618955,0.0,0.0,0.7671645003618955
2026-01-04 06:00:00+00:00,C002,0.711319351892681,0.0,0.0,0.711319351892681
2026-01-04 06:15:00+00:00,C002,0.6817378218887059,0.0,0.0,0.6817378218887059
2026-01-04 06:30:00+00:00,C002,0.6940527502961717,0.0,0.0,0.6940527502961717
2026-01-04 06:45:00+00:00,C002,0.7489757918393662,0.0,0.0,0.7489757918393662
2026-01-04 07:00:00+00:00,C002,0.7543244347561942,0.0,0.0,0.7543244347561942
2026-01-04 07:15:00+00:00,C002,0.7313782858954808,0.0,0.0,0.7313782858954808
2026-01-04 07:30:00+00:00,C002,0.715114858136458,0.0,0.0,0.715114858136458
2026-01-04 07:45:00+00:00,C002,0.7639053229960744,0.0,0.0,0.7639053229960744
2026-01-04 08:00:00+00:00,C002,4.00398952957915,0.0,0.0,4.00398952957915
2026-01-04 08:15:00+00:00,C002,3.868922677431113,0.0,0.0,3.868922677431113
2026-01-04 08:30:00+00:00,C002,3.8451253619259766,0.0,0.0,3.8451253619259766
2026-01-04 08:45:00+00:00,C002,4.0158868933849545,0.0,0.0,4.0158868933849545
2026-01-04 09:00:00+00:00,C002,4.07094480807772,0.0,0.0,4.07094480807772
2026-01-04 09:15:00+00:00,C002,4.197077177662743,0.0,0.0,4.197077177662743
2026-01-04 09:30:00+00:00,C002,4.233594639506062,0.0,0.0,4.233594639506062
2026-01-04 09:45:00+00:00,C002,4.048230629139657,0.0,0.0,4.048230629139657
2026-01-04 10:00:00+00:00,C002,4.17818975261254,0.0,0.0,4.17818975261254
2026-01-04 10:15:00+00:00,C002,3.9195753095489403,0.0,0.0,3.9195753095489403
2026-01-04 10:30:00+00:00,C002,3.838715372366635,0.0,0.0,3.838715372366635
2026-01-04 10:45:00+00:00,C002,3.7900279275491564,0.0,0.0,3.7900279275491564
2026-01-04 11:00:00+00:00,C002,3.8022607688208097,0.0,0.0,3.8022607688208097
2026-01-04 11:15:00+00:00,C002,4.0247921065310015,0.0,0.0,4.0247921065310015
2026-01-04 11:30:00+00:00,C002,3.911635921123406,0.0,0.0,3.911635921123406
2026-01-04 11:45:00+00:00,C002,4.045349166298894,0.0,0.0,4.045349166298894
2026-01-04 12:00:00+00:00,C002,3.964811631144202,0.0,0.0,3.964811631144202
2026-01-04 12:15:00+00:00,C002,3.832059271440288,0.0,0.0,3.832059271440288
2026-01-04 12:30:00+00:00,C002,3.7903090546477736,0.0,0.0,3.7903090546477736
2026-01-04 12:45:00+00:00,C002,3.7246991519202077,0.0,0.0,3.7246991519202077
2026-01-04 13:00:00+00:00,C002,3.959352802245005,0.0,0.0,3.959352802245005
2026-01-04 13:15:00+00:00,C002,3.6054720293757048,0.0,0.0,3.6054720293757048
2026-01-04 13:30:00+00:00,C002,3.7367241876831248,0.0,0.0,3.7367241876831248
2026-01-04 13:45:00+00:00,C002,3.724129221939772,0.0,0.0,3.724129221939772
2026-01-04 14:00:00+00:00,C002,3.447324659923179,0.0,0.0,3.447324659923179
2026-01-04 14:15:00+00:00,C002,3.761639596102457,0.0,0.0,3.761639596102457
2026-01-04 14:30:00+00:00,C002,3.5483957951302636,0.0,0.0,3.5483957951302636
2026-01-04 14:45:00+00:00,C002,3.4555117047030985,0.0,0.0,3.4555117047030985
2026-01-04 15:00:00+00:00,C002,3.4994231631403694,0.0,0.0,3.4994231631403694
2026-01-04 15:15:00+00:00,C002,3.5592842738696975,0.0,0.0,3.5592842738696975
2026-01-04 15:30:00+00:00,C002,3.5880417508909996,0.0,0.0,3.5880417508909996
2026-01-04 15:45:00+00:00,C002,3.46605045138098,0.0,0.0,3.46605045138098
2026-01-04 16:00:00+00:00,C002,3.715384570436443,0.0,0.0,3.715384570436443
2026-01-04 16:15:00+00:00,C002,3.336030435952333,0.0,0.0,3.336030435952333
2026-01-04 16:30:00+00:00,C002,3.6715404845374726,0.0,0.0,3.6715404845374726
2026-01-04 16:45:00+00:00,C002,3.3292829776606903,0.0,0.0,3.3292829776606903
2026-01-04 17:00:00+00:00,C002,3.3664810254673196,0.0,0.0,3.3664810254673196
2026-01-04 17:15:00+00:00,C002,3.270117184238994,0.0,0.0,3.270117184238994
2026-01-04 17:30:00+00:00,C002,3.4212295047445496,0.0,0.0,3.4212295047445496
2026-01-04 17:45:00+00:00,C002,3.4100766246703316,0.0,0.0,3.4100766246703316
2026-01-04 18:00:00+00:00,C002,3.286768609794479,0.0,0.0,3.286768609794479
2026-01-04 18:15:00+00:00,C002,3.45346296947424,0.0,0.0,3.45346296947424
2026-01-04 18:30:00+00:00,C002,3.2255461993892935,0.0,0.0,3.2255461993892935
2026-01-04 18:45:00+00:00,C002,3.3623180339785734,0.0,0.0,3.3623180339785734
2026-01-04 19:00:00+00:00,C002,3.1563004733083835,0.0,0.0,3.1563004733083835
2026-01-04 19:15:00+00:00,C002,3.191081713599943,0.0,0.0,3.191081713599943
2026-01-04 19:30:00+00:00,C002,3.2782570223590306,0.0,0.0,3.2782570223590306
2026-01-04 19:45:00+00:00,C002,3.2272959777563486,0.0,0.0,3.2272959777563486
2026-01-04 20:00:00+00:00,C002,3.13997485742001,0.0,0.0,3.13997485742001
2026-01-04 20:15:00+00:00,C002,3.483776638696953,0.0,0.0,3.483776638696953
2026-01-04 20:30:00+00:00,C002,3.216738739342679,0.0,0.0,3.216738739342679
2026-01-04 20:45:00+00:00,C002,3.001048472261922,0.0,0.0,3.001048472261922
2026-01-04 21:00:00+00:00,C002,0.555425064988426,0.0,0.0,0.555425064988426
2026-01-04 21:15:00+00:00,C002,0.5766729363668639,0.0,0.0,0.5766729363668639
2026-01-04 21:30:00+00:00,C002,0.6001350314877033,0.0,0.0,0.6001350314877033
2026-01-04 21:45:00+00:00,C002,0.5808361145558779,0.0,0.0,0.5808361145558779
2026-01-04 22:00:00+00:00,C002,0.618227567765084,0.0,0.0,0.618227567765084
2026-01-04 22:15:00+00:00,C002,0.6035679947409306,0.0,0.0,0.6035679947409306
2026-01-04 22:30:00+00:00,C002,0.5918679375568057,0.0,0.0,0.5918679375568057
2026-01-04 22:45:00+00:00,C002,0.5841343699294805,0.0,0.0,0.5841343699294805
2026-01-04 23:00:00+00:00,C002,0.5885060615424487,0.0,0.0,0.5885060615424487
2026-01-04 23:15:00+00:00,C002,0.5686489011601477,0.0,0.0,0.5686489011601477
2026-01-04 23:30:00+00:00,C002,0.600441644257288,0.0,0.0,0.600441644257288
2026-01-04 23:45:00+00:00,C002,0.667991698912733,0.0,0.0,0.667991698912733
2026-01-05 00:00:00+00:00,C002,1.8867908524398034,0.0,0.0,1.8867908524398034
2026-01-05 00:15:00+00:00,C002,1.88970761167334,0.0,0.0,1.88970761167334
2026-01-05 00:30:00+00:00,C002,1.7999949577586405,0.0,0.0,1.7999949577586405
2026-01-05 00:45:00+00:00,C002,1.8577257508676992,0.0,0.0,1.8577257508676992
2026-01-05 01:00:00+00:00,C002,1.718666595555491,0.0,0.0,1.718666595555491
2026-01-05 01:15:00+00:00,C002,1.963057865252824,0.0,0.0,1.963057865252824
2026-01-05 01:30:00+00:00,C002,1.9638673817076784,0.0,0.0,1.9638673817076784
2026-01-05 01:45:00+00:00,C002,1.9248344828208341,0.0,0.0,1.9248344828208341
2026-01-05 02:00:00+00:00,C002,1.9423909612770522,0.0,0.0,1.9423909612770522
2026-01-05 02:15:00+00:00,C002,1.8334559491426357,0.0,0.0,1.8334559491426357
2026-01-05 02:30:00+00:00,C002,1.8054718571185369,0.0,0.0,1.8054718571185369
2026-01-05 02:45:00+00:00,C002,1.8915559689419599,0.0,0.0,1.8915559689419599
2026-01-05 03:00:00+00:00,C002,1.970776237081217,0.0,0.0,1.970776237081217
2026-01-05 03:15:00+00:00,C002,2.012981577196227,0.0,0.0,2.012981577196227
2026-01-05 03:30:00+00:00,C002,1.874638111351685,0.0,0.0,1.874638111351685
2026-01-05 03:45:00+00:00,C002,1.9563544720514963,0.0,0.0,1.9563544720514963
2026-01-05 04:00:00+00:00,C002,1.969504884745602,0.0,0.0,1.969504884745602
2026-01-05 04:15:00+00:00,C002,1.994876513267924,0.0,0.0,1.994876513267924
2026-01-05 04:30:00+00:00,C002,1.9145638538149277,0.0,0.0,1.9145638538149277
2026-01-05 04:45:00+00:00,C002,1.9619408428352554,0.0,0.0,1.9619408428352554
2026-01-05 05:00:00+00:00,C002,1.984752761714254,0.0,0.0,1.984752761714254
2026-01-05 05:15:00+00:00,C002,2.0878064077774705,0.0,0.0,2.0878064077774705
2026-01-05 05:30:00+00:00,C002,1.9997291231920378,0.0,0.0,1.9997291231920378
2026-01-05 05:45:00+00:00,C002,2.053134307677398,0.0,0.0,2.053134307677398
2026-01-05 06:00:00+00:00,C002,2.249143360896028,0.0,0.0,2.249143360896028
2026-01-05 06:15:00+00:00,C002,2.0535306935473154,0.0,0.0,2.0535306935473154
2026-01-05 06:30:00+00:00,C002,2.1488596477466415,0.0,0.0,2.1488596477466415
2026-01-05 06:45:00+00:00,C002,2.2788731215244646,0.0,0.0,2.2788731215244646
2026-01-05 07:00:00+00:00,C002,2.1149959220238665,0.0,0.0,2.1149959220238665
2026-01-05 07:15:00+00:00,C002,2.0577948770008025,0.0,0.0,2.0577948770008025
2026-01-05 07:30:00+00:00,C002,2.226232922923055,0.0,0.0,2.226232922923055
2026-01-05 07:45:00+00:00,C002,2.101258391016858,0.0,0.0,2.101258391016858
2026-01-05 08:00:00+00:00,C002,12.080787765411507,0.0,0.0,12.080787765411507
2026-01-05 08:15:00+00:00,C002,11.758397481807371,0.0,0.0,11.758397481807371
2026-01-05 08:30:00+00:00,C002,11.709701261267636,0.0,0.0,11.709701261267636
2026-01-05 08:45:00+00:00,C002,11.757645158780049,0.0,0.0,11.757645158780049
2026-01-05 09:00:00+00:00,C002,11.926441973761438,0.0,0.0,11.926441973761438
2026-01-05 09:15:00+00:00,C002,12.38208170035211,0.0,0.0,12.38208170035211
2026-01-05 09:30:00+00:00,C002,11.65367958246371,0.0,0.0,11.65367958246371
2026-01-05 09:45:00+00:00,C002,12.041517457079465,0.0,0.0,12.041517457079465
2026-01-05 10:00:00+00:00,C002,11.847603257463897,0.0,0.0,11.847603257463897
2026-01-05 10:15:00+00:00,C002,12.018854166655977,0.0,0.0,12.018854166655977
2026-01-05 10:30:00+00:00,C002,11.047525803575205,0.0,0.0,11.047525803575205
2026-01-05 10:45:00+00:00,C002,11.630911496167787,0.0,0.0,11.630911496167787
2026-01-05 11:00:00+00:00,C002,11.977144951842599,0.0,0.0,11.977144951842599
2026-01-05 11:15:00+00:00,C002,10.857435304530723,0.0,0.0,10.857435304530723
2026-01-05 11:30:00+00:00,C002,12.09311030530688,0.0,0.0,12.09311030530688
2026-01-05 11:45:00+00:00,C002,12.122956653852604,0.0,0.0,12.122956653852604
2026-01-05 12:00:00+00:00,C002,11.692495186715195,0.0,0.0,11.692495186715195
2026-01-05 12:15:00+00:00,C002,12.137410653813188,0.0,0.0,12.137410653813188
2026-01-05 12:30:00+00:00,C002,10.983237169306326,0.0,0.0,10.983237169306326
2026-01-05 12:45:00+00:00,C002,10.527297432980395,0.0,0.0,10.527297432980395
2026-01-05 13:00:00+00:00,C002,10.373278766846814,0.0,0.0,10.373278766846814
2026-01-05 13:15:00+00:00,C002,11.217152757295402,0.0,0.0,11.217152757295402
2026-01-05 13:30:00+00:00,C002,10.732855909265298,0.0,0.0,10.732855909265298
2026-01-05 13:45:00+00:00,C002,10.329482922221812,0.0,0.0,10.329482922221812
2026-01-05 14:00:00+00:00,C002,10.690172608794773,0.0,0.0,10.690172608794773
2026-01-05 14:15:00+00:00,C002,10.761610239875738,0.0,0.0,10.761610239875738
2026-01-05 14:30:00+00:00,C002,9.91916501395983,0.0,0.0,9.91916501395983
2026-01-05 14:45:00+00:00,C002,10.026314317102814,0.0,0.0,10.026314317102814
2026-01-05 15:00:00+00:00,C002,10.986724275283729,0.0,0.0,10.986724275283729
2026-01-05 15:15:00+00:00,C002,10.183865038358615,0.0,0.0,10.183865038358615
2026-01-05 15:30:00+00:00,C002,10.31707879746536,0.0,0.0,10.31707879746536
2026-01-05 15:45:00+00:00,C002,10.041160717266672,0.0,0.0,10.041160717266672
2026-01-05 16:00:00+00:00,C002,10.051732761863224,0.0,0.0,10.051732761863224
2026-01-05 16:15:00+00:00,C002,10.321750089277243,0.0,0.0,10.321750089277243
2026-01-05 16:30:00+00:00,C002,10.23607628225957,0.0,0.0,10.23607628225957
2026-01-05 16:45:00+00:00,C002,10.135974671924485,0.0,0.0,10.135974671924485
2026-01-05 17:00:00+00:00,C002,9.072744193250706,0.0,0.0,9.072744193250706
2026-01-05 17:15:00+00:00,C002,9.741633107095689,0.0,0.0,9.741633107095689
2026-01-05 17:30:00+00:00,C002,9.429077622766032,0.0,0.0,9.429077622766032
2026-01-05 17:45:00+00:00,C002,9.74412420587979,0.0,0.0,9.74412420587979
2026-01-05 18:00:00+00:00,C002,9.522116652577855,0.0,0.0,9.522116652577855
2026-01-05 18:15:00+00:00,C002,9.94197669662909,0.0,0.0,9.94197669662909
2026-01-05 18:30:00+00:00,C002,9.626463455013234,0.0,0.0,9.626463455013234
2026-01-05 18:45:00+00:00,C002,9.275364987089114,0.0,0.0,9.275364987089114
2026-01-05 19:00:00+00:00,C002,9.022084856929238,0.0,0.0,9.022084856929238
2026-01-05 19:15:00+00:00,C002,9.972206726845739,0.0,0.0,9.972206726845739
2026-01-05 19:30:00+00:00,C002,9.876578043651556,0.0,0.0,9.876578043651556
2026-01-05 19:45:00+00:00,C002,10.298916020141256,0.0,0.0,10.298916020141256
2026-01-05 20:00:00+00:00,C002,9.697448010875164,0.0,0.0,9.697448010875164
2026-01-05 20:15:00+00:00,C002,9.11631973960777,0.0,0.0,9.11631973960777
2026-01-05 20:30:00+00:00,C002,9.887995624467642,0.0,0.0,9.887995624467642
2026-01-05 20:45:00+00:00,C002,9.024635858145505,0.0,0.0,9.024635858145505
2026-01-05 21:00:00+00:00,C002,1.6985524028493766,0.0,0.0,1.6985524028493766
2026-01-05 21:15:00+00:00,C002,1.7157547750476245,0.0,0.0,1.7157547750476245
2026-01-05 21:30:00+00:00,C002,1.8134371323368026,0.0,0.0,1.8134371323368026
2026-01-05 21:45:00+00:00,C002,1.6937995661908978,0.0,0.0,1.6937995661908978
2026-01-05 22:00:00+00:00,C002,1.729389495636814,0.0,0.0,1.729389495636814
2026-01-05 22:15:00+00:00,C002,1.7478660757775328,0.0,0.0,1.7478660757775328
2026-01-05 22:30:00+00:00,C002,1.668306048765821,0.0,0.0,1.668306048765821
2026-01-05 22:45:00+00:00,C002,1.798159283910861,0.0,0.0,1.798159283910861
2026-01-05 23:00:00+00:00,C002,1.8363286207642895,0.0,0.0,1.8363286207642895
2026-01-05 23:15:00+00:00,C002,1.795101160606481,0.0,0.0,1.795101160606481
2026-01-05 23:30:00+00:00,C002,1.8222103127817637,0.0,0.0,1.8222103127817637
2026-01-05 23:45:00+00:00,C002,1.5527570644339668,0.0,0.0,1.5527570644339668
2026-01-06 00:00:00+00:00,C002,1.8114439194701555,0.0,0.0,1.8114439194701555
2026-01-06 00:15:00+00:00,C002,1.7646400387915995,0.0,0.0,1.7646400387915995
2026-01-06 00:30:00+00:00,C002,1.7917368779202139,0.0,0.0,1.7917368779202139
2026-01-06 00:45:00+00:00,C002,1.9106407928930045,0.0,0.0,1.9106407928930045
2026-01-06 01:00:00+00:00,C002,1.855812483119299,0.0,0.0,1.855812483119299
2026-01-06 01:15:00+00:00,C002,1.8835826398063673,0.0,0.0,1.8835826398063673
2026-01-06 01:30:00+00:00,C002,1.9055658389762726,0.0,0.0,1.9055658389762726
2026-01-06 01:45:00+00:00,C002,1.775273673221361,0.0,0.0,1.775273673221361
2026-01-06 02:00:00+00:00,C002,1.8847136920127463,0.0,0.0,1.8847136920127463
2026-01-06 02:15:00+00:00,C002,1.9882977780227296,0.0,0.0,1.9882977780227296
2026-01-06 02:30:00+00:00,C002,1.78120180099615,0.0,0.0,1.78120180099615
2026-01-06 02:45:00+00:00,C002,1.9101160938544328,0.0,0.0,1.9101160938544328
2026-01-06 03:00:00+00:00,C002,1.9718038133143974,0.0,0.0,1.9718038133143974
2026-01-06 03:15:00+00:00,C002,2.1088800856721526,0.0,0.0,2.1088800856721526
2026-01-06 03:30:00+00:00,C002,2.0824637473324206,0.0,0.0,2.0824637473324206
2026-01-06 03:45:00+00:00,C002,1.9583722137960016,0.0,0.0,1.9583722137960016
2026-01-06 04:00:00+00:00,C002,2.203536596231046,0.0,0.0,2.203536596231046
2026-01-06 04:15:00+00:00,C002,2.0134174548311616,0.0,0.0,2.0134174548311616
2026-01-06 04:30:00+00:00,C002,2.2123734449948347,0.0,0.0,2.2123734449948347
2026-01-06 04:45:00+00:00,C002,2.029285597999731,0.0,0.0,2.029285597999731
2026-01-06 05:00:00+00:00,C002,2.117290573748344,0.0,0.0,2.117290573748344
2026-01-06 05:15:00+00:00,C002,2.0375794312095774,0.0,0.0,2.0375794312095774
2026-01-06 05:30:00+00:00,C002,2.056080340406219,0.0,0.0,2.056080340406219
2026-01-06 05:45:00+00:00,C002,2.152285311280579,0.0,0.0,2.152285311280579
2026-01-06 06:00:00+00:00,C002,2.2493844305317516,0.0,0.0,2.2493844305317516
2026-01-06 06:15:00+00:00,C002,2.112204999387255,0.0,0.0,2.112204999387255
2026-01-06 06:30:00+00:00,C002,2.0909248851937208,0.0,0.0,2.0909248851937208
2026-01-06 06:45:00+00:00,C002,2.0826253062435836,0.0,0.0,2.0826253062435836
2026-01-06 07:00:00+00:00,C002,2.2121299849259652,0.0,0.0,2.2121299849259652
2026-01-06 07:15:00+00:00,C002,2.165340653452545,0.0,0.0,2.165340653452545
2026-01-06 07:30:00+00:00,C002,2.2011672097147295,0.0,0.0,2.2011672097147295
2026-01-06 07:45:00+00:00,C002,2.1294085732555326,0.0,0.0,2.1294085732555326
2026-01-06 08:00:00+00:00,C002,12.003880182875365,0.0,0.0,12.003880182875365
2026-01-06 08:15:00+00:00,C002,12.20451066556843,0.0,0.0,12.20451066556843
2026-01-06 08:30:00+00:00,C002,12.645640344759395,0.0,0.0,12.645640344759395
2026-01-06 08:45:00+00:00,C002,12.25852814035444,0.0,0.0,12.25852814035444
2026-01-06 09:00:00+00:00,C002,12.189206842523735,0.0,0.0,12.189206842523735
2026-01-06 09:15:00+00:00,C002,13.328156979110457,0.0,0.0,13.328156979110457
2026-01-06 09:30:00+00:00,C002,11.900706075214886,0.0,0.0,11.900706075214886
2026-01-06 09:45:00+00:00,C002,11.70868834578148,0.0,0.0,11.70868834578148
2026-01-06 10:00:00+00:00,C002,12.278111545303783,0.0,0.0,12.278111545303783
2026-01-06 10:15:00+00:00,C002,11.502955406970678,0.0,0.0,11.502955406970678
2026-01-06 10:30:00+00:00,C002,11.26492766892728,0.0,0.0,11.26492766892728
2026-01-06 10:45:00+00:00,C002,11.48260145637037,0.0,0.0,11.48260145637037
2026-01-06 11:00:00+00:00,C002,11.579586310719707,0.0,0.0,11.579586310719707
2026-01-06 11:15:00+00:00,C002,11.553714499570853,0.0,0.0,11.553714499570853
2026-01-06 11:30:00+00:00,C002,11.245694613611706,0.0,0.0,11.245694613611706
2026-01-06 11:45:00+00:00,C002,11.817703016923408,0.0,0.0,11.817703016923408
2026-01-06 12:00:00+00:00,C002,11.632178795691397,0.0,0.0,11.632178795691397
2026-01-06 12:15:00+00:00,C002,10.90262986058282,0.0,0.0,10.90262986058282
2026-01-06 12:30:00+00:00,C002,11.003154595024593,0.0,0.0,11.003154595024593
2026-01-06 12:45:00+00:00,C002,11.754121271534267,0.0,0.0,11.754121271534267
2026-01-06 13:00:00+00:00,C002,11.43292835485292,0.0,0.0,11.43292835485292
2026-01-06 13:15:00+00:00,C002,10.26530203099518,0.0,0.0,10.26530203099518
2026-01-06 13:30:00+00:00,C002,11.068517766850439,0.0,0.0,11.068517766850439
2026-01-06 13:45:00+00:00,C002,10.742302993890306,0.0,0.0,10.742302993890306
2026-01-06 14:00:00+00:00,C002,11.124521848420027,0.0,0.0,11.124521848420027
2026-01-06 14:15:00+00:00,C002,10.750961031342316,0.0,0.0,10.750961031342316
2026-01-06 14:30:00+00:00,C002,11.13990442963956,0.0,0.0,11.13990442963956
2026-01-06 14:45:00+00:00,C002,10.85429436690455,0.0,0.0,10.85429436690455
2026-01-06 15:00:00+00:00,C002,10.757362089814686,0.0,0.0,10.757362089814686
2026-01-06 15:15:00+00:00,C002,10.240330814514488,0.0,0.0,10.240330814514488
2026-01-06 15:30:00+00:00,C002,10.108726256763713,0.0,0.0,10.108726256763713
2026-01-06 15:45:00+00:00,C002,10.218213957908706,0.0,0.0,10.218213957908706
2026-01-06 16:00:00+00:00,C002,10.141903238389217,0.0,0.0,10.141903238389217
2026-01-06 16:15:00+00:00,C002,9.402381121030276,0.0,0.0,9.402381121030276
2026-01-06 16:30:00+00:00,C002,9.791561735972211,0.0,0.0,9.791561735972211
2026-01-06 16:45:00+00:00,C002,10.123197988356925,0.0,0.0,10.123197988356925
2026-01-06 17:00:00+00:00,C002,9.61304354930837,0.0,0.0,9.61304354930837
2026-01-06 17:15:00+00:00,C002,9.577834397987617,0.0,0.0,9.577834397987617
2026-01-06 17:30:00+00:00,C002,9.82848049153573,0.0,0.0,9.82848049153573
2026-01-06 17:45:00+00:00,C002,9.220122061598646,0.0,0.0,9.220122061598646
2026-01-06 18:00:00+00:00,C002,9.042718369752421,0.0,0.0,9.042718369752421
2026-01-06 18:15:00+00:00,C002,9.09816949308742,0.0,0.0,9.09816949308742
2026-01-06 18:30:00+00:00,C002,9.846858750753967,0.0,0.0,9.846858750753967
2026-01-06 18:45:00+00:00,C002,10.170877355374126,0.0,0.0,10.170877355374126
2026-01-06 19:00:00+00:00,C002,9.930666302253846,0.0,0.0,9.930666302253846
2026-01-06 19:15:00+00:00,C002,9.202234066695143,0.0,0.0,9.202234066695143
2026-01-06 19:30:00+00:00,C002,9.648426441059112,0.0,0.0,9.648426441059112
2026-01-06 19:45:00+00:00,C002,9.73524174381462,0.0,0.0,9.73524174381462
2026-01-06 20:00:00+00:00,C002,9.543438605277494,0.0,0.0,9.543438605277494
2026-01-06 20:15:00+00:00,C002,9.583831468327949,0.0,0.0,9.583831468327949
2026-01-06 20:30:00+00:00,C002,9.16377684589637,0.0,0.0,9.16377684589637
2026-01-06 20:45:00+00:00,C002,9.660293923987732,0.0,0.0,9.660293923987732
2026-01-06 21:00:00+00:00,C002,1.7039964695993315,0.0,0.0,1.7039964695993315
2026-01-06 21:15:00+00:00,C002,1.737590364092199,0.0,0.0,1.737590364092199
2026-01-06 21:30:00+00:00,C002,1.6764733511799292,0.0,0.0,1.6764733511799292
2026-01-06 21:45:00+00:00,C002,1.7269388027406278,0.0,0.0,1.7269388027406278
2026-01-06 22:00:00+00:00,C002,1.5502197150180268,0.0,0.0,1.5502197150180268
2026-01-06 22:15:00+00:00,C002,1.694494297903683,0.0,0.0,1.694494297903683
2026-01-06 22:30:00+00:00,C002,1.764711046760223,0.0,0.0,1.764711046760223
2026-01-06 22:45:00+00:00,C002,1.6952180458590564,0.0,0.0,1.6952180458590564
2026-01-06 23:00:00+00:00,C002,1.7659921628303292,0.0,0.0,1.7659921628303292
2026-01-06 23:15:00+00:00,C002,1.8032419284631906,0.0,0.0,1.8032419284631906
2026-01-06 23:30:00+00:00,C002,1.6385319021038944,0.0,0.0,1.6385319021038944
2026-01-06 23:45:00+00:00,C002,1.8622869800244433,0.0,0.0,1.8622869800244433
2026-01-07 00:00:00+00:00,C002,1.7048057787404862,0.0,0.0,1.7048057787404862
2026-01-07 00:15:00+00:00,C002,1.8076678147912393,0.0,0.0,1.8076678147912393
2026-01-07 00:30:00+00:00,C002,1.760223824411441,0.0,0.0,1.760223824411441
2026-01-07 00:45:00+00:00,C002,1.8362386027353896,0.0,0.0,1.8362386027353896
2026-01-07 01:00:00+00:00,C002,1.9258884872424888,0.0,0.0,1.9258884872424888
2026-01-07 01:15:00+00:00,C002,1.935008225184662,0.0,0.0,1.935008225184662
2026-01-07 01:30:00+00:00,C002,1.906434580833363,0.0,0.0,1.906434580833363
2026-01-07 01:45:00+00:00,C002,1.9220878667306096,0.0,0.0,1.9220878667306096
2026-01-07 02:00:00+00:00,C002,1.788902848279548,0.0,0.0,1.788902848279548
2026-01-07 02:15:00+00:00,C002,1.76327108305913,0.0,0.0,1.76327108305913
2026-01-07 02:30:00+00:00,C002,1.944302818972266,0.0,0.0,1.944302818972266
2026-01-07 02:45:00+00:00,C002,1.986123279512389,0.0,0.0,1.986123279512389
2026-01-07 03:00:00+00:00,C002,1.9207699544536996,0.0,0.0,1.9207699544536996
2026-01-07 03:15:00+00:00,C002,1.9696889677245648,0.0,0.0,1.9696889677245648
2026-01-07 03:30:00+00:00,C002,2.0201958215307507,0.0,0.0,2.0201958215307507
2026-01-07 03:45:00+00:00,C002,1.9334709651101092,0.0,0.0,1.9334709651101092
2026-01-07 04:00:00+00:00,C002,1.9389580977730951,0.0,0.0,1.9389580977730951
2026-01-07 04:15:00+00:00,C002,2.108400661038437,0.0,0.0,2.108400661038437
2026-01-07 04:30:00+00:00,C002,2.113828224668292,0.0,0.0,2.113828224668292
2026-01-07 04:45:00+00:00,C002,2.20669760763689,0.0,0.0,2.20669760763689
2026-01-07 05:00:00+00:00,C002,2.035218784859796,0.0,0.0,2.035218784859796
2026-01-07 05:15:00+00:00,C002,2.0412384743764327,0.0,0.0,2.0412384743764327
2026-01-07 05:30:00+00:00,C002,2.106171414145021,0.0,0.0,2.106171414145021
2026-01-07 05:45:00+00:00,C002,2.1522458140177214,0.0,0.0,2.1522458140177214
2026-01-07 06:00:00+00:00,C002,2.044152330280368,0.0,0.0,2.044152330280368
2026-01-07 06:15:00+00:00,C002,2.0100800458213364,0.0,0.0,2.0100800458213364
2026-01-07 06:30:00+00:00,C002,2.028732764854084,0.0,0.0,2.028732764854084
2026-01-07 06:45:00+00:00,C002,2.0567919599714086,0.0,0.0,2.0567919599714086
2026-01-07 07:00:00+00:00,C002,2.011710907124095,0.0,0.0,2.011710907124095
2026-01-07 07:15:00+00:00,C002,2.043913790489961,0.0,0.0,2.043913790489961
2026-01-07 07:30:00+00:00,C002,2.0196756248279906,0.0,0.0,2.0196756248279906
2026-01-07 07:45:00+00:00,C002,2.1515629704655144,0.0,0.0,2.1515629704655144
2026-01-07 08:00:00+00:00,C002,12.385490992492846,0.0,0.0,12.385490992492846
2026-01-07 08:15:00+00:00,C002,11.320723181011509,0.0,0.0,11.320723181011509
2026-01-07 08:30:00+00:00,C002,11.877780627875238,0.0,0.0,11.877780627875238
2026-01-07 08:45:00+00:00,C002,10.960668391631609,0.0,0.0,10.960668391631609
2026-01-07 09:00:00+00:00,C002,11.81802573357873,0.0,0.0,11.81802573357873
2026-01-07 09:15:00+00:00,C002,11.797254936004691,0.0,0.0,11.797254936004691
2026-01-07 09:30:00+00:00,C002,12.190515657495938,0.0,0.0,12.190515657495938
2026-01-07 09:45:00+00:00,C002,11.60836138985186,0.0,0.0,11.60836138985186
2026-01-07 10:00:00+00:00,C002,11.897412968523293,0.0,0.0,11.897412968523293
2026-01-07 10:15:00+00:00,C002,10.910791932832,0.0,0.0,10.910791932832
2026-01-07 10:30:00+00:00,C002,11.131348380960775,0.0,0.0,11.131348380960775
2026-01-07 10:45:00+00:00,C002,11.460367471323906,0.0,0.0,11.460367471323906
2026-01-07 11:00:00+00:00,C002,12.16676841581274,0.0,0.0,12.16676841581274
2026-01-07 11:15:00+00:00,C002,11.536659521041017,0.0,0.0,11.536659521041017
2026-01-07 11:30:00+00:00,C002,11.2139039562111,0.0,0.0,11.2139039562111
2026-01-07 11:45:00+00:00,C002,10.464401883627177,0.0,0.0,10.464401883627177
2026-01-07 12:00:00+00:00,C002,10.269088957407254,0.0,0.0,10.269088957407254
2026-01-07 12:15:00+00:00,C002,11.224639064921188,0.0,0.0,11.224639064921188
2026-01-07 12:30:00+00:00,C002,10.93559035000786,0.0,0.0,10.93559035000786
2026-01-07 12:45:00+00:00,C002,10.237784080258713,0.0,0.0,10.237784080258713
2026-01-07 13:00:00+00:00,C002,11.065088876405849,0.0,0.0,11.065088876405849
2026-01-07 13:15:00+00:00,C002,11.27206398970843,0.0,0.0,11.27206398970843
2026-01-07 13:30:00+00:00,C002,10.70143675292903,0.0,0.0,10.70143675292903
2026-01-07 13:45:00+00:00,C002,10.141350925684838,0.0,0.0,10.141350925684838
2026-01-07 14:00:00+00:00,C002,11.042295935888957,0.0,0.0,11.042295935888957
2026-01-07 14:15:00+00:00,C002,10.806228666822477,0.0,0.0,10.806228666822477
2026-01-07 14:30:00+00:00,C002,10.360888922505275,0.0,0.0,10.360888922505275
2026-01-07 14:45:00+00:00,C002,10.70040493614067,0.0,0.0,10.70040493614067
2026-01-07 15:00:00+00:00,C002,9.866435611989468,0.0,0.0,9.866435611989468
2026-01-07 15:15:00+00:00,C002,11.333257645457508,0.0,0.0,11.333257645457508
2026-01-07 15:30:00+00:00,C002,10.038475735876652,0.0,0.0,10.038475735876652
2026-01-07 15:45:00+00:00,C002,9.974276980292728,0.0,0.0,9.974276980292728
2026-01-07 16:00:00+00:00,C002,10.350453749591184,0.0,0.0,10.350453749591184
2026-01-07 16:15:00+00:00,C002,10.299075315408952,0.0,0.0,10.299075315408952
2026-01-07 16:30:00+00:00,C002,9.590431326598658,0.0,0.0,9.590431326598658
2026-01-07 16:45:00+00:00,C002,9.092660350807732,0.0,0.0,9.092660350807732
2026-01-07 17:00:00+00:00,C002,10.146812981550424,0.0,0.0,10.146812981550424
2026-01-07 17:15:00+00:00,C002,9.46141264610028,0.0,0.0,9.46141264610028
2026-01-07 17:30:00+00:00,C002,9.408933919407033,0.0,0.0,9.408933919407033
2026-01-07 17:45:00+00:00,C002,9.344104719219965,0.0,0.0,9.344104719219965
2026-01-07 18:00:00+00:00,C002,9.538968514188127,0.0,0.0,9.538968514188127
2026-01-07 18:15:00+00:00,C002,9.218760947154976,0.0,0.0,9.218760947154976
2026-01-07 18:30:00+00:00,C002,8.991796035184963,0.0,0.0,8.991796035184963
2026-01-07 18:45:00+00:00,C002,9.231077110986456,0.0,0.0,9.231077110986456
2026-01-07 19:00:00+00:00,C002,9.539651440390523,0.0,0.0,9.539651440390523
2026-01-07 19:15:00+00:00,C002,10.113417985069395,0.0,0.0,10.113417985069395
2026-01-07 19:30:00+00:00,C002,9.125474522157136,0.0,0.0,9.125474522157136
2026-01-07 19:45:00+00:00,C002,9.172241245950705,0.0,0.0,9.172241245950705
2026-01-07 20:00:00+00:00,C002,9.255283105788955,0.0,0.0,9.255283105788955
2026-01-07 20:15:00+00:00,C002,9.527788498079904,0.0,0.0,9.527788498079904
2026-01-07 20:30:00+00:00,C002,8.871665642985404,0.0,0.0,8.871665642985404
2026-01-07 20:45:00+00:00,C002,9.147725867601231,0.0,0.0,9.147725867601231
2026-01-07 21:00:00+00:00,C002,1.7809649228940314,0.0,0.0,1.7809649228940314
2026-01-07 21:15:00+00:00,C002,1.635283330369792,0.0,0.0,1.635283330369792
2026-01-07 21:30:00+00:00,C002,1.6999927389990428,0.0,0.0,1.6999927389990428
2026-01-07 21:45:00+00:00,C002,1.5944560168012871,0.0,0.0,1.5944560168012871
2026-01-07 22:00:00+00:00,C002,1.7263959018848682,0.0,0.0,1.7263959018848682
2026-01-07 22:15:00+00:00,C002,1.8677457048924189,0.0,0.0,1.8677457048924189
2026-01-07 22:30:00+00:00,C002,1.7977997756691262,0.0,0.0,1.7977997756691262
2026-01-07 22:45:00+00:00,C002,1.7746757011005045,0.0,0.0,1.7746757011005045
2026-01-07 23:00:00+00:00,C002,1.6815170702425688,0.0,0.0,1.6815170702425688
2026-01-07 23:15:00+00:00,C002,1.8295041304593116,0.0,0.0,1.8295041304593116
2026-01-07 23:30:00+00:00,C002,1.6508848325443357,0.0,0.0,1.6508848325443357
2026-01-07 23:45:00+00:00,C002,1.7224864187907223,0.0,0.0,1.7224864187907223
2026-01-01 00:00:00+00:00,C003,0.3921835326496753,0.0,0.0,0.3921835326496753
2026-01-01 00:15:00+00:00,C003,0.3851257960398754,0.0,0.0,0.3851257960398754
2026-01-01 00:30:00+00:00,C003,0.3285990730380771,0.0,0.0,0.3285990730380771
2026-01-01 00:45:00+00:00,C003,0.33289492871244863,0.0,0.0,0.33289492871244863
2026-01-01 01:00:00+00:00,C003,0.35619056616680117,0.0,0.0,0.35619056616680117
2026-01-01 01:15:00+00:00,C003,0.4103528553256627,0.0,0.0,0.4103528553256627
2026-01-01 01:30:00+00:00,C003,0.44955834147659357,0.0,0.0,0.44955834147659357
2026-01-01 01:45:00+00:00,C003,0.43516722316239237,0.0,0.0,0.43516722316239237
2026-01-01 02:00:00+00:00,C003,0.3384927405160156,0.0,0.0,0.3384927405160156
2026-01-01 02:15:00+00:00,C003,0.448177591589322,0.0,0.0,0.448177591589322
2026-01-01 02:30:00+00:00,C003,0.42431732998208327,0.0,0.0,0.42431732998208327
2026-01-01 02:45:00+00:00,C003,0.3555024492050635,0.0,0.0,0.3555024492050635
2026-01-01 03:00:00+00:00,C003,0.4043273775124277,0.0,0.0,0.4043273775124277
2026-01-01 03:15:00+00:00,C003,0.44551970580323325,0.0,0.0,0.44551970580323325
2026-01-01 03:30:00+00:00,C003,0.4444828469713683,0.0,0.0,0.4444828469713683
2026-01-01 03:45:00+00:00,C003,0.41312051663062005,0.0,0.0,0.41312051663062005
2026-01-01 04:00:00+00:00,C003,0.4784351636148666,0.0,0.0,0.4784351636148666
2026-01-01 04:15:00+00:00,C003,0.4315170982493271,0.0,0.0,0.4315170982493271
2026-01-01 04:30:00+00:00,C003,0.5028198392245492,0.0,0.0,0.5028198392245492
2026-01-01 04:45:00+00:00,C003,0.5913709381830173,0.0,0.0,0.5913709381830173
2026-01-01 05:00:00+00:00,C003,0.6070458577967418,0.0,0.0,0.6070458577967418
2026-01-01 05:15:00+00:00,C003,0.6543328414444418,0.0,0.0,0.6543328414444418
2026-01-01 05:30:00+00:00,C003,0.7369188835648305,0.0,0.0,0.7369188835648305
2026-01-01 05:45:00+00:00,C003,0.8291544355600053,0.0,0.0,0.8291544355600053
2026-01-01 06:00:00+00:00,C003,0.9200406420916996,0.0,0.0,0.9200406420916996
2026-01-01 06:15:00+00:00,C003,0.9835844902955058,0.0,0.0,0.9835844902955058
2026-01-01 06:30:00+00:00,C003,1.0480975385772378,0.0,0.0,1.0480975385772378
2026-01-01 06:45:00+00:00,C003,1.1019979217739388,0.0,0.0,1.1019979217739388
2026-01-01 07:00:00+00:00,C003,1.131939445831099,0.0,0.0,1.131939445831099
2026-01-01 07:15:00+00:00,C003,1.1555062806159746,0.26993363544313764,0.0,0.885572645172837
2026-01-01 07:30:00+00:00,C003,1.1183003619711778,0.5952297571497488,0.0,0.523070604821429
2026-01-01 07:45:00+00:00,C003,1.1208383366366674,0.7716608277996677,0.0,0.3491775088369997
2026-01-01 08:00:00+00:00,C003,1.1046370748552006,0.8471629004360904,0.0,0.25747417441911014
2026-01-01 08:15:00+00:00,C003,1.0902551194852301,1.4220186101368293,0.0,-0.33176349065159916
2026-01-01 08:30:00+00:00,C003,1.0221348957788678,1.6633520230970498,0.0,-0.6412171273181819
2026-01-01 08:45:00+00:00,C003,0.9826308036441711,1.5270759580283948,0.0,-0.5444451543842237
2026-01-01 09:00:00+00:00,C003,0.8801336721798482,1.9318618102311773,0.0,-1.0517281380513293
2026-01-01 09:15:00+00:00,C003,0.8467865681628621,1.8451268283181126,0.0,-0.9983402601552505
2026-01-01 09:30:00+00:00,C003,0.7765216133316792,2.2256265956391705,0.0,-1.4491049823074913
2026-01-01 09:45:00+00:00,C003,0.6538560780164271,2.1126043315281904,0.0,-1.4587482535117633
2026-01-01 10:00:00+00:00,C003,0.621640170609093,2.923726360385348,0.0,-2.3020861897762552
2026-01-01 10:15:00+00:00,C003,0.5515034099905551,2.638427658677316,0.0,-2.0869242486867607
2026-01-01 10:30:00+00:00,C003,0.5715994983142813,2.8293362805061286,0.0,-2.2577367821918473
2026-01-01 10:45:00+00:00,C003,0.5121620360255953,3.3750514869463473,0.0,-2.862889450920752
2026-01-01 11:00:00+00:00,C003,0.43521089818298714,3.6218737767944384,0.0,-3.1866628786114513
2026-01-01 11:15:00+00:00,C003,0.4577262543815372,2.6140103937685155,0.0,-2.1562841393869783
2026-01-01 11:30:00+00:00,C003,0.4846651277074625,3.143701977758718,0.0,-2.6590368500512556
2026-01-01 11:45:00+00:00,C003,0.4265734327412843,3.487721298658305,0.0,-3.0611478659170204
2026-01-01 12:00:00+00:00,C003,0.43632596349628533,3.029945416246922,0.0,-2.5936194527506364
2026-01-01 12:15:00+00:00,C003,0.4411772187613132,2.408016123559756,0.0,-1.966838904798443
2026-01-01 12:30:00+00:00,C003,0.39108901603776447,4.027060124592693,0.0,-3.6359711085549287
2026-01-01 12:45:00+00:00,C003,0.4359307148007596,3.578309303084705,0.0,-3.142378588283945
2026-01-01 13:00:00+00:00,C003,0.3993450887853943,3.2208162983017505,0.0,-2.821471209516356
2026-01-01 13:15:00+00:00,C003,0.418759967518167,2.0366244792377213,0.0,-1.6178645117195543
2026-01-01 13:30:00+00:00,C003,0.4795921458101726,2.4706221184424604,0.0,-1.9910299726322878
2026-01-01 13:45:00+00:00,C003,0.4711961454094721,2.152708764793607,0.0,-1.6815126193841352
2026-01-01 14:00:00+00:00,C003,0.4632910549149059,2.79296696612804,0.0,-2.329675911213134
2026-01-01 14:15:00+00:00,C003,0.48771296322373264,2.6106849596209827,0.0,-2.12297199639725
2026-01-01 14:30:00+00:00,C003,0.5198469347974715,1.8773976622128707,0.0,-1.3575507274153993
2026-01-01 14:45:00+00:00,C003,0.5308885069415734,1.8435303479093736,0.0,-1.3126418409678002
2026-01-01 15:00:00+00:00,C003,0.6145946036753364,1.5226416166147825,0.0,-0.9080470129394461
2026-01-01 15:15:00+00:00,C003,0.5964630409450742,1.5390483895051967,0.0,-0.9425853485601225
2026-01-01 15:30:00+00:00,C003,0.6572943286761145,1.2306127544597891,0.0,-0.5733184257836746
2026-01-01 15:45:00+00:00,C003,0.6894960182845565,1.057776106629395,0.0,-0.3682800883448384
2026-01-01 16:00:00+00:00,C003,0.7022720962620357,0.7585697474774313,0.0,-0.05629765121539565
2026-01-01 16:15:00+00:00,C003,0.7772085448270909,0.5686858952017014,0.0,0.20852264962538947
2026-01-01 16:30:00+00:00,C003,0.9339467234506127,0.5669785474243783,0.0,0.36696817602623444
2026-01-01 16:45:00+00:00,C003,0.962213240652195,0.3082941960768942,0.0,0.6539190445753009
2026-01-01 17:00:00+00:00,C003,0.936629692968779,2.854380883701209e-16,0.0,0.9366296929687786
2026-01-01 17:15:00+00:00,C003,1.007088075054235,0.0,0.0,1.007088075054235
2026-01-01 17:30:00+00:00,C003,1.1424373343486562,0.0,0.0,1.1424373343486562
2026-01-01 17:45:00+00:00,C003,1.26001516583419,0.0,0.0,1.26001516583419
2026-01-01 18:00:00+00:00,C003,1.2248834444235008,0.0,0.0,1.2248834444235008
2026-01-01 18:15:00+00:00,C003,1.284426196265573,0.0,0.0,1.284426196265573
2026-01-01 18:30:00+00:00,C003,1.2778998354451647,0.0,0.0,1.2778998354451647
2026-01-01 18:45:00+00:00,C003,1.2806475496522662,0.0,0.0,1.2806475496522662
2026-01-01 19:00:00+00:00,C003,1.2341247376074567,0.0,0.0,1.2341247376074567
2026-01-01 19:15:00+00:00,C003,1.3100289564350633,0.0,0.0,1.3100289564350633
2026-01-01 19:30:00+00:00,C003,1.220398599927614,0.0,0.0,1.220398599927614
2026-01-01 19:45:00+00:00,C003,1.268101520742316,0.0,0.0,1.268101520742316
2026-01-01 20:00:00+00:00,C003,1.1367268648198001,0.0,0.0,1.1367268648198001
2026-01-01 20:15:00+00:00,C003,1.1591096168049768,0.0,0.0,1.1591096168049768
2026-01-01 20:30:00+00:00,C003,1.1031777785840062,0.0,0.0,1.1031777785840062
2026-01-01 20:45:00+00:00,C003,1.0255613811251523,0.0,0.0,1.0255613811251523
2026-01-01 21:00:00+00:00,C003,1.0010127736410817,0.0,0.0,1.0010127736410817
2026-01-01 21:15:00+00:00,C003,0.8800499587762374,0.0,0.0,0.8800499587762374
2026-01-01 21:30:00+00:00,C003,0.8257243750664689,0.0,0.0,0.8257243750664689
2026-01-01 21:45:00+00:00,C003,0.8241067667461549,0.0,0.0,0.8241067667461549
2026-01-01 22:00:00+00:00,C003,0.7428063142868783,0.0,0.0,0.7428063142868783
2026-01-01 22:15:00+00:00,C003,0.6366227170018868,0.0,0.0,0.6366227170018868
2026-01-01 22:30:00+00:00,C003,0.625690926482084,0.0,0.0,0.625690926482084
2026-01-01 22:45:00+00:00,C003,0.5536031263158159,0.0,0.0,0.5536031263158159
2026-01-01 23:00:00+00:00,C003,0.5062213902132733,0.0,0.0,0.5062213902132733
2026-01-01 23:15:00+00:00,C003,0.536052965130976,0.0,0.0,0.536052965130976
2026-01-01 23:30:00+00:00,C003,0.4430646348372111,0.0,0.0,0.4430646348372111
2026-01-01 23:45:00+00:00,C003,0.49597414885420865,0.0,0.0,0.49597414885420865
2026-01-02 00:00:00+00:00,C003,0.36268414098314133,0.0,0.0,0.36268414098314133
2026-01-02 00:15:00+00:00,C003,0.36411081835186204,0.0,0.0,0.36411081835186204
2026-01-02 00:30:00+00:00,C003,0.374751249440374,0.0,0.0,0.374751249440374
2026-01-02 00:45:00+00:00,C003,0.39287860476883885,0.0,0.0,0.39287860476883885
2026-01-02 01:00:00+00:00,C003,0.34954734832796497,0.0,0.0,0.34954734832796497
2026-01-02 01:15:00+00:00,C003,0.3859502471869351,0.0,0.0,0.3859502471869351
2026-01-02 01:30:00+00:00,C003,0.3837707641853034,0.0,0.0,0.3837707641853034
2026-01-02 01:45:00+00:00,C003,0.33748986212689064,0.0,0.0,0.33748986212689064
2026-01-02 02:00:00+00:00,C003,0.3864621607641032,0.0,0.0,0.3864621607641032
2026-01-02 02:15:00+00:00,C003,0.43108253628932375,0.0,0.0,0.43108253628932375
2026-01-02 02:30:00+00:00,C003,0.44991455843310774,0.0,0.0,0.44991455843310774
2026-01-02 02:45:00+00:00,C003,0.42127982232381533,0.0,0.0,0.42127982232381533
2026-01-02 03:00:00+00:00,C003,0.360765748460233,0.0,0.0,0.360765748460233
2026-01-02 03:15:00+00:00,C003,0.43920054136348247,0.0,0.0,0.43920054136348247
2026-01-02 03:30:00+00:00,C003,0.44273714991893465,0.0,0.0,0.44273714991893465
2026-01-02 03:45:00+00:00,C003,0.4538344985831493,0.0,0.0,0.4538344985831493
2026-01-02 04:00:00+00:00,C003,0.48038904341986216,0.0,0.0,0.48038904341986216
2026-01-02 04:15:00+00:00,C003,0.4989331666564549,0.0,0.0,0.4989331666564549
2026-01-02 04:30:00+00:00,C003,0.5023983342280774,0.0,0.0,0.5023983342280774
2026-01-02 04:45:00+00:00,C003,0.5304845589786081,0.0,0.0,0.5304845589786081
2026-01-02 05:00:00+00:00,C003,0.5306565456476502,0.0,0.0,0.5306565456476502
2026-01-02 05:15:00+00:00,C003,0.6556246279941227,0.0,0.0,0.6556246279941227
2026-01-02 05:30:00+00:00,C003,0.6940587072544586,0.0,0.0,0.6940587072544586
2026-01-02 05:45:00+00:00,C003,0.7995775133669736,0.0,0.0,0.7995775133669736
2026-01-02 06:00:00+00:00,C003,0.8284900194705759,0.0,0.0,0.8284900194705759
2026-01-02 06:15:00+00:00,C003,0.9450342820105215,0.0,0.0,0.9450342820105215
2026-01-02 06:30:00+00:00,C003,1.064295171583798,0.0,0.0,1.064295171583798
2026-01-02 06:45:00+00:00,C003,1.0345340677910198,0.0,0.0,1.0345340677910198
2026-01-02 07:00:00+00:00,C003,1.0861822115200577,0.0,0.0,1.0861822115200577
2026-01-02 07:15:00+00:00,C003,1.140607186460606,0.23783446273732803,0.0,0.902772723723278
2026-01-02 07:30:00+00:00,C003,1.1960644854574858,0.480622415963217,0.0,0.7154420694942688
2026-01-02 07:45:00+00:00,C003,1.1202787723463725,0.8362031201938787,0.0,0.28407565215249386
2026-01-02 08:00:00+00:00,C003,1.129604490753229,1.2488283401736424,0.0,-0.11922384942041342
2026-01-02 08:15:00+00:00,C003,1.0504441675141123,1.6010697143416879,0.0,-0.5506255468275756
2026-01-02 08:30:00+00:00,C003,0.9912247158900347,1.5924430975639456,0.0,-0.601218381673911
2026-01-02 08:45:00+00:00,C003,0.9564335359449032,1.8372417481469285,0.0,-0.8808082122020253
2026-01-02 09:00:00+00:00,C003,0.8923053761606403,1.819792786974432,0.0,-0.9274874108137916
2026-01-02 09:15:00+00:00,C003,0.8456507820021444,2.087324750704966,0.0,-1.2416739687028215
2026-01-02 09:30:00+00:00,C003,0.7512988283504638,2.719084117803703,0.0,-1.967785289453239
2026-01-02 09:45:00+00:00,C003,0.6560378776723647,3.3593220034663007,0.0,-2.703284125793936
2026-01-02 10:00:00+00:00,C003,0.6711687029001983,3.227744589071517,0.0,-2.5565758861713186
2026-01-02 10:15:00+00:00,C003,0.5318826340249807,3.199693255193694,0.0,-2.667810621168713
2026-01-02 10:30:00+00:00,C003,0.4792530980404912,3.550824530589618,0.0,-3.071571432549127
2026-01-02 10:45:00+00:00,C003,0.40610948960228876,3.876954190671849,0.0,-3.4708447010695602
2026-01-02 11:00:00+00:00,C003,0.5011094147467678,3.628240380815404,0.0,-3.127130966068636
2026-01-02 11:15:00+00:00,C003,0.48324997658067625,4.0970236375337725,0.0,-3.6137736609530964
2026-01-02 11:30:00+00:00,C003,0.5238027565518035,4.248201727164828,0.0,-3.7243989706130245
2026-01-02 11:45:00+00:00,C003,0.38169800892094985,3.854510094030313,0.0,-3.4728120851093633
2026-01-02 12:00:00+00:00,C003,0.47046423996715775,4.243671900864491,0.0,-3.7732076608973335
2026-01-02 12:15:00+00:00,C003,0.422742103096241,3.940904118759428,0.0,-3.518162015663187
2026-01-02 12:30:00+00:00,C003,0.4456515615547163,3.9167499101583005,0.0,-3.4710983486035842
2026-01-02 12:45:00+00:00,C003,0.3694968426264683,4.55674641379103,0.0,-4.187249571164562
2026-01-02 13:00:00+00:00,C003,0.4563503821767591,4.174786064413336,0.0,-3.718435682236577
2026-01-02 13:15:00+00:00,C003,0.4490408338979669,3.2092300449763504,0.0,-2.7601892110783837
2026-01-02 13:30:00+00:00,C003,0.43527449296515763,4.256629233071187,0.0,-3.821354740106029
2026-01-02 13:45:00+00:00,C003,0.47506665504127865,4.495756844695466,0.0,-4.020690189654187
2026-01-02 14:00:00+00:00,C003,0.4539795422323554,4.18586662221677,0.0,-3.731887079984415
2026-01-02 14:15:00+00:00,C003,0.4675157824771797,3.2480634211387325,0.0,-2.780547638661553
2026-01-02 14:30:00+00:00,C003,0.4900594422170972,3.0383075962463715,0.0,-2.5482481540292743
2026-01-02 14:45:00+00:00,C003,0.4563757293271205,2.854886490073455,0.0,-2.3985107607463347
2026-01-02 15:00:00+00:00,C003,0.5890118732585983,2.21455175672779,0.0,-1.6255398834691916
2026-01-02 15:15:00+00:00,C003,0.6263455070627929,2.9796930427496955,0.0,-2.3533475356869027
2026-01-02 15:30:00+00:00,C003,0.6325933615265386,1.9162923364488136,0.0,-1.2836989749222751
2026-01-02 15:45:00+00:00,C003,0.7234257500684796,1.4059588466400061,0.0,-0.6825330965715265
2026-01-02 16:00:00+00:00,C003,0.7558589757260843,1.551327123800333,0.0,-0.7954681480742487
2026-01-02 16:15:00+00:00,C003,0.8272870057225296,1.0920245731587999,0.0,-0.2647375674362703
2026-01-02 16:30:00+00:00,C003,0.8045252824143406,0.7643365509723922,0.0,0.040188731441948455
2026-01-02 16:45:00+00:00,C003,0.9118497063726845,0.39073477411253027,0.0,0.5211149322601543
2026-01-02 17:00:00+00:00,C003,1.0014401255872267,5.787020470431538e-16,0.0,1.001440125587226
2026-01-02 17:15:00+00:00,C003,1.0612763361704385,0.0,0.0,1.0612763361704385
2026-01-02 17:30:00+00:00,C003,1.150166557886613,0.0,0.0,1.150166557886613
2026-01-02 17:45:00+00:00,C003,1.138370715648342,0.0,0.0,1.138370715648342
2026-01-02 18:00:00+00:00,C003,1.1544625957401025,0.0,0.0,1.1544625957401025
2026-01-02 18:15:00+00:00,C003,1.2764791074552573,0.0,0.0,1.2764791074552573
2026-01-02 18:30:00+00:00,C003,1.2937010012989074,0.0,0.0,1.2937010012989074
2026-01-02 18:45:00+00:00,C003,1.2793938016531095,0.0,0.0,1.2793938016531095
2026-01-02 19:00:00+00:00,C003,1.3296452828193357,0.0,0.0,1.3296452828193357
2026-01-02 19:15:00+00:00,C003,1.2606619320382313,0.0,0.0,1.2606619320382313
2026-01-02 19:30:00+00:00,C003,1.265924723593298,0.0,0.0,1.265924723593298
2026-01-02 19:45:00+00:00,C003,1.1931825997088938,0.0,0.0,1.1931825997088938
2026-01-02 20:00:00+00:00,C003,1.072783805375703,0.0,0.0,1.072783805375703
2026-01-02 20:15:00+00:00,C003,1.1052111885053677,0.0,0.0,1.1052111885053677
2026-01-02 20:30:00+00:00,C003,1.1197220565375436,0.0,0.0,1.1197220565375436
2026-01-02 20:45:00+00:00,C003,1.0109354820836036,0.0,0.0,1.0109354820836036
2026-01-02 21:00:00+00:00,C003,0.87699547505863,0.0,0.0,0.87699547505863
2026-01-02 21:15:00+00:00,C003,0.8350170754316706,0.0,0.0,0.8350170754316706
2026-01-02 21:30:00+00:00,C003,0.8843691407394254,0.0,0.0,0.8843691407394254
2026-01-02 21:45:00+00:00,C003,0.7453402362935382,0.0,0.0,0.7453402362935382
2026-01-02 22:00:00+00:00,C003,0.6849846869889519,0.0,0.0,0.6849846869889519
2026-01-02 22:15:00+00:00,C003,0.6280004146723972,0.0,0.0,0.6280004146723972
2026-01-02 22:30:00+00:00,C003,0.5647558433041054,0.0,0.0,0.5647558433041054
2026-01-02 22:45:00+00:00,C003,0.62738084412452,0.0,0.0,0.62738084412452
2026-01-02 23:00:00+00:00,C003,0.5361742033122051,0.0,0.0,0.5361742033122051
2026-01-02 23:15:00+00:00,C003,0.522433733099472,0.0,0.0,0.522433733099472
2026-01-02 23:30:00+00:00,C003,0.4562518495459396,0.0,0.0,0.4562518495459396
2026-01-02 23:45:00+00:00,C003,0.49490548050215916,0.0,0.0,0.49490548050215916
2026-01-03 00:00:00+00:00,C003,0.4039227917240391,0.0,0.0,0.4039227917240391
2026-01-03 00:15:00+00:00,C003,0.40923426356164544,0.0,0.0,0.40923426356164544
2026-01-03 00:30:00+00:00,C003,0.43026719155294424,0.0,0.0,0.43026719155294424
2026-01-03 00:45:00+00:00,C003,0.42889417564626237,0.0,0.0,0.42889417564626237
2026-01-03 01:00:00+00:00,C003,0.41094688893833364,0.0,0.0,0.41094688893833364
2026-01-03 01:15:00+00:00,C003,0.40583937994741676,0.0,0.0,0.40583937994741676
2026-01-03 01:30:00+00:00,C003,0.4705619893407069,0.0,0.0,0.4705619893407069
2026-01-03 01:45:00+00:00,C003,0.39095901455853366,0.0,0.0,0.39095901455853366
2026-01-03 02:00:00+00:00,C003,0.4179430530746294,0.0,0.0,0.4179430530746294
2026-01-03 02:15:00+00:00,C003,0.413345018633291,0.0,0.0,0.413345018633291
2026-01-03 02:30:00+00:00,C003,0.44092582604579905,0.0,0.0,0.44092582604579905
2026-01-03 02:45:00+00:00,C003,0.41670140533712197,0.0,0.0,0.41670140533712197
2026-01-03 03:00:00+00:00,C003,0.4690277962380508,0.0,0.0,0.4690277962380508
2026-01-03 03:15:00+00:00,C003,0.44569469515165766,0.0,0.0,0.44569469515165766
2026-01-03 03:30:00+00:00,C003,0.42150465552014765,0.0,0.0,0.42150465552014765
2026-01-03 03:45:00+00:00,C003,0.4876035447256579,0.0,0.0,0.4876035447256579
2026-01-03 04:00:00+00:00,C003,0.47104020092234183,0.0,0.0,0.47104020092234183
2026-01-03 04:15:00+00:00,C003,0.4727929752416026,0.0,0.0,0.4727929752416026
2026-01-03 04:30:00+00:00,C003,0.5493876166328926,0.0,0.0,0.5493876166328926
2026-01-03 04:45:00+00:00,C003,0.6262803175078282,0.0,0.0,0.6262803175078282
2026-01-03 05:00:00+00:00,C003,0.6638551642997828,0.0,0.0,0.6638551642997828
2026-01-03 05:15:00+00:00,C003,0.7330286110039621,0.0,0.0,0.7330286110039621
2026-01-03 05:30:00+00:00,C003,0.7265663117537071,0.0,0.0,0.7265663117537071
2026-01-03 05:45:00+00:00,C003,0.800586034382755,0.0,0.0,0.800586034382755
2026-01-03 06:00:00+00:00,C003,0.993584851529467,0.0,0.0,0.993584851529467
2026-01-03 06:15:00+00:00,C003,0.9589335972720162,0.0,0.0,0.9589335972720162
2026-01-03 06:30:00+00:00,C003,1.1237491781351638,0.0,0.0,1.1237491781351638
2026-01-03 06:45:00+00:00,C003,1.150672824986835,0.0,0.0,1.150672824986835
2026-01-03 07:00:00+00:00,C003,1.2253327523289266,0.0,0.0,1.2253327523289266
2026-01-03 07:15:00+00:00,C003,1.2179195728867664,0.4117525067691198,0.0,0.8061670661176467
2026-01-03 07:30:00+00:00,C003,1.2843086126965733,0.8473848171210916,0.0,0.43692379557548167
2026-01-03 07:45:00+00:00,C003,1.2842623897302088,1.1075811819558075,0.0,0.17668120777440133
2026-01-03 08:00:00+00:00,C003,1.2013022254494745,1.7266793611784232,0.0,-0.5253771357289487
2026-01-03 08:15:00+00:00,C003,1.1244570570402455,2.1714320248489853,0.0,-1.0469749678087399
2026-01-03 08:30:00+00:00,C003,1.0668224709028362,2.2744474332518485,0.0,-1.2076249623490123
2026-01-03 08:45:00+00:00,C003,0.9544283737139594,3.131529409804151,0.0,-2.1771010360901917
2026-01-03 09:00:00+00:00,C003,0.9800957702267634,2.9630103334458995,0.0,-1.982914563219136
2026-01-03 09:15:00+00:00,C003,0.9553262732958405,3.360766687077008,0.0,-2.4054404137811676
2026-01-03 09:30:00+00:00,C003,0.8550840068389342,3.7404736551220896,0.0,-2.8853896482831556
2026-01-03 09:45:00+00:00,C003,0.7530312987561295,3.3677520554807807,0.0,-2.614720756724651
2026-01-03 10:00:00+00:00,C003,0.6563528633872254,4.454299415643557,0.0,-3.7979465522563314
2026-01-03 10:15:00+00:00,C003,0.5397884530753968,3.5629263076043647,0.0,-3.0231378545289678
2026-01-03 10:30:00+00:00,C003,0.5376524366597162,4.714757853835537,0.0,-4.177105417175821
2026-01-03 10:45:00+00:00,C003,0.5818776615587093,5.3562161740815935,0.0,-4.774338512522884
2026-01-03 11:00:00+00:00,C003,0.50857743442288,4.874010167020112,0.0,-4.365432732597232
2026-01-03 11:15:00+00:00,C003,0.4739706344026895,5.519426278247763,0.0,-5.045455643845074
2026-01-03 11:30:00+00:00,C003,0.4848041685233731,5.436985079487061,0.0,-4.952180910963688
2026-01-03 11:45:00+00:00,C003,0.44400545856207885,4.912637821054218,0.0,-4.468632362492139
2026-01-03 12:00:00+00:00,C003,0.43634187772282446,4.8368058752645355,0.0,-4.400463997541711
2026-01-03 12:15:00+00:00,C003,0.46167917979263606,5.385032283819702,0.0,-4.923353104027066
2026-01-03 12:30:00+00:00,C003,0.45049096228783436,4.540298249161,0.0,-4.089807286873166
2026-01-03 12:45:00+00:00,C003,0.45410699677493377,4.374397317160161,0.0,-3.9202903203852277
2026-01-03 13:00:00+00:00,C003,0.42426223738072494,4.13388423812833,0.0,-3.7096220007476046
2026-01-03 13:15:00+00:00,C003,0.5011299215528557,4.4129042475599265,0.0,-3.9117743260070705
2026-01-03 13:30:00+00:00,C003,0.486380670865133,3.876535634675174,0.0,-3.390154963810041
2026-01-03 13:45:00+00:00,C003,0.472145629741543,5.054283234183512,0.0,-4.58213760444197
2026-01-03 14:00:00+00:00,C003,0.5003478713546177,4.1608511417514515,0.0,-3.660503270396834
2026-01-03 14:15:00+00:00,C003,0.5418680570017629,4.10267565756444,0.0,-3.560807600562677
2026-01-03 14:30:00+00:00,C003,0.5554124217003429,3.45990381056036,0.0,-2.9044913888600172
2026-01-03 14:45:00+00:00,C003,0.6009743948651395,3.386220326370484,0.0,-2.7852459315053446
2026-01-03 15:00:00+00:00,C003,0.6256959067524727,2.936678931263948,0.0,-2.3109830245114753
2026-01-03 15:15:00+00:00,C003,0.680625060200956,2.0747685294284484,0.0,-1.3941434692274923
2026-01-03 15:30:00+00:00,C003,0.7261482862124284,2.251440096425724,0.0,-1.5252918102132955
2026-01-03 15:45:00+00:00,C003,0.7381037598767601,1.7804904173537848,0.0,-1.0423866574770246
2026-01-03 16:00:00+00:00,C003,0.8000264567417623,1.5295307318077223,0.0,-0.7295042750659599
2026-01-03 16:15:00+00:00,C003,0.9285378798496,1.1153250789648133,0.0,-0.18678719911521324
2026-01-03 16:30:00+00:00,C003,0.9810057714974963,0.7494510915827729,0.0,0.23155467991472345
2026-01-03 16:45:00+00:00,C003,1.0787494586715578,0.35715621137928055,0.0,0.7215932472922773
2026-01-03 17:00:00+00:00,C003,1.1150029239512729,5.116775463915199e-16,0.0,1.1150029239512724
2026-01-03 17:15:00+00:00,C003,1.1726336522858638,0.0,0.0,1.1726336522858638
2026-01-03 17:30:00+00:00,C003,1.2487942603036506,0.0,0.0,1.2487942603036506
2026-01-03 17:45:00+00:00,C003,1.339332411417574,0.0,0.0,1.339332411417574
2026-01-03 18:00:00+00:00,C003,1.3566996055084122,0.0,0.0,1.3566996055084122
2026-01-03 18:15:00+00:00,C003,1.331318214258074,0.0,0.0,1.331318214258074
2026-01-03 18:30:00+00:00,C003,1.4573768771112272,0.0,0.0,1.4573768771112272
2026-01-03 18:45:00+00:00,C003,1.4105054368693228,0.0,0.0,1.4105054368693228
2026-01-03 19:00:00+00:00,C003,1.4434575817621098,0.0,0.0,1.4434575817621098
2026-01-03 19:15:00+00:00,C003,1.4185667864130822,0.0,0.0,1.4185667864130822
2026-01-03 19:30:00+00:00,C003,1.4181749801289394,0.0,0.0,1.4181749801289394
2026-01-03 19:45:00+00:00,C003,1.3061172521502225,0.0,0.0,1.3061172521502225
2026-01-03 20:00:00+00:00,C003,1.342286005778544,0.0,0.0,1.342286005778544
2026-01-03 20:15:00+00:00,C003,1.3144396290025304,0.0,0.0,1.3144396290025304
2026-01-03 20:30:00+00:00,C003,1.1383191972075963,0.0,0.0,1.1383191972075963
2026-01-03 20:45:00+00:00,C003,1.1250188272398003,0.0,0.0,1.1250188272398003
2026-01-03 21:00:00+00:00,C003,1.0663016655210815,0.0,0.0,1.0663016655210815
2026-01-03 21:15:00+00:00,C003,1.003727409497704,0.0,0.0,1.003727409497704
2026-01-03 21:30:00+00:00,C003,0.9518307862851999,0.0,0.0,0.9518307862851999
2026-01-03 21:45:00+00:00,C003,0.8364310303713888,0.0,0.0,0.8364310303713888
2026-01-03 22:00:00+00:00,C003,0.7760508374327008,0.0,0.0,0.7760508374327008
2026-01-03 22:15:00+00:00,C003,0.7214188716755547,0.0,0.0,0.7214188716755547
2026-01-03 22:30:00+00:00,C003,0.6502478098663104,0.0,0.0,0.6502478098663104
2026-01-03 22:45:00+00:00,C003,0.581731579098322,0.0,0.0,0.581731579098322
2026-01-03 23:00:00+00:00,C003,0.6309474647315249,0.0,0.0,0.6309474647315249
2026-01-03 23:15:00+00:00,C003,0.6512545368975665,0.0,0.0,0.6512545368975665
2026-01-03 23:30:00+00:00,C003,0.5171610795919175,0.0,0.0,0.5171610795919175
2026-01-03 23:45:00+00:00,C003,0.45554219826291376,0.0,0.0,0.45554219826291376
2026-01-04 00:00:00+00:00,C003,0.43107624250863263,0.0,0.0,0.43107624250863263
2026-01-04 00:15:00+00:00,C003,0.38386939433698763,0.0,0.0,0.38386939433698763
2026-01-04 00:30:00+00:00,C003,0.44923133564255097,0.0,0.0,0.44923133564255097
2026-01-04 00:45:00+00:00,C003,0.4017553828672084,0.0,0.0,0.4017553828672084
2026-01-04 01:00:00+00:00,C003,0.38353768065380633,0.0,0.0,0.38353768065380633
2026-01-04 01:15:00+00:00,C003,0.4350927663979171,0.0,0.0,0.4350927663979171
2026-01-04 01:30:00+00:00,C003,0.4470309177818532,0.0,0.0,0.4470309177818532
2026-01-04 01:45:00+00:00,C003,0.41777748904473133,0.0,0.0,0.41777748904473133
2026-01-04 02:00:00+00:00,C003,0.4126981404567909,0.0,0.0,0.4126981404567909
2026-01-04 02:15:00+00:00,C003,0.43166506509622427,0.0,0.0,0.43166506509622427
2026-01-04 02:30:00+00:00,C003,0.41617298778207756,0.0,0.0,0.41617298778207756
2026-01-04 02:45:00+00:00,C003,0.4540144945667997,0.0,0.0,0.4540144945667997
2026-01-04 03:00:00+00:00,C003,0.38322608859308854,0.0,0.0,0.38322608859308854
2026-01-04 03:15:00+00:00,C003,0.4606222923984017,0.0,0.0,0.4606222923984017
2026-01-04 03:30:00+00:00,C003,0.48697563158150486,0.0,0.0,0.48697563158150486
2026-01-04 03:45:00+00:00,C003,0.4990741911603586,0.0,0.0,0.4990741911603586
2026-01-04 04:00:00+00:00,C003,0.5253141501912658,0.0,0.0,0.5253141501912658
2026-01-04 04:15:00+00:00,C003,0.541824146970158,0.0,0.0,0.541824146970158
2026-01-04 04:30:00+00:00,C003,0.6060537115033408,0.0,0.0,0.6060537115033408
2026-01-04 04:45:00+00:00,C003,0.6237454468538118,0.0,0.0,0.6237454468538118
2026-01-04 05:00:00+00:00,C003,0.6696407377436742,0.0,0.0,0.6696407377436742
2026-01-04 05:15:00+00:00,C003,0.7310816922318442,0.0,0.0,0.7310816922318442
2026-01-04 05:30:00+00:00,C003,0.8034420456581005,0.0,0.0,0.8034420456581005
2026-01-04 05:45:00+00:00,C003,0.8566747168356094,0.0,0.0,0.8566747168356094
2026-01-04 06:00:00+00:00,C003,0.8867539109680643,0.0,0.0,0.8867539109680643
2026-01-04 06:15:00+00:00,C003,1.0510352106402587,0.0,0.0,1.0510352106402587
2026-01-04 06:30:00+00:00,C003,1.1274953207952536,0.0,0.0,1.1274953207952536
2026-01-04 06:45:00+00:00,C003,1.2436692099257713,0.0,0.0,1.2436692099257713
2026-01-04 07:00:00+00:00,C003,1.2034751543353428,0.0,0.0,1.2034751543353428
2026-01-04 07:15:00+00:00,C003,1.2551731745379913,0.2790957573124845,0.0,0.9760774172255068
2026-01-04 07:30:00+00:00,C003,1.2916726432849441,0.44912357226123895,0.0,0.8425490710237051
2026-01-04 07:45:00+00:00,C003,1.3070261809609738,0.5954993672405116,0.0,0.7115268137204622
2026-01-04 08:00:00+00:00,C003,1.1532549339447946,0.7340472214617375,0.0,0.4192077124830571
2026-01-04 08:15:00+00:00,C003,1.220413624508384,0.9914025782185315,0.0,0.22901104628985258
2026-01-04 08:30:00+00:00,C003,1.0386677447499142,1.484759785848131,0.0,-0.44609204109821676
2026-01-04 08:45:00+00:00,C003,1.0084539841802056,1.5799035617105404,0.0,-0.5714495775303348
2026-01-04 09:00:00+00:00,C003,0.9881120555476949,1.6464952527109564,0.0,-0.6583831971632615
2026-01-04 09:15:00+00:00,C003,0.936912893426457,2.013027728290651,0.0,-1.076114834864194
2026-01-04 09:30:00+00:00,C003,0.7996439858452038,2.175466900116589,0.0,-1.3758229142713851
2026-01-04 09:45:00+00:00,C003,0.7331060762791675,2.067001327935001,0.0,-1.3338952516558333
2026-01-04 10:00:00+00:00,C003,0.6950922254341839,2.535945726313468,0.0,-1.840853500879284
2026-01-04 10:15:00+00:00,C003,0.6864217105778538,2.938811887226745,0.0,-2.252390176648891
2026-01-04 10:30:00+00:00,C003,0.5540152274458234,2.9185267849689325,0.0,-2.364511557523109
2026-01-04 10:45:00+00:00,C003,0.5304674787560142,2.5355719741838123,0.0,-2.005104495427798
2026-01-04 11:00:00+00:00,C003,0.5786386501602223,2.890063631147197,0.0,-2.311424980986975
2026-01-04 11:15:00+00:00,C003,0.5047781190527225,2.7790538600987,0.0,-2.2742757410459777
2026-01-04 11:30:00+00:00,C003,0.5146485044224927,2.6483330111193717,0.0,-2.133684506696879
2026-01-04 11:45:00+00:00,C003,0.4505803411186653,3.170671444748802,0.0,-2.7200911036301365
2026-01-04 12:00:00+00:00,C003,0.47911359936406966,2.6112223133883337,0.0,-2.132108714024264
2026-01-04 12:15:00+00:00,C003,0.4228019247204153,2.7748866524342413,0.0,-2.352084727713826
2026-01-04 12:30:00+00:00,C003,0.4328661435976947,3.519613876710516,0.0,-3.086747733112821
2026-01-04 12:45:00+00:00,C003,0.496224856335449,2.1745507187305724,0.0,-1.6783258623951234
2026-01-04 13:00:00+00:00,C003,0.49997252838148076,3.0236038823354834,0.0,-2.5236313539540025
2026-01-04 13:15:00+00:00,C003,0.4750082768707736,3.450856566093079,0.0,-2.9758482892223053
2026-01-04 13:30:00+00:00,C003,0.47407480177127526,3.0516913013265867,0.0,-2.5776164995553117
2026-01-04 13:45:00+00:00,C003,0.49984547374506844,2.9017245878464237,0.0,-2.401879114101355
2026-01-04 14:00:00+00:00,C003,0.5203262930282581,2.3191339325579023,0.0,-1.7988076395296444
2026-01-04 14:15:00+00:00,C003,0.6016703695142694,2.294803593281111,0.0,-1.6931332237668415
2026-01-04 14:30:00+00:00,C003,0.5049751082165185,2.1499364172346045,0.0,-1.6449613090180861
2026-01-04 14:45:00+00:00,C003,0.5774909175460771,1.6644252791478387,0.0,-1.0869343616017617
2026-01-04 15:00:00+00:00,C003,0.6735656857131754,1.582946269742204,0.0,-0.9093805840290287
2026-01-04 15:15:00+00:00,C003,0.6691323567990889,1.4097649225099416,0.0,-0.7406325657108527
2026-01-04 15:30:00+00:00,C003,0.7499686357112826,1.2012462766683452,0.0,-0.4512776409570626
2026-01-04 15:45:00+00:00,C003,0.7939304447771074,0.9716787951852194,0.0,-0.177748350408112
2026-01-04 16:00:00+00:00,C003,0.8621999348224153,1.1966022517637365,0.0,-0.33440231694132116
2026-01-04 16:15:00+00:00,C003,0.8945271294321058,0.7030172517006702,0.0,0.19150987773143557
2026-01-04 16:30:00+00:00,C003,0.9651440403575267,0.6100363881033778,0.0,0.35510765225414886
2026-01-04 16:45:00+00:00,C003,1.1035803515053015,0.22029446041884507,0.0,0.8832858910864565
2026-01-04 17:00:00+00:00,C003,1.1017059767749815,3.4597800530293207e-16,0.0,1.101705976774981
2026-01-04 17:15:00+00:00,C003,1.1948290315969228,0.0,0.0,1.1948290315969228
2026-01-04 17:30:00+00:00,C003,1.3002070933831213,0.0,0.0,1.3002070933831213
2026-01-04 17:45:00+00:00,C003,1.4031656994429587,0.0,0.0,1.4031656994429587
2026-01-04 18:00:00+00:00,C003,1.3661517296350623,0.0,0.0,1.3661517296350623
2026-01-04 18:15:00+00:00,C003,1.4514962054457283,0.0,0.0,1.4514962054457283
2026-01-04 18:30:00+00:00,C003,1.4744488333624828,0.0,0.0,1.4744488333624828
2026-01-04 18:45:00+00:00,C003,1.4921126819516888,0.0,0.0,1.4921126819516888
2026-01-04 19:00:00+00:00,C003,1.45845814701414,0.0,0.0,1.45845814701414
2026-01-04 19:15:00+00:00,C003,1.3923164101429208,0.0,0.0,1.3923164101429208
2026-01-04 19:30:00+00:00,C003,1.4442410728295367,0.0,0.0,1.4442410728295367
2026-01-04 19:45:00+00:00,C003,1.467800416321805,0.0,0.0,1.467800416321805
2026-01-04 20:00:00+00:00,C003,1.360068066896349,0.0,0.0,1.360068066896349
2026-01-04 20:15:00+00:00,C003,1.2877341518896306,0.0,0.0,1.2877341518896306
2026-01-04 20:30:00+00:00,C003,1.1910805735117607,0.0,0.0,1.1910805735117607
2026-01-04 20:45:00+00:00,C003,1.1009288531562016,0.0,0.0,1.1009288531562016
2026-01-04 21:00:00+00:00,C003,1.1644039341830446,0.0,0.0,1.1644039341830446
2026-01-04 21:15:00+00:00,C003,1.0073030817343276,0.0,0.0,1.0073030817343276
2026-01-04 21:30:00+00:00,C003,0.9244067304597785,0.0,0.0,0.9244067304597785
2026-01-04 21:45:00+00:00,C003,0.8909818451333006,0.0,0.0,0.8909818451333006
2026-01-04 22:00:00+00:00,C003,0.8398747648130238,0.0,0.0,0.8398747648130238
2026-01-04 22:15:00+00:00,C003,0.8173361878713705,0.0,0.0,0.8173361878713705
2026-01-04 22:30:00+00:00,C003,0.6832114895340791,0.0,0.0,0.6832114895340791
2026-01-04 22:45:00+00:00,C003,0.6590288835899604,0.0,0.0,0.6590288835899604
2026-01-04 23:00:00+00:00,C003,0.6122168337052082,0.0,0.0,0.6122168337052082
2026-01-04 23:15:00+00:00,C003,0.5239006822439553,0.0,0.0,0.5239006822439553
2026-01-04 23:30:00+00:00,C003,0.5654178309316074,0.0,0.0,0.5654178309316074
2026-01-04 23:45:00+00:00,C003,0.5460883486851681,0.0,0.0,0.5460883486851681
2026-01-05 00:00:00+00:00,C003,0.4455591097104119,0.0,0.0,0.4455591097104119
2026-01-05 00:15:00+00:00,C003,0.3892980622711506,0.0,0.0,0.3892980622711506
2026-01-05 00:30:00+00:00,C003,0.3101611782860738,0.0,0.0,0.3101611782860738
2026-01-05 00:45:00+00:00,C003,0.3798072912555011,0.0,0.0,0.3798072912555011
2026-01-05 01:00:00+00:00,C003,0.4699037362747301,0.0,0.0,0.4699037362747301
2026-01-05 01:15:00+00:00,C003,0.4300291905096504,0.0,0.0,0.4300291905096504
2026-01-05 01:30:00+00:00,C003,0.3900061776311825,0.0,0.0,0.3900061776311825
2026-01-05 01:45:00+00:00,C003,0.4172461736865888,0.0,0.0,0.4172461736865888
2026-01-05 02:00:00+00:00,C003,0.38498597371261384,0.0,0.0,0.38498597371261384
2026-01-05 02:15:00+00:00,C003,0.36336198838150247,0.0,0.0,0.36336198838150247
2026-01-05 02:30:00+00:00,C003,0.3960480462846284,0.0,0.0,0.3960480462846284
2026-01-05 02:45:00+00:00,C003,0.4187944506078959,0.0,0.0,0.4187944506078959
2026-01-05 03:00:00+00:00,C003,0.3613018955270632,0.0,0.0,0.3613018955270632
2026-01-05 03:15:00+00:00,C003,0.3952062418250459,0.0,0.0,0.3952062418250459
2026-01-05 03:30:00+00:00,C003,0.4380752373434595,0.0,0.0,0.4380752373434595
2026-01-05 03:45:00+00:00,C003,0.4496845463014248,0.0,0.0,0.4496845463014248
2026-01-05 04:00:00+00:00,C003,0.4881208629799717,0.0,0.0,0.4881208629799717
2026-01-05 04:15:00+00:00,C003,0.46110061453633744,0.0,0.0,0.46110061453633744
2026-01-05 04:30:00+00:00,C003,0.544734858780493,0.0,0.0,0.544734858780493
2026-01-05 04:45:00+00:00,C003,0.5396990191471194,0.0,0.0,0.5396990191471194
2026-01-05 05:00:00+00:00,C003,0.6640505666084475,0.0,0.0,0.6640505666084475
2026-01-05 05:15:00+00:00,C003,0.6306757065370292,0.0,0.0,0.6306757065370292
2026-01-05 05:30:00+00:00,C003,0.7147866160364318,0.0,0.0,0.7147866160364318
2026-01-05 05:45:00+00:00,C003,0.8205789933907482,0.0,0.0,0.8205789933907482
2026-01-05 06:00:00+00:00,C003,0.9827934070262995,0.0,0.0,0.9827934070262995
2026-01-05 06:15:00+00:00,C003,1.0085073620097347,0.0,0.0,1.0085073620097347
2026-01-05 06:30:00+00:00,C003,1.0971777176432236,0.0,0.0,1.0971777176432236
2026-01-05 06:45:00+00:00,C003,1.1587713843108,0.0,0.0,1.1587713843108
2026-01-05 07:00:00+00:00,C003,1.1349940412232886,0.0,0.0,1.1349940412232886
2026-01-05 07:15:00+00:00,C003,1.1606630198893617,0.2943942702398416,0.0,0.86626874964952
2026-01-05 07:30:00+00:00,C003,1.1626611454660558,0.6668847955812766,0.0,0.49577634988477925
2026-01-05 07:45:00+00:00,C003,1.1414372255517427,1.0176749373375786,0.0,0.12376228821416402
2026-01-05 08:00:00+00:00,C003,1.1634956884683643,1.021398219731761,0.0,0.14209746873660323
2026-01-05 08:15:00+00:00,C003,1.052625698873601,1.4493708984451568,0.0,-0.39674519957155585
2026-01-05 08:30:00+00:00,C003,1.0718531737783799,1.802223407948391,0.0,-0.7303702341700111
2026-01-05 08:45:00+00:00,C003,0.9200191113894427,1.9324039597492606,0.0,-1.012384848359818
2026-01-05 09:00:00+00:00,C003,0.917887471426804,1.961961947174386,0.0,-1.044074475747582
2026-01-05 09:15:00+00:00,C003,0.8301281209535454,2.380697973463855,0.0,-1.5505698525103095
2026-01-05 09:30:00+00:00,C003,0.8094408162079206,2.9010298865421538,0.0,-2.091589070334233
2026-01-05 09:45:00+00:00,C003,0.7201216756779701,2.4365384537870107,0.0,-1.7164167781090405
2026-01-05 10:00:00+00:00,C003,0.6812901426474057,2.4733642518821974,0.0,-1.7920741092347918
2026-01-05 10:15:00+00:00,C003,0.5664480062129559,3.083541653076146,0.0,-2.51709364686319
2026-01-05 10:30:00+00:00,C003,0.5397542302439209,3.03623096848657,0.0,-2.4964767382426487
2026-01-05 10:45:00+00:00,C003,0.4695364784278541,3.051065358311688,0.0,-2.581528879883834
2026-01-05 11:00:00+00:00,C003,0.49010783651817497,3.218431087131585,0.0,-2.72832325061341
2026-01-05 11:15:00+00:00,C003,0.46190335876737987,3.5629943146589884,0.0,-3.1010909558916087
2026-01-05 11:30:00+00:00,C003,0.44722792251212656,3.653188810084559,0.0,-3.2059608875724326
2026-01-05 11:45:00+00:00,C003,0.41167589816910477,3.752551065107843,0.0,-3.3408751669387384
2026-01-05 12:00:00+00:00,C003,0.4052398532311097,4.585234311659742,0.0,-4.179994458428633
2026-01-05 12:15:00+00:00,C003,0.38829478594937883,3.7172985680007464,0.0,-3.329003782051368
2026-01-05 12:30:00+00:00,C003,0.40413746388961047,4.707092678211526,0.0,-4.302955214321916
2026-01-05 12:45:00+00:00,C003,0.46869812108178177,4.392041839373702,0.0,-3.92334371829192
2026-01-05 13:00:00+00:00,C003,0.405289875622457,3.3409761312943242,0.0,-2.9356862556718673
2026-01-05 13:15:00+00:00,C003,0.42318047962566996,3.480414129284268,0.0,-3.057233649658598
2026-01-05 13:30:00+00:00,C003,0.52379006420042,3.0970221899284884,0.0,-2.5732321257280684
2026-01-05 13:45:00+00:00,C003,0.45392361822790644,3.723027972049964,0.0,-3.269104353822058
2026-01-05 14:00:00+00:00,C003,0.5045197665072372,3.903873400472276,0.0,-3.399353633965039
2026-01-05 14:15:00+00:00,C003,0.5297084684384441,3.3487449784606795,0.0,-2.8190365100222357
2026-01-05 14:30:00+00:00,C003,0.5551140519594443,3.013606859792015,0.0,-2.4584928078325707
2026-01-05 14:45:00+00:00,C003,0.5092589302018505,2.792167846293316,0.0,-2.2829089160914653
2026-01-05 15:00:00+00:00,C003,0.6027065647805144,2.2377970313667954,0.0,-1.635090466586281
2026-01-05 15:15:00+00:00,C003,0.6175898178362127,2.386411686924594,0.0,-1.7688218690883812
2026-01-05 15:30:00+00:00,C003,0.7533130724441662,1.926082164197048,0.0,-1.172769091752882
2026-01-05 15:45:00+00:00,C003,0.7044371504506918,1.8853175821308787,0.0,-1.1808804316801869
2026-01-05 16:00:00+00:00,C003,0.7553064873654489,1.311782724938913,0.0,-0.556476237573464
2026-01-05 16:15:00+00:00,C003,0.8282022549382312,1.0481151857501845,0.0,-0.2199129308119533
2026-01-05 16:30:00+00:00,C003,0.884123687937968,0.7640999849263448,0.0,0.12002370301162324
2026-01-05 16:45:00+00:00,C003,1.0359021992552453,0.36535546729655555,0.0,0.6705467319586897
2026-01-05 17:00:00+00:00,C003,1.105337308610827,5.701546750557984e-16,0.0,1.1053373086108262
2026-01-05 17:15:00+00:00,C003,1.0588250437917806,0.0,0.0,1.0588250437917806
2026-01-05 17:30:00+00:00,C003,1.1286476178381726,0.0,0.0,1.1286476178381726
2026-01-05 17:45:00+00:00,C003,1.138194992187699,0.0,0.0,1.138194992187699
2026-01-05 18:00:00+00:00,C003,1.245589213891105,0.0,0.0,1.245589213891105
2026-01-05 18:15:00+00:00,C003,1.3315490644462513,0.0,0.0,1.3315490644462513
2026-01-05 18:30:00+00:00,C003,1.3094762253394108,0.0,0.0,1.3094762253394108
2026-01-05 18:45:00+00:00,C003,1.376199332576132,0.0,0.0,1.376199332576132
2026-01-05 19:00:00+00:00,C003,1.3777209829531019,0.0,0.0,1.3777209829531019
2026-01-05 19:15:00+00:00,C003,1.3989932536509615,0.0,0.0,1.3989932536509615
2026-01-05 19:30:00+00:00,C003,1.3685195233863472,0.0,0.0,1.3685195233863472
2026-01-05 19:45:00+00:00,C003,1.3117228537188128,0.0,0.0,1.3117228537188128
2026-01-05 20:00:00+00:00,C003,1.3247708106928688,0.0,0.0,1.3247708106928688
2026-01-05 20:15:00+00:00,C003,1.2262844914114384,0.0,0.0,1.2262844914114384
2026-01-05 20:30:00+00:00,C003,1.1999267320221645,0.0,0.0,1.1999267320221645
2026-01-05 20:45:00+00:00,C003,1.0778573351549539,0.0,0.0,1.0778573351549539
2026-01-05 21:00:00+00:00,C003,0.9544696797641129,0.0,0.0,0.9544696797641129
2026-01-05 21:15:00+00:00,C003,0.932422288651962,0.0,0.0,0.932422288651962
2026-01-05 21:30:00+00:00,C003,0.8656408298610165,0.0,0.0,0.8656408298610165
2026-01-05 21:45:00+00:00,C003,0.8069376386511481,0.0,0.0,0.8069376386511481
2026-01-05 22:00:00+00:00,C003,0.7977159807079233,0.0,0.0,0.7977159807079233
2026-01-05 22:15:00+00:00,C003,0.7214638768806957,0.0,0.0,0.7214638768806957
2026-01-05 22:30:00+00:00,C003,0.6863795409117607,0.0,0.0,0.6863795409117607
2026-01-05 22:45:00+00:00,C003,0.6318771907761845,0.0,0.0,0.6318771907761845
2026-01-05 23:00:00+00:00,C003,0.5686931265381842,0.0,0.0,0.5686931265381842
2026-01-05 23:15:00+00:00,C003,0.5886854765868778,0.0,0.0,0.5886854765868778
2026-01-05 23:30:00+00:00,C003,0.5245818664882277,0.0,0.0,0.5245818664882277
2026-01-05 23:45:00+00:00,C003,0.4626908309614641,0.0,0.0,0.4626908309614641
2026-01-06 00:00:00+00:00,C003,0.42819646702116004,0.0,0.0,0.42819646702116004
2026-01-06 00:15:00+00:00,C003,0.38070275880145915,0.0,0.0,0.38070275880145915
2026-01-06 00:30:00+00:00,C003,0.3814069792247964,0.0,0.0,0.3814069792247964
2026-01-06 00:45:00+00:00,C003,0.36462010246912396,0.0,0.0,0.36462010246912396
2026-01-06 01:00:00+00:00,C003,0.418856750745736,0.0,0.0,0.418856750745736
2026-01-06 01:15:00+00:00,C003,0.4389186826326006,0.0,0.0,0.4389186826326006
2026-01-06 01:30:00+00:00,C003,0.4082577552281019,0.0,0.0,0.4082577552281019
2026-01-06 01:45:00+00:00,C003,0.4430320177213949,0.0,0.0,0.4430320177213949
2026-01-06 02:00:00+00:00,C003,0.3581894183796132,0.0,0.0,0.3581894183796132
2026-01-06 02:15:00+00:00,C003,0.40772740770938876,0.0,0.0,0.40772740770938876
2026-01-06 02:30:00+00:00,C003,0.40924896762444385,0.0,0.0,0.40924896762444385
2026-01-06 02:45:00+00:00,C003,0.39932200125672895,0.0,0.0,0.39932200125672895
2026-01-06 03:00:00+00:00,C003,0.5040403120276076,0.0,0.0,0.5040403120276076
2026-01-06 03:15:00+00:00,C003,0.43269705804388336,0.0,0.0,0.43269705804388336
2026-01-06 03:30:00+00:00,C003,0.43912942230859503,0.0,0.0,0.43912942230859503
2026-01-06 03:45:00+00:00,C003,0.45595744590690657,0.0,0.0,0.45595744590690657
2026-01-06 04:00:00+00:00,C003,0.43734271740127484,0.0,0.0,0.43734271740127484
2026-01-06 04:15:00+00:00,C003,0.48669183204206845,0.0,0.0,0.48669183204206845
2026-01-06 04:30:00+00:00,C003,0.5869078166336485,0.0,0.0,0.5869078166336485
2026-01-06 04:45:00+00:00,C003,0.5753422772629421,0.0,0.0,0.5753422772629421
2026-01-06 05:00:00+00:00,C003,0.5890001585142645,0.0,0.0,0.5890001585142645
2026-01-06 05:15:00+00:00,C003,0.7164982580710443,0.0,0.0,0.7164982580710443
2026-01-06 05:30:00+00:00,C003,0.8051685502559437,0.0,0.0,0.8051685502559437
2026-01-06 05:45:00+00:00,C003,0.8670760133971183,0.0,0.0,0.8670760133971183
2026-01-06 06:00:00+00:00,C003,0.9395711428959203,0.0,0.0,0.9395711428959203
2026-01-06 06:15:00+00:00,C003,0.9881332245121404,0.0,0.0,0.9881332245121404
2026-01-06 06:30:00+00:00,C003,0.9891346467211517,0.0,0.0,0.9891346467211517
2026-01-06 06:45:00+00:00,C003,1.07894430177244,0.0,0.0,1.07894430177244
2026-01-06 07:00:00+00:00,C003,1.1444622643815723,0.0,0.0,1.1444622643815723
2026-01-06 07:15:00+00:00,C003,1.1737959000772584,0.3802997437257322,0.0,0.7934961563515261
2026-01-06 07:30:00+00:00,C003,1.2079232378482732,0.8849197714983149,0.0,0.32300346634995825
2026-01-06 07:45:00+00:00,C003,1.1508442705072288,1.155339700623386,0.0,-0.004495430116157273
2026-01-06 08:00:00+00:00,C003,1.1879766589200522,1.625679474366773,0.0,-0.43770281544672085
2026-01-06 08:15:00+00:00,C003,1.1431044814422167,2.268066303001321,0.0,-1.1249618215591044
2026-01-06 08:30:00+00:00,C003,1.1174751800813785,2.4517534928165308,0.0,-1.3342783127351523
2026-01-06 08:45:00+00:00,C003,0.9670570340938416,2.6436210924843855,0.0,-1.676564058390544
2026-01-06 09:00:00+00:00,C003,0.9172687056109906,2.898545052238766,0.0,-1.9812763466277756
2026-01-06 09:15:00+00:00,C003,0.859502318237834,3.4384604794827327,0.0,-2.578958161244899
2026-01-06 09:30:00+00:00,C003,0.746808307342618,3.157213065568289,0.0,-2.410404758225671
2026-01-06 09:45:00+00:00,C003,0.7015672603647691,3.5846801879489103,0.0,-2.883112927584141
2026-01-06 10:00:00+00:00,C003,0.673623386261299,4.309028704400779,0.0,-3.63540531813948
2026-01-06 10:15:00+00:00,C003,0.6090266031162378,4.111664540300584,0.0,-3.502637937184346
2026-01-06 10:30:00+00:00,C003,0.5296248566627151,3.7697216510821794,0.0,-3.2400967944194643
2026-01-06 10:45:00+00:00,C003,0.5093358528375899,3.8869687485571074,0.0,-3.3776328957195174
2026-01-06 11:00:00+00:00,C003,0.4411261574744557,5.480360674263166,0.0,-5.039234516788711
2026-01-06 11:15:00+00:00,C003,0.45594748922855,5.447917713454166,0.0,-4.991970224225616
2026-01-06 11:30:00+00:00,C003,0.4331655893218949,4.351828483036518,0.0,-3.9186628937146226
2026-01-06 11:45:00+00:00,C003,0.42022505326290327,5.625303155550872,0.0,-5.205078102287969
2026-01-06 12:00:00+00:00,C003,0.4606247046253196,5.759364041859591,0.0,-5.298739337234271
2026-01-06 12:15:00+00:00,C003,0.4699626637250285,5.3184462233077845,0.0,-4.848483559582756
2026-01-06 12:30:00+00:00,C003,0.42165470880837025,4.815473462944302,0.0,-4.393818754135932
2026-01-06 12:45:00+00:00,C003,0.46369646985156804,4.976178780149679,0.0,-4.512482310298111
2026-01-06 13:00:00+00:00,C003,0.42401708410204936,5.108807503475851,0.0,-4.684790419373802
2026-01-06 13:15:00+00:00,C003,0.4446491410441052,4.959135487059471,0.0,-4.5144863460153655
2026-01-06 13:30:00+00:00,C003,0.4596307444920096,4.785043949839542,0.0,-4.325413205347532
2026-01-06 13:45:00+00:00,C003,0.49150599070969186,4.6349156867251855,0.0,-4.143409696015493
2026-01-06 14:00:00+00:00,C003,0.48006403242417905,3.1277954657264093,0.0,-2.6477314333022304
2026-01-06 14:15:00+00:00,C003,0.5349778284859856,3.667704187289918,0.0,-3.1327263588039322
2026-01-06 14:30:00+00:00,C003,0.5586917308379347,3.1933089065134403,0.0,-2.6346171756755057
2026-01-06 14:45:00+00:00,C003,0.560918929358151,3.3599423214541386,0.0,-2.7990233920959877
2026-01-06 15:00:00+00:00,C003,0.5901133005423971,2.9423954022281094,0.0,-2.352282101685712
2026-01-06 15:15:00+00:00,C003,0.667563930858548,2.7409830633774144,0.0,-2.0734191325188664
2026-01-06 15:30:00+00:00,C003,0.7201777690017097,2.804938294817075,0.0,-2.0847605258153656
2026-01-06 15:45:00+00:00,C003,0.7602513075358901,2.117311489782999,0.0,-1.357060182247109
2026-01-06 16:00:00+00:00,C003,0.8780503864262632,1.7691132773568032,0.0,-0.89106289093054
2026-01-06 16:15:00+00:00,C003,0.9144884494972341,1.3819929688560113,0.0,-0.46750451935877724
2026-01-06 16:30:00+00:00,C003,0.9183833710626038,0.8417679343918881,0.0,0.07661543667071569
2026-01-06 16:45:00+00:00,C003,1.0070737870016604,0.32337073072991745,0.0,0.683703056271743
2026-01-06 17:00:00+00:00,C003,1.0647991062796636,5.844511527180093e-16,0.0,1.064799106279663
2026-01-06 17:15:00+00:00,C003,1.078312300402852,0.0,0.0,1.078312300402852
2026-01-06 17:30:00+00:00,C003,1.224289666247215,0.0,0.0,1.224289666247215
2026-01-06 17:45:00+00:00,C003,1.2404668095153772,0.0,0.0,1.2404668095153772
2026-01-06 18:00:00+00:00,C003,1.2889246006845698,0.0,0.0,1.2889246006845698
2026-01-06 18:15:00+00:00,C003,1.295801436355771,0.0,0.0,1.295801436355771
2026-01-06 18:30:00+00:00,C003,1.4326692920852198,0.0,0.0,1.4326692920852198
2026-01-06 18:45:00+00:00,C003,1.380679466474445,0.0,0.0,1.380679466474445
2026-01-06 19:00:00+00:00,C003,1.3828360151931125,0.0,0.0,1.3828360151931125
2026-01-06 19:15:00+00:00,C003,1.4601588454376875,0.0,0.0,1.4601588454376875
2026-01-06 19:30:00+00:00,C003,1.417763273370158,0.0,0.0,1.417763273370158
2026-01-06 19:45:00+00:00,C003,1.3132713689816207,0.0,0.0,1.3132713689816207
2026-01-06 20:00:00+00:00,C003,1.2631668728958236,0.0,0.0,1.2631668728958236
2026-01-06 20:15:00+00:00,C003,1.2097831945761797,0.0,0.0,1.2097831945761797
2026-01-06 20:30:00+00:00,C003,1.1660395674355977,0.0,0.0,1.1660395674355977
2026-01-06 20:45:00+00:00,C003,1.0555360889521248,0.0,0.0,1.0555360889521248
2026-01-06 21:00:00+00:00,C003,0.9507161507415648,0.0,0.0,0.9507161507415648
2026-01-06 21:15:00+00:00,C003,0.9135623554572433,0.0,0.0,0.9135623554572433
2026-01-06 21:30:00+00:00,C003,0.8645441113268587,0.0,0.0,0.8645441113268587
2026-01-06 21:45:00+00:00,C003,0.8196339144897254,0.0,0.0,0.8196339144897254
2026-01-06 22:00:00+00:00,C003,0.7766707171507993,0.0,0.0,0.7766707171507993
2026-01-06 22:15:00+00:00,C003,0.7019682674468795,0.0,0.0,0.7019682674468795
2026-01-06 22:30:00+00:00,C003,0.6840476896913713,0.0,0.0,0.6840476896913713
2026-01-06 22:45:00+00:00,C003,0.5761250083585392,0.0,0.0,0.5761250083585392
2026-01-06 23:00:00+00:00,C003,0.5544989744873144,0.0,0.0,0.5544989744873144
2026-01-06 23:15:00+00:00,C003,0.564123680742224,0.0,0.0,0.564123680742224
2026-01-06 23:30:00+00:00,C003,0.5229823800746001,0.0,0.0,0.5229823800746001
2026-01-06 23:45:00+00:00,C003,0.47529720475358805,0.0,0.0,0.47529720475358805
2026-01-07 00:00:00+00:00,C003,0.37722644583946635,0.0,0.0,0.37722644583946635
2026-01-07 00:15:00+00:00,C003,0.44173120700662705,0.0,0.0,0.44173120700662705
2026-01-07 00:30:00+00:00,C003,0.38964106874542154,0.0,0.0,0.38964106874542154
2026-01-07 00:45:00+00:00,C003,0.36749709552381493,0.0,0.0,0.36749709552381493
2026-01-07 01:00:00+00:00,C003,0.4074939674295984,0.0,0.0,0.4074939674295984
2026-01-07 01:15:00+00:00,C003,0.40882753848397846,0.0,0.0,0.40882753848397846
2026-01-07 01:30:00+00:00,C003,0.39799792594471295,0.0,0.0,0.39799792594471295
2026-01-07 01:45:00+00:00,C003,0.41088394643737797,0.0,0.0,0.41088394643737797
2026-01-07 02:00:00+00:00,C003,0.3581383922702965,0.0,0.0,0.3581383922702965
2026-01-07 02:15:00+00:00,C003,0.36634309725907593,0.0,0.0,0.36634309725907593
2026-01-07 02:30:00+00:00,C003,0.4196161658319151,0.0,0.0,0.4196161658319151
2026-01-07 02:45:00+00:00,C003,0.42149766926754495,0.0,0.0,0.42149766926754495
2026-01-07 03:00:00+00:00,C003,0.40719815981548735,0.0,0.0,0.40719815981548735
2026-01-07 03:15:00+00:00,C003,0.41576132801358084,0.0,0.0,0.41576132801358084
2026-01-07 03:30:00+00:00,C003,0.45600821322039614,0.0,0.0,0.45600821322039614
2026-01-07 03:45:00+00:00,C003,0.48274281539414554,0.0,0.0,0.48274281539414554
2026-01-07 04:00:00+00:00,C003,0.45801360213415054,0.0,0.0,0.45801360213415054
2026-01-07 04:15:00+00:00,C003,0.5278041866445583,0.0,0.0,0.5278041866445583
2026-01-07 04:30:00+00:00,C003,0.5285365159684052,0.0,0.0,0.5285365159684052
2026-01-07 04:45:00+00:00,C003,0.5940656008959259,0.0,0.0,0.5940656008959259
2026-01-07 05:00:00+00:00,C003,0.6386429925900805,0.0,0.0,0.6386429925900805
2026-01-07 05:15:00+00:00,C003,0.6962521233725772,0.0,0.0,0.6962521233725772
2026-01-07 05:30:00+00:00,C003,0.7650009401139729,0.0,0.0,0.7650009401139729
2026-01-07 05:45:00+00:00,C003,0.8632437002564792,0.0,0.0,0.8632437002564792
2026-01-07 06:00:00+00:00,C003,0.8866307259993849,0.0,0.0,0.8866307259993849
2026-01-07 06:15:00+00:00,C003,0.9933845690216149,0.0,0.0,0.9933845690216149
2026-01-07 06:30:00+00:00,C003,1.0633924725247315,0.0,0.0,1.0633924725247315
2026-01-07 06:45:00+00:00,C003,1.0982458521137863,0.0,0.0,1.0982458521137863
2026-01-07 07:00:00+00:00,C003,1.148445730332307,0.0,0.0,1.148445730332307
2026-01-07 07:15:00+00:00,C003,1.18988698742053,0.19805127915480109,0.0,0.991835708265729
2026-01-07 07:30:00+00:00,C003,1.206451741450139,0.4880718231200186,0.0,0.7183799183301204
2026-01-07 07:45:00+00:00,C003,1.1516739073305342,0.7901314682622952,0.0,0.361542439068239
2026-01-07 08:00:00+00:00,C003,1.1951439489130267,0.8252371531920398,0.0,0.36990679572098684
2026-01-07 08:15:00+00:00,C003,1.1024383965096722,1.646588962349357,0.0,-0.5441505658396848
2026-01-07 08:30:00+00:00,C003,0.9893248208505823,1.9094452626136906,0.0,-0.9201204417631084
2026-01-07 08:45:00+00:00,C003,0.9701880916624224,1.4661736632874214,0.0,-0.495985571624999
2026-01-07 09:00:00+00:00,C003,0.9218260308724663,1.8504392981612727,0.0,-0.9286132672888064
2026-01-07 09:15:00+00:00,C003,0.8166071303671774,1.9717889016584456,0.0,-1.1551817712912682
2026-01-07 09:30:00+00:00,C003,0.8074979741981044,2.681596812704088,0.0,-1.8740988385059834
2026-01-07 09:45:00+00:00,C003,0.6666923479178741,2.383368821958909,0.0,-1.7166764740410347
2026-01-07 10:00:00+00:00,C003,0.5971505687010782,1.7832028983214843,0.0,-1.1860523296204062
2026-01-07 10:15:00+00:00,C003,0.49996483111334217,2.2881685887938534,0.0,-1.7882037576805112
2026-01-07 10:30:00+00:00,C003,0.5324331673140104,2.662846669161795,0.0,-2.1304135018477846
2026-01-07 10:45:00+00:00,C003,0.48486718975584625,3.0225061852644797,0.0,-2.5376389955086336
2026-01-07 11:00:00+00:00,C003,0.47441988115952755,3.07579505717515,0.0,-2.601375176015622
2026-01-07 11:15:00+00:00,C003,0.5012345266904957,3.958543194469955,0.0,-3.457308667779459
2026-01-07 11:30:00+00:00,C003,0.4792416550021604,2.8484339559025056,0.0,-2.369192300900345
2026-01-07 11:45:00+00:00,C003,0.45425410738530847,2.5730802656699923,0.0,-2.118826158284684
2026-01-07 12:00:00+00:00,C003,0.4264757152940799,3.7566654727733826,0.0,-3.3301897574793027
2026-01-07 12:15:00+00:00,C003,0.47343710822403934,3.284300224201907,0.0,-2.8108631159778676
2026-01-07 12:30:00+00:00,C003,0.440343715904042,3.482087101683564,0.0,-3.0417433857795224
2026-01-07 12:45:00+00:00,C003,0.4033473229834128,3.3245448510638367,0.0,-2.921197528080424
2026-01-07 13:00:00+00:00,C003,0.3996725163464068,2.7646853201179136,0.0,-2.365012803771507
2026-01-07 13:15:00+00:00,C003,0.4556956966070255,3.645685206790971,0.0,-3.1899895101839455
2026-01-07 13:30:00+00:00,C003,0.46599460322960495,2.3254529569313838,0.0,-1.8594583537017788
2026-01-07 13:45:00+00:00,C003,0.5147392001788008,2.1583470955543858,0.0,-1.643607895375585
2026-01-07 14:00:00+00:00,C003,0.4906722262164437,2.439655627166679,0.0,-1.9489834009502354
2026-01-07 14:15:00+00:00,C003,0.5009833260542964,3.1191117186390374,0.0,-2.618128392584741
2026-01-07 14:30:00+00:00,C003,0.49715551054296925,2.3790371824350625,0.0,-1.8818816718920932
2026-01-07 14:45:00+00:00,C003,0.5788333518030081,1.468803945629219,0.0,-0.8899705938262109
2026-01-07 15:00:00+00:00,C003,0.5434190413173278,2.4831614119638314,0.0,-1.9397423706465036
2026-01-07 15:15:00+00:00,C003,0.6653281582524454,1.5800757895199764,0.0,-0.914747631267531
2026-01-07 15:30:00+00:00,C003,0.6971145098473467,1.5557876470709606,0.0,-0.8586731372236139
2026-01-07 15:45:00+00:00,C003,0.736952698043706,0.9362568531586289,0.0,-0.19930415511492294
2026-01-07 16:00:00+00:00,C003,0.8050785560447423,0.9791071146324751,0.0,-0.1740285585877328
2026-01-07 16:15:00+00:00,C003,0.85164444111472,0.6149046717909701,0.0,0.23673976932374996
2026-01-07 16:30:00+00:00,C003,0.8754142576422316,0.3990518975764569,0.0,0.47636236006577465
2026-01-07 16:45:00+00:00,C003,0.9428239022781559,0.172936400439487,0.0,0.7698875018386689
2026-01-07 17:00:00+00:00,C003,1.1110058554069622,3.5790752308475536e-16,0.0,1.1110058554069617
2026-01-07 17:15:00+00:00,C003,1.087094343339612,0.0,0.0,1.087094343339612
2026-01-07 17:30:00+00:00,C003,1.1704987296448042,0.0,0.0,1.1704987296448042
2026-01-07 17:45:00+00:00,C003,1.1456628324872902,0.0,0.0,1.1456628324872902
2026-01-07 18:00:00+00:00,C003,1.302251503027274,0.0,0.0,1.302251503027274
2026-01-07 18:15:00+00:00,C003,1.364103147835225,0.0,0.0,1.364103147835225
2026-01-07 18:30:00+00:00,C003,1.2600484987070257,0.0,0.0,1.2600484987070257
2026-01-07 18:45:00+00:00,C003,1.356834852458426,0.0,0.0,1.356834852458426
2026-01-07 19:00:00+00:00,C003,1.3043666377005216,0.0,0.0,1.3043666377005216
2026-01-07 19:15:00+00:00,C003,1.3202929815682263,0.0,0.0,1.3202929815682263
2026-01-07 19:30:00+00:00,C003,1.305313067693446,0.0,0.0,1.305313067693446
2026-01-07 19:45:00+00:00,C003,1.2213935029498921,0.0,0.0,1.2213935029498921
2026-01-07 20:00:00+00:00,C003,1.2215468415169692,0.0,0.0,1.2215468415169692
2026-01-07 20:15:00+00:00,C003,1.2166275050871436,0.0,0.0,1.2166275050871436
2026-01-07 20:30:00+00:00,C003,1.1261577668288,0.0,0.0,1.1261577668288
2026-01-07 20:45:00+00:00,C003,1.0394455133341598,0.0,0.0,1.0394455133341598
2026-01-07 21:00:00+00:00,C003,1.0051305660493315,0.0,0.0,1.0051305660493315
2026-01-07 21:15:00+00:00,C003,0.908966150613807,0.0,0.0,0.908966150613807
2026-01-07 21:30:00+00:00,C003,0.9050211135543117,0.0,0.0,0.9050211135543117
2026-01-07 21:45:00+00:00,C003,0.7788769106513549,0.0,0.0,0.7788769106513549
2026-01-07 22:00:00+00:00,C003,0.7557032302601517,0.0,0.0,0.7557032302601517
2026-01-07 22:15:00+00:00,C003,0.7365704025888432,0.0,0.0,0.7365704025888432
2026-01-07 22:30:00+00:00,C003,0.6581796561511147,0.0,0.0,0.6581796561511147
2026-01-07 22:45:00+00:00,C003,0.6178802757018098,0.0,0.0,0.6178802757018098
2026-01-07 23:00:00+00:00,C003,0.5514750568768615,0.0,0.0,0.5514750568768615
2026-01-07 23:15:00+00:00,C003,0.5425169603777535,0.0,0.0,0.5425169603777535
2026-01-07 23:30:00+00:00,C003,0.45455618265318415,0.0,0.0,0.45455618265318415
2026-01-07 23:45:00+00:00,C003,0.4962580908422878,0.0,0.0,0.4962580908422878
2026-01-01 00:00:00+00:00,C004,0.3813546758066668,0.0,0.0,0.3813546758066668
2026-01-01 00:15:00+00:00,C004,0.4180426121224691,0.0,0.0,0.4180426121224691
2026-01-01 00:30:00+00:00,C004,0.4026988670022899,0.0,0.0,0.4026988670022899
2026-01-01 00:45:00+00:00,C004,0.37360093259220195,0.0,0.0,0.37360093259220195
2026-01-01 01:00:00+00:00,C004,0.3931246883731008,0.0,0.0,0.3931246883731008
2026-01-01 01:15:00+00:00,C004,0.45243532941415476,0.0,0.0,0.45243532941415476
2026-01-01 01:30:00+00:00,C004,0.41513438306901795,0.0,0.0,0.41513438306901795
2026-01-01 01:45:00+00:00,C004,0.38060075514901354,0.0,0.0,0.38060075514901354
2026-01-01 02:00:00+00:00,C004,0.4205920765800154,0.0,0.0,0.4205920765800154
2026-01-01 02:15:00+00:00,C004,0.4100547387886599,0.0,0.0,0.4100547387886599
2026-01-01 02:30:00+00:00,C004,0.5166555770715615,0.0,0.0,0.5166555770715615
2026-01-01 02:45:00+00:00,C004,0.4244223996706322,0.0,0.0,0.4244223996706322
2026-01-01 03:00:00+00:00,C004,0.4096172869267548,0.0,0.0,0.4096172869267548
2026-01-01 03:15:00+00:00,C004,0.46708752512137186,0.0,0.0,0.46708752512137186
2026-01-01 03:30:00+00:00,C004,0.37850217088200666,0.0,0.0,0.37850217088200666
2026-01-01 03:45:00+00:00,C004,0.4505876889242413,0.0,0.0,0.4505876889242413
2026-01-01 04:00:00+00:00,C004,0.5208849492726941,0.0,0.0,0.5208849492726941
2026-01-01 04:15:00+00:00,C004,0.4819164889237401,0.0,0.0,0.4819164889237401
2026-01-01 04:30:00+00:00,C004,0.45757370625242844,0.0,0.0,0.45757370625242844
2026-01-01 04:45:00+00:00,C004,0.53603747559909,0.0,0.0,0.53603747559909
2026-01-01 05:00:00+00:00,C004,0.6366248466997878,0.0,0.0,0.6366248466997878
2026-01-01 05:15:00+00:00,C004,0.6590566514688813,0.0,0.0,0.6590566514688813
2026-01-01 05:30:00+00:00,C004,0.6778785516955086,0.0,0.0,0.6778785516955086
2026-01-01 05:45:00+00:00,C004,0.7542771596712625,0.0,0.0,0.7542771596712625
2026-01-01 06:00:00+00:00,C004,0.8300158535736089,0.0,0.0,0.8300158535736089
2026-01-01 06:15:00+00:00,C004,0.9290838995521127,0.0,0.0,0.9290838995521127
2026-01-01 06:30:00+00:00,C004,1.0262274141716745,0.0,0.0,1.0262274141716745
2026-01-01 06:45:00+00:00,C004,1.0771756356950626,0.0,0.0,1.0771756356950626
2026-01-01 07:00:00+00:00,C004,1.1009425612324542,0.0,0.0,1.1009425612324542
2026-01-01 07:15:00+00:00,C004,1.0603143233137569,0.0,0.0,1.0603143233137569
2026-01-01 07:30:00+00:00,C004,1.0616832350008483,0.0,0.0,1.0616832350008483
2026-01-01 07:45:00+00:00,C004,1.137549114319738,0.0,0.0,1.137549114319738
2026-01-01 08:00:00+00:00,C004,1.0375973316362015,0.0,0.0,1.0375973316362015
2026-01-01 08:15:00+00:00,C004,1.0371947568206572,0.0,0.0,1.0371947568206572
2026-01-01 08:30:00+00:00,C004,0.9916723828084618,0.0,0.0,0.9916723828084618
2026-01-01 08:45:00+00:00,C004,0.8765218314355325,0.0,0.0,0.8765218314355325
2026-01-01 09:00:00+00:00,C004,0.8165281667445918,0.0,0.0,0.8165281667445918
2026-01-01 09:15:00+00:00,C004,0.7761649586892416,0.0,0.0,0.7761649586892416
2026-01-01 09:30:00+00:00,C004,0.7265340444856744,0.0,0.0,0.7265340444856744
2026-01-01 09:45:00+00:00,C004,0.677664683086083,0.0,0.0,0.677664683086083
2026-01-01 10:00:00+00:00,C004,0.6107436025275759,0.0,0.0,0.6107436025275759
2026-01-01 10:15:00+00:00,C004,0.5508312390498404,0.0,0.0,0.5508312390498404
2026-01-01 10:30:00+00:00,C004,0.493179979379504,0.0,0.0,0.493179979379504
2026-01-01 10:45:00+00:00,C004,0.453420339579651,0.0,0.0,0.453420339579651
2026-01-01 11:00:00+00:00,C004,0.44954640469896073,0.0,0.0,0.44954640469896073
2026-01-01 11:15:00+00:00,C004,0.4619369789861829,0.0,0.0,0.4619369789861829
2026-01-01 11:30:00+00:00,C004,0.44821963139290305,0.0,0.0,0.44821963139290305
2026-01-01 11:45:00+00:00,C004,0.37005243496325535,0.0,0.0,0.37005243496325535
2026-01-01 12:00:00+00:00,C004,0.40530848758819243,0.0,0.0,0.40530848758819243
2026-01-01 12:15:00+00:00,C004,0.46549972071486156,0.0,0.0,0.46549972071486156
2026-01-01 12:30:00+00:00,C004,0.43286142271235073,0.0,0.0,0.43286142271235073
2026-01-01 12:45:00+00:00,C004,0.39103593038763973,0.0,0.0,0.39103593038763973
2026-01-01 13:00:00+00:00,C004,0.514476703520086,0.0,0.0,0.514476703520086
2026-01-01 13:15:00+00:00,C004,0.449252798563841,0.0,0.0,0.449252798563841
2026-01-01 13:30:00+00:00,C004,0.47354963845658216,0.0,0.0,0.47354963845658216
2026-01-01 13:45:00+00:00,C004,0.4894072692118017,0.0,0.0,0.4894072692118017
2026-01-01 14:00:00+00:00,C004,0.4846006431031952,0.0,0.0,0.4846006431031952
2026-01-01 14:15:00+00:00,C004,0.4931164996396575,0.0,0.0,0.4931164996396575
2026-01-01 14:30:00+00:00,C004,0.6130527289639626,0.0,0.0,0.6130527289639626
2026-01-01 14:45:00+00:00,C004,0.6089626366079548,0.0,0.0,0.6089626366079548
2026-01-01 15:00:00+00:00,C004,0.6513377639271349,0.0,0.0,0.6513377639271349
2026-01-01 15:15:00+00:00,C004,0.6867056459161012,0.0,0.0,0.6867056459161012
2026-01-01 15:30:00+00:00,C004,0.6905864851357794,0.0,0.0,0.6905864851357794
2026-01-01 15:45:00+00:00,C004,0.8163451411874674,0.0,0.0,0.8163451411874674
2026-01-01 16:00:00+00:00,C004,0.8165159562633665,0.0,0.0,0.8165159562633665
2026-01-01 16:15:00+00:00,C004,0.9194059946635551,0.0,0.0,0.9194059946635551
2026-01-01 16:30:00+00:00,C004,0.9313891883505518,0.0,0.0,0.9313891883505518
2026-01-01 16:45:00+00:00,C004,0.987497317421208,0.0,0.0,0.987497317421208
2026-01-01 17:00:00+00:00,C004,1.1440483892952071,0.0,0.0,1.1440483892952071
2026-01-01 17:15:00+00:00,C004,1.1760094483212942,0.0,0.0,1.1760094483212942
2026-01-01 17:30:00+00:00,C004,1.1965901907954948,0.0,0.0,1.1965901907954948
2026-01-01 17:45:00+00:00,C004,1.3742374348208541,0.0,0.0,1.3742374348208541
2026-01-01 18:00:00+00:00,C004,1.506547239395179,0.0,0.0,1.506547239395179
2026-01-01 18:15:00+00:00,C004,1.5076151509982587,0.0,0.0,1.5076151509982587
2026-01-01 18:30:00+00:00,C004,1.4597804643897276,0.0,0.0,1.4597804643897276
2026-01-01 18:45:00+00:00,C004,1.4895234391602825,0.0,0.0,1.4895234391602825
2026-01-01 19:00:00+00:00,C004,1.5498969608193103,0.0,0.0,1.5498969608193103
2026-01-01 19:15:00+00:00,C004,1.5497182108475007,0.0,0.0,1.5497182108475007
2026-01-01 19:30:00+00:00,C004,1.448687831951209,0.0,0.0,1.448687831951209
2026-01-01 19:45:00+00:00,C004,1.4400696983193324,0.0,0.0,1.4400696983193324
2026-01-01 20:00:00+00:00,C004,1.4016769022225501,0.0,0.0,1.4016769022225501
2026-01-01 20:15:00+00:00,C004,1.364189043176684,0.0,0.0,1.364189043176684
2026-01-01 20:30:00+00:00,C004,1.2662023044767674,0.0,0.0,1.2662023044767674
2026-01-01 20:45:00+00:00,C004,1.197061984326222,0.0,0.0,1.197061984326222
2026-01-01 21:00:00+00:00,C004,1.1873464036953472,0.0,0.0,1.1873464036953472
2026-01-01 21:15:00+00:00,C004,1.0928853051935552,0.0,0.0,1.0928853051935552
2026-01-01 21:30:00+00:00,C004,0.9945965534377531,0.0,0.0,0.9945965534377531
2026-01-01 21:45:00+00:00,C004,0.9576582654639764,0.0,0.0,0.9576582654639764
2026-01-01 22:00:00+00:00,C004,0.8207879276927101,0.0,0.0,0.8207879276927101
2026-01-01 22:15:00+00:00,C004,0.8170561559718698,0.0,0.0,0.8170561559718698
2026-01-01 22:30:00+00:00,C004,0.7253422715471702,0.0,0.0,0.7253422715471702
2026-01-01 22:45:00+00:00,C004,0.7571637589492246,0.0,0.0,0.7571637589492246
2026-01-01 23:00:00+00:00,C004,0.5778930951011878,0.0,0.0,0.5778930951011878
2026-01-01 23:15:00+00:00,C004,0.5519439161935566,0.0,0.0,0.5519439161935566
2026-01-01 23:30:00+00:00,C004,0.5552316654355004,0.0,0.0,0.5552316654355004
2026-01-01 23:45:00+00:00,C004,0.5253335762584366,0.0,0.0,0.5253335762584366
2026-01-02 00:00:00+00:00,C004,0.46316022438763477,0.0,0.0,0.46316022438763477
2026-01-02 00:15:00+00:00,C004,0.384654161593287,0.0,0.0,0.384654161593287
2026-01-02 00:30:00+00:00,C004,0.429899606127752,0.0,0.0,0.429899606127752
2026-01-02 00:45:00+00:00,C004,0.440816676092666,0.0,0.0,0.440816676092666
2026-01-02 01:00:00+00:00,C004,0.42683443377108327,0.0,0.0,0.42683443377108327
2026-01-02 01:15:00+00:00,C004,0.3744811921763497,0.0,0.0,0.3744811921763497
2026-01-02 01:30:00+00:00,C004,0.449536670559618,0.0,0.0,0.449536670559618
2026-01-02 01:45:00+00:00,C004,0.44307237811342876,0.0,0.0,0.44307237811342876
2026-01-02 02:00:00+00:00,C004,0.42848580600474645,0.0,0.0,0.42848580600474645
2026-01-02 02:15:00+00:00,C004,0.41667467805619496,0.0,0.0,0.41667467805619496
2026-01-02 02:30:00+00:00,C004,0.42064791898108267,0.0,0.0,0.42064791898108267
2026-01-02 02:45:00+00:00,C004,0.41299184837282715,0.0,0.0,0.41299184837282715
2026-01-02 03:00:00+00:00,C004,0.43610947183871646,0.0,0.0,0.43610947183871646
2026-01-02 03:15:00+00:00,C004,0.42831727669247877,0.0,0.0,0.42831727669247877
2026-01-02 03:30:00+00:00,C004,0.40564293397958306,0.0,0.0,0.40564293397958306
2026-01-02 03:45:00+00:00,C004,0.4113218475638976,0.0,0.0,0.4113218475638976
2026-01-02 04:00:00+00:00,C004,0.4376896328152034,0.0,0.0,0.4376896328152034
2026-01-02 04:15:00+00:00,C004,0.4902036525138137,0.0,0.0,0.4902036525138137
2026-01-02 04:30:00+00:00,C004,0.5075558613457712,0.0,0.0,0.5075558613457712
2026-01-02 04:45:00+00:00,C004,0.5522946473915227,0.0,0.0,0.5522946473915227
2026-01-02 05:00:00+00:00,C004,0.6033855628065591,0.0,0.0,0.6033855628065591
2026-01-02 05:15:00+00:00,C004,0.6231106704663999,0.0,0.0,0.6231106704663999
2026-01-02 05:30:00+00:00,C004,0.741685061027004,0.0,0.0,0.741685061027004
2026-01-02 05:45:00+00:00,C004,0.7626250217992397,0.0,0.0,0.7626250217992397
2026-01-02 06:00:00+00:00,C004,0.8312266351193378,0.0,0.0,0.8312266351193378
2026-01-02 06:15:00+00:00,C004,0.9254531886929179,0.0,0.0,0.9254531886929179
2026-01-02 06:30:00+00:00,C004,0.9134096983030485,0.0,0.0,0.9134096983030485
2026-01-02 06:45:00+00:00,C004,0.9999868455443875,0.0,0.0,0.9999868455443875
2026-01-02 07:00:00+00:00,C004,1.1125020539296089,0.0,0.0,1.1125020539296089
2026-01-02 07:15:00+00:00,C004,1.0391159044813545,0.0,0.0,1.0391159044813545
2026-01-02 07:30:00+00:00,C004,1.1541786993953334,0.0,0.0,1.1541786993953334
2026-01-02 07:45:00+00:00,C004,1.1735523431022084,0.0,0.0,1.1735523431022084
2026-01-02 08:00:00+00:00,C004,1.0696641581167,0.0,0.0,1.0696641581167
2026-01-02 08:15:00+00:00,C004,1.0510711987335624,0.0,0.0,1.0510711987335624
2026-01-02 08:30:00+00:00,C004,1.0188970196273848,0.0,0.0,1.0188970196273848
2026-01-02 08:45:00+00:00,C004,0.9034077040737011,0.0,0.0,0.9034077040737011
2026-01-02 09:00:00+00:00,C004,0.8660561036528439,0.0,0.0,0.8660561036528439
2026-01-02 09:15:00+00:00,C004,0.752717074445643,0.0,0.0,0.752717074445643
2026-01-02 09:30:00+00:00,C004,0.6955567490343568,0.0,0.0,0.6955567490343568
2026-01-02 09:45:00+00:00,C004,0.6234396360029082,0.0,0.0,0.6234396360029082
2026-01-02 10:00:00+00:00,C004,0.6009961195012283,0.0,0.0,0.6009961195012283
2026-01-02 10:15:00+00:00,C004,0.5799077741760532,0.0,0.0,0.5799077741760532
2026-01-02 10:30:00+00:00,C004,0.5013372917544471,0.0,0.0,0.5013372917544471
2026-01-02 10:45:00+00:00,C004,0.4391504448822381,0.0,0.0,0.4391504448822381
2026-01-02 11:00:00+00:00,C004,0.4295266955677905,0.0,0.0,0.4295266955677905
2026-01-02 11:15:00+00:00,C004,0.46180065171956824,0.0,0.0,0.46180065171956824
2026-01-02 11:30:00+00:00,C004,0.49737399936839194,0.0,0.0,0.49737399936839194
2026-01-02 11:45:00+00:00,C004,0.442748728109228,0.0,0.0,0.442748728109228
2026-01-02 12:00:00+00:00,C004,0.4182084801803551,0.0,0.0,0.4182084801803551
2026-01-02 12:15:00+00:00,C004,0.45133061248992046,0.0,0.0,0.45133061248992046
2026-01-02 12:30:00+00:00,C004,0.42312390548183043,0.0,0.0,0.42312390548183043
2026-01-02 12:45:00+00:00,C004,0.4217864053623689,0.0,0.0,0.4217864053623689
2026-01-02 13:00:00+00:00,C004,0.40798289303646135,0.0,0.0,0.40798289303646135
2026-01-02 13:15:00+00:00,C004,0.48941551298390196,0.0,0.0,0.48941551298390196
2026-01-02 13:30:00+00:00,C004,0.3831793883478425,0.0,0.0,0.3831793883478425
2026-01-02 13:45:00+00:00,C004,0.5001867196957842,0.0,0.0,0.5001867196957842
2026-01-02 14:00:00+00:00,C004,0.4828227858003527,0.0,0.0,0.4828227858003527
2026-01-02 14:15:00+00:00,C004,0.50522430854658,0.0,0.0,0.50522430854658
2026-01-02 14:30:00+00:00,C004,0.5958407170570416,0.0,0.0,0.5958407170570416
2026-01-02 14:45:00+00:00,C004,0.5528990796278285,0.0,0.0,0.5528990796278285
2026-01-02 15:00:00+00:00,C004,0.598507224915203,0.0,0.0,0.598507224915203
2026-01-02 15:15:00+00:00,C004,0.6587252352340275,0.0,0.0,0.6587252352340275
2026-01-02 15:30:00+00:00,C004,0.7325013315656198,0.0,0.0,0.7325013315656198
2026-01-02 15:45:00+00:00,C004,0.7682202238415284,0.0,0.0,0.7682202238415284
2026-01-02 16:00:00+00:00,C004,0.7980188475769446,0.0,0.0,0.7980188475769446
2026-01-02 16:15:00+00:00,C004,0.8857915240269613,0.0,0.0,0.8857915240269613
2026-01-02 16:30:00+00:00,C004,1.0165329104286387,0.0,0.0,1.0165329104286387
2026-01-02 16:45:00+00:00,C004,1.0641602870058158,0.0,0.0,1.0641602870058158
2026-01-02 17:00:00+00:00,C004,1.1452642201909753,0.0,0.0,1.1452642201909753
2026-01-02 17:15:00+00:00,C004,1.1990094717686102,0.0,0.0,1.1990094717686102
2026-01-02 17:30:00+00:00,C004,1.2390300872712134,0.0,0.0,1.2390300872712134
2026-01-02 17:45:00+00:00,C004,1.4128176195882163,0.0,0.0,1.4128176195882163
2026-01-02 18:00:00+00:00,C004,1.3835576899011865,0.0,0.0,1.3835576899011865
2026-01-02 18:15:00+00:00,C004,1.4143419692266441,0.0,0.0,1.4143419692266441
2026-01-02 18:30:00+00:00,C004,1.5304261209178993,0.0,0.0,1.5304261209178993
2026-01-02 18:45:00+00:00,C004,1.4484995017350457,0.0,0.0,1.4484995017350457
2026-01-02 19:00:00+00:00,C004,1.4675404434229815,0.0,0.0,1.4675404434229815
2026-01-02 19:15:00+00:00,C004,1.4970120365937363,0.0,0.0,1.4970120365937363
2026-01-02 19:30:00+00:00,C004,1.4753229528656784,0.0,0.0,1.4753229528656784
2026-01-02 19:45:00+00:00,C004,1.4438738735075207,0.0,0.0,1.4438738735075207
2026-01-02 20:00:00+00:00,C004,1.4764007811238824,0.0,0.0,1.4764007811238824
2026-01-02 20:15:00+00:00,C004,1.344959989711005,0.0,0.0,1.344959989711005
2026-01-02 20:30:00+00:00,C004,1.1617417964785963,0.0,0.0,1.1617417964785963
2026-01-02 20:45:00+00:00,C004,1.2087809983362074,0.0,0.0,1.2087809983362074
2026-01-02 21:00:00+00:00,C004,1.1177970366663563,0.0,0.0,1.1177970366663563
2026-01-02 21:15:00+00:00,C004,1.048811616380995,0.0,0.0,1.048811616380995
2026-01-02 21:30:00+00:00,C004,0.9840113722775887,0.0,0.0,0.9840113722775887
2026-01-02 21:45:00+00:00,C004,0.8955771275339139,0.0,0.0,0.8955771275339139
2026-01-02 22:00:00+00:00,C004,0.829105722232995,0.0,0.0,0.829105722232995
2026-01-02 22:15:00+00:00,C004,0.7810700283899251,0.0,0.0,0.7810700283899251
2026-01-02 22:30:00+00:00,C004,0.6929115151698907,0.0,0.0,0.6929115151698907
2026-01-02 22:45:00+00:00,C004,0.6327584523478552,0.0,0.0,0.6327584523478552
2026-01-02 23:00:00+00:00,C004,0.705900213509277,0.0,0.0,0.705900213509277
2026-01-02 23:15:00+00:00,C004,0.5453627136592607,0.0,0.0,0.5453627136592607
2026-01-02 23:30:00+00:00,C004,0.5360027539513588,0.0,0.0,0.5360027539513588
2026-01-02 23:45:00+00:00,C004,0.4645921523441221,0.0,0.0,0.4645921523441221
2026-01-03 00:00:00+00:00,C004,0.4459047574273419,0.0,0.0,0.4459047574273419
2026-01-03 00:15:00+00:00,C004,0.4113348953943663,0.0,0.0,0.4113348953943663
2026-01-03 00:30:00+00:00,C004,0.4321993981572181,0.0,0.0,0.4321993981572181
2026-01-03 00:45:00+00:00,C004,0.47720542470878535,0.0,0.0,0.47720542470878535
2026-01-03 01:00:00+00:00,C004,0.4576667838544967,0.0,0.0,0.4576667838544967
2026-01-03 01:15:00+00:00,C004,0.4636243909914901,0.0,0.0,0.4636243909914901
2026-01-03 01:30:00+00:00,C004,0.3935983979608254,0.0,0.0,0.3935983979608254
2026-01-03 01:45:00+00:00,C004,0.5032603289623904,0.0,0.0,0.5032603289623904
2026-01-03 02:00:00+00:00,C004,0.41263257362336453,0.0,0.0,0.41263257362336453
2026-01-03 02:15:00+00:00,C004,0.4936083587281734,0.0,0.0,0.4936083587281734
2026-01-03 02:30:00+00:00,C004,0.48327090642509873,0.0,0.0,0.48327090642509873
2026-01-03 02:45:00+00:00,C004,0.47172380792877006,0.0,0.0,0.47172380792877006
2026-01-03 03:00:00+00:00,C004,0.4386703371118885,0.0,0.0,0.4386703371118885
2026-01-03 03:15:00+00:00,C004,0.47070935432121225,0.0,0.0,0.47070935432121225
2026-01-03 03:30:00+00:00,C004,0.4625372704318352,0.0,0.0,0.4625372704318352
2026-01-03 03:45:00+00:00,C004,0.4908789386383776,0.0,0.0,0.4908789386383776
2026-01-03 04:00:00+00:00,C004,0.49915495720111136,0.0,0.0,0.49915495720111136
2026-01-03 04:15:00+00:00,C004,0.4677932584763586,0.0,0.0,0.4677932584763586
2026-01-03 04:30:00+00:00,C004,0.5904678024416433,0.0,0.0,0.5904678024416433
2026-01-03 04:45:00+00:00,C004,0.5999521033119192,0.0,0.0,0.5999521033119192
2026-01-03 05:00:00+00:00,C004,0.6330696108002388,0.0,0.0,0.6330696108002388
2026-01-03 05:15:00+00:00,C004,0.6907912732747297,0.0,0.0,0.6907912732747297
2026-01-03 05:30:00+00:00,C004,0.7849060611018175,0.0,0.0,0.7849060611018175
2026-01-03 05:45:00+00:00,C004,0.8160805223566514,0.0,0.0,0.8160805223566514
2026-01-03 06:00:00+00:00,C004,0.8493285097237468,0.0,0.0,0.8493285097237468
2026-01-03 06:15:00+00:00,C004,1.0101036878040053,0.0,0.0,1.0101036878040053
2026-01-03 06:30:00+00:00,C004,1.0952839551097084,0.0,0.0,1.0952839551097084
2026-01-03 06:45:00+00:00,C004,1.1341179681587026,0.0,0.0,1.1341179681587026
2026-01-03 07:00:00+00:00,C004,1.1413607135603108,0.0,0.0,1.1413607135603108
2026-01-03 07:15:00+00:00,C004,1.2218751677703759,0.0,0.0,1.2218751677703759
2026-01-03 07:30:00+00:00,C004,1.1664386133302018,0.0,0.0,1.1664386133302018
2026-01-03 07:45:00+00:00,C004,1.1819916120098777,0.0,0.0,1.1819916120098777
2026-01-03 08:00:00+00:00,C004,1.157543956503831,0.0,0.0,1.157543956503831
2026-01-03 08:15:00+00:00,C004,1.1729009274880307,0.0,0.0,1.1729009274880307
2026-01-03 08:30:00+00:00,C004,1.0516260205934527,0.0,0.0,1.0516260205934527
2026-01-03 08:45:00+00:00,C004,0.9806368039510563,0.0,0.0,0.9806368039510563
2026-01-03 09:00:00+00:00,C004,0.9947174915323574,0.0,0.0,0.9947174915323574
2026-01-03 09:15:00+00:00,C004,0.8617185641861919,0.0,0.0,0.8617185641861919
2026-01-03 09:30:00+00:00,C004,0.7917628163207381,0.0,0.0,0.7917628163207381
2026-01-03 09:45:00+00:00,C004,0.7004368196475323,0.0,0.0,0.7004368196475323
2026-01-03 10:00:00+00:00,C004,0.6326063769663537,0.0,0.0,0.6326063769663537
2026-01-03 10:15:00+00:00,C004,0.5337923790834667,0.0,0.0,0.5337923790834667
2026-01-03 10:30:00+00:00,C004,0.5942725937132902,0.0,0.0,0.5942725937132902
2026-01-03 10:45:00+00:00,C004,0.5477961024933279,0.0,0.0,0.5477961024933279
2026-01-03 11:00:00+00:00,C004,0.5094751146273258,0.0,0.0,0.5094751146273258
2026-01-03 11:15:00+00:00,C004,0.48969738962426507,0.0,0.0,0.48969738962426507
2026-01-03 11:30:00+00:00,C004,0.5067183309445845,0.0,0.0,0.5067183309445845
2026-01-03 11:45:00+00:00,C004,0.4298736490732755,0.0,0.0,0.4298736490732755
2026-01-03 12:00:00+00:00,C004,0.45601974177203947,0.0,0.0,0.45601974177203947
2026-01-03 12:15:00+00:00,C004,0.4372108915383469,0.0,0.0,0.4372108915383469
2026-01-03 12:30:00+00:00,C004,0.5298206802096523,0.0,0.0,0.5298206802096523
2026-01-03 12:45:00+00:00,C004,0.5065173241101611,0.0,0.0,0.5065173241101611
2026-01-03 13:00:00+00:00,C004,0.4128992558011772,0.0,0.0,0.4128992558011772
2026-01-03 13:15:00+00:00,C004,0.4507433168591764,0.0,0.0,0.4507433168591764
2026-01-03 13:30:00+00:00,C004,0.5045675846852369,0.0,0.0,0.5045675846852369
2026-01-03 13:45:00+00:00,C004,0.5038790825816278,0.0,0.0,0.5038790825816278
2026-01-03 14:00:00+00:00,C004,0.49634330079622485,0.0,0.0,0.49634330079622485
2026-01-03 14:15:00+00:00,C004,0.630750741902674,0.0,0.0,0.630750741902674
2026-01-03 14:30:00+00:00,C004,0.6112567202640212,0.0,0.0,0.6112567202640212
2026-01-03 14:45:00+00:00,C004,0.6518053697680736,0.0,0.0,0.6518053697680736
2026-01-03 15:00:00+00:00,C004,0.6566542664668498,0.0,0.0,0.6566542664668498
2026-01-03 15:15:00+00:00,C004,0.7592328850361285,0.0,0.0,0.7592328850361285
2026-01-03 15:30:00+00:00,C004,0.7818405464777602,0.0,0.0,0.7818405464777602
2026-01-03 15:45:00+00:00,C004,0.8455594232428965,0.0,0.0,0.8455594232428965
2026-01-03 16:00:00+00:00,C004,0.9460491138571866,0.0,0.0,0.9460491138571866
2026-01-03 16:15:00+00:00,C004,0.9486843916767991,0.0,0.0,0.9486843916767991
2026-01-03 16:30:00+00:00,C004,1.1455963910052487,0.0,0.0,1.1455963910052487
2026-01-03 16:45:00+00:00,C004,1.1815761886613696,0.0,0.0,1.1815761886613696
2026-01-03 17:00:00+00:00,C004,1.3064788114457502,0.0,0.0,1.3064788114457502
2026-01-03 17:15:00+00:00,C004,1.2811576403864144,0.0,0.0,1.2811576403864144
2026-01-03 17:30:00+00:00,C004,1.3589494369709356,0.0,0.0,1.3589494369709356
2026-01-03 17:45:00+00:00,C004,1.419188488451861,0.0,0.0,1.419188488451861
2026-01-03 18:00:00+00:00,C004,1.545998150478941,0.0,0.0,1.545998150478941
2026-01-03 18:15:00+00:00,C004,1.5814251028292015,0.0,0.0,1.5814251028292015
2026-01-03 18:30:00+00:00,C004,1.5943313701625574,0.0,0.0,1.5943313701625574
2026-01-03 18:45:00+00:00,C004,1.5830128148987928,0.0,0.0,1.5830128148987928
2026-01-03 19:00:00+00:00,C004,1.5774226975185928,0.0,0.0,1.5774226975185928
2026-01-03 19:15:00+00:00,C004,1.6397958354352842,0.0,0.0,1.6397958354352842
2026-01-03 19:30:00+00:00,C004,1.598146765102248,0.0,0.0,1.598146765102248
2026-01-03 19:45:00+00:00,C004,1.5410222974221932,0.0,0.0,1.5410222974221932
2026-01-03 20:00:00+00:00,C004,1.6143598605717253,0.0,0.0,1.6143598605717253
2026-01-03 20:15:00+00:00,C004,1.450304057262034,0.0,0.0,1.450304057262034
2026-01-03 20:30:00+00:00,C004,1.449962540122935,0.0,0.0,1.449962540122935
2026-01-03 20:45:00+00:00,C004,1.2947619960554158,0.0,0.0,1.2947619960554158
2026-01-03 21:00:00+00:00,C004,1.255961790964998,0.0,0.0,1.255961790964998
2026-01-03 21:15:00+00:00,C004,1.1618642713728287,0.0,0.0,1.1618642713728287
2026-01-03 21:30:00+00:00,C004,1.005989235346739,0.0,0.0,1.005989235346739
2026-01-03 21:45:00+00:00,C004,1.0441047477180898,0.0,0.0,1.0441047477180898
2026-01-03 22:00:00+00:00,C004,0.9131896807001469,0.0,0.0,0.9131896807001469
2026-01-03 22:15:00+00:00,C004,0.8782853462462429,0.0,0.0,0.8782853462462429
2026-01-03 22:30:00+00:00,C004,0.7582635461119336,0.0,0.0,0.7582635461119336
2026-01-03 22:45:00+00:00,C004,0.7198713737597087,0.0,0.0,0.7198713737597087
2026-01-03 23:00:00+00:00,C004,0.6529603747334627,0.0,0.0,0.6529603747334627
2026-01-03 23:15:00+00:00,C004,0.6698369402248499,0.0,0.0,0.6698369402248499
2026-01-03 23:30:00+00:00,C004,0.6024945883967351,0.0,0.0,0.6024945883967351
2026-01-03 23:45:00+00:00,C004,0.5734580317971818,0.0,0.0,0.5734580317971818
2026-01-04 00:00:00+00:00,C004,0.48507960874545497,0.0,0.0,0.48507960874545497
2026-01-04 00:15:00+00:00,C004,0.47941907602422296,0.0,0.0,0.47941907602422296
2026-01-04 00:30:00+00:00,C004,0.46881502883831855,0.0,0.0,0.46881502883831855
2026-01-04 00:45:00+00:00,C004,0.40320676048598025,0.0,0.0,0.40320676048598025
2026-01-04 01:00:00+00:00,C004,0.4231217978119379,0.0,0.0,0.4231217978119379
2026-01-04 01:15:00+00:00,C004,0.42321583150618586,0.0,0.0,0.42321583150618586
2026-01-04 01:30:00+00:00,C004,0.47130291099360117,0.0,0.0,0.47130291099360117
2026-01-04 01:45:00+00:00,C004,0.45484835709226495,0.0,0.0,0.45484835709226495
2026-01-04 02:00:00+00:00,C004,0.40907007392681793,0.0,0.0,0.40907007392681793
2026-01-04 02:15:00+00:00,C004,0.4481455360406699,0.0,0.0,0.4481455360406699
2026-01-04 02:30:00+00:00,C004,0.4140398559282974,0.0,0.0,0.4140398559282974
2026-01-04 02:45:00+00:00,C004,0.45587456042662095,0.0,0.0,0.45587456042662095
2026-01-04 03:00:00+00:00,C004,0.4090857875624872,0.0,0.0,0.4090857875624872
2026-01-04 03:15:00+00:00,C004,0.4877043197317026,0.0,0.0,0.4877043197317026
2026-01-04 03:30:00+00:00,C004,0.4868359089009113,0.0,0.0,0.4868359089009113
2026-01-04 03:45:00+00:00,C004,0.5478990057854101,0.0,0.0,0.5478990057854101
2026-01-04 04:00:00+00:00,C004,0.5329560128954812,0.0,0.0,0.5329560128954812
2026-01-04 04:15:00+00:00,C004,0.5209049060940101,0.0,0.0,0.5209049060940101
2026-01-04 04:30:00+00:00,C004,0.5876449402552165,0.0,0.0,0.5876449402552165
2026-01-04 04:45:00+00:00,C004,0.5566255998392033,0.0,0.0,0.5566255998392033
2026-01-04 05:00:00+00:00,C004,0.6207480403774192,0.0,0.0,0.6207480403774192
2026-01-04 05:15:00+00:00,C004,0.7144711138315692,0.0,0.0,0.7144711138315692
2026-01-04 05:30:00+00:00,C004,0.7085196211373879,0.0,0.0,0.7085196211373879
2026-01-04 05:45:00+00:00,C004,0.8487919990371968,0.0,0.0,0.8487919990371968
2026-01-04 06:00:00+00:00,C004,0.889451614819364,0.0,0.0,0.889451614819364
2026-01-04 06:15:00+00:00,C004,1.0093665494669206,0.0,0.0,1.0093665494669206
2026-01-04 06:30:00+00:00,C004,1.03660431402745,0.0,0.0,1.03660431402745
2026-01-04 06:45:00+00:00,C004,1.1637605332426886,0.0,0.0,1.1637605332426886
2026-01-04 07:00:00+00:00,C004,1.1954113733077776,0.0,0.0,1.1954113733077776
2026-01-04 07:15:00+00:00,C004,1.2908281176730536,0.0,0.0,1.2908281176730536
2026-01-04 07:30:00+00:00,C004,1.232604103406477,0.0,0.0,1.232604103406477
2026-01-04 07:45:00+00:00,C004,1.200748514921812,0.0,0.0,1.200748514921812
2026-01-04 08:00:00+00:00,C004,1.181977563209178,0.0,0.0,1.181977563209178
2026-01-04 08:15:00+00:00,C004,1.094339133574428,0.0,0.0,1.094339133574428
2026-01-04 08:30:00+00:00,C004,1.0936373578503686,0.0,0.0,1.0936373578503686
2026-01-04 08:45:00+00:00,C004,1.0283740145565907,0.0,0.0,1.0283740145565907
2026-01-04 09:00:00+00:00,C004,1.005584579864023,0.0,0.0,1.005584579864023
2026-01-04 09:15:00+00:00,C004,0.8339013025889696,0.0,0.0,0.8339013025889696
2026-01-04 09:30:00+00:00,C004,0.7788326318431188,0.0,0.0,0.7788326318431188
2026-01-04 09:45:00+00:00,C004,0.6970729391124671,0.0,0.0,0.6970729391124671
2026-01-04 10:00:00+00:00,C004,0.6654054916151229,0.0,0.0,0.6654054916151229
2026-01-04 10:15:00+00:00,C004,0.6194144691282892,0.0,0.0,0.6194144691282892
2026-01-04 10:30:00+00:00,C004,0.5615227992512872,0.0,0.0,0.5615227992512872
2026-01-04 10:45:00+00:00,C004,0.5672745568950606,0.0,0.0,0.5672745568950606
2026-01-04 11:00:00+00:00,C004,0.4963178780808948,0.0,0.0,0.4963178780808948
2026-01-04 11:15:00+00:00,C004,0.5285599664138184,0.0,0.0,0.5285599664138184
2026-01-04 11:30:00+00:00,C004,0.501574710295372,0.0,0.0,0.501574710295372
2026-01-04 11:45:00+00:00,C004,0.48081362433921593,0.0,0.0,0.48081362433921593
2026-01-04 12:00:00+00:00,C004,0.4669876595153717,0.0,0.0,0.4669876595153717
2026-01-04 12:15:00+00:00,C004,0.5464010306532853,0.0,0.0,0.5464010306532853
2026-01-04 12:30:00+00:00,C004,0.44905325197423246,0.0,0.0,0.44905325197423246
2026-01-04 12:45:00+00:00,C004,0.4878905341228224,0.0,0.0,0.4878905341228224
2026-01-04 13:00:00+00:00,C004,0.46964121498254024,0.0,0.0,0.46964121498254024
2026-01-04 13:15:00+00:00,C004,0.549509863087273,0.0,0.0,0.549509863087273
2026-01-04 13:30:00+00:00,C004,0.5359246174756023,0.0,0.0,0.5359246174756023
2026-01-04 13:45:00+00:00,C004,0.5047941685692452,0.0,0.0,0.5047941685692452
2026-01-04 14:00:00+00:00,C004,0.558518309560608,0.0,0.0,0.558518309560608
2026-01-04 14:15:00+00:00,C004,0.586518825639211,0.0,0.0,0.586518825639211
2026-01-04 14:30:00+00:00,C004,0.5912719540873892,0.0,0.0,0.5912719540873892
2026-01-04 14:45:00+00:00,C004,0.6641217779361819,0.0,0.0,0.6641217779361819
2026-01-04 15:00:00+00:00,C004,0.7045564480778229,0.0,0.0,0.7045564480778229
2026-01-04 15:15:00+00:00,C004,0.7408670841150734,0.0,0.0,0.7408670841150734
2026-01-04 15:30:00+00:00,C004,0.79545791380054,0.0,0.0,0.79545791380054
2026-01-04 15:45:00+00:00,C004,0.8729968848278968,0.0,0.0,0.8729968848278968
2026-01-04 16:00:00+00:00,C004,0.9449469511262714,0.0,0.0,0.9449469511262714
2026-01-04 16:15:00+00:00,C004,1.0098755672870103,0.0,0.0,1.0098755672870103
2026-01-04 16:30:00+00:00,C004,1.0624168936232652,0.0,0.0,1.0624168936232652
2026-01-04 16:45:00+00:00,C004,1.243448495202056,0.0,0.0,1.243448495202056
2026-01-04 17:00:00+00:00,C004,1.2107041451797462,0.0,0.0,1.2107041451797462
2026-01-04 17:15:00+00:00,C004,1.357832919573132,0.0,0.0,1.357832919573132
2026-01-04 17:30:00+00:00,C004,1.4062205668993215,0.0,0.0,1.4062205668993215
2026-01-04 17:45:00+00:00,C004,1.579192030874138,0.0,0.0,1.579192030874138
2026-01-04 18:00:00+00:00,C004,1.4997358140072166,0.0,0.0,1.4997358140072166
2026-01-04 18:15:00+00:00,C004,1.5534823645588987,0.0,0.0,1.5534823645588987
2026-01-04 18:30:00+00:00,C004,1.5712448794411213,0.0,0.0,1.5712448794411213
2026-01-04 18:45:00+00:00,C004,1.683654391032964,0.0,0.0,1.683654391032964
2026-01-04 19:00:00+00:00,C004,1.5845820072452805,0.0,0.0,1.5845820072452805
2026-01-04 19:15:00+00:00,C004,1.6159970613780403,0.0,0.0,1.6159970613780403
2026-01-04 19:30:00+00:00,C004,1.5138428476971701,0.0,0.0,1.5138428476971701
2026-01-04 19:45:00+00:00,C004,1.613075140924975,0.0,0.0,1.613075140924975
2026-01-04 20:00:00+00:00,C004,1.5140151632357282,0.0,0.0,1.5140151632357282
2026-01-04 20:15:00+00:00,C004,1.3977348760027202,0.0,0.0,1.3977348760027202
2026-01-04 20:30:00+00:00,C004,1.4629786145734913,0.0,0.0,1.4629786145734913
2026-01-04 20:45:00+00:00,C004,1.2630397225195293,0.0,0.0,1.2630397225195293
2026-01-04 21:00:00+00:00,C004,1.280009818089017,0.0,0.0,1.280009818089017
2026-01-04 21:15:00+00:00,C004,1.1337557366811624,0.0,0.0,1.1337557366811624
2026-01-04 21:30:00+00:00,C004,1.141685400163136,0.0,0.0,1.141685400163136
2026-01-04 21:45:00+00:00,C004,1.018326356294517,0.0,0.0,1.018326356294517
2026-01-04 22:00:00+00:00,C004,0.8948786840086104,0.0,0.0,0.8948786840086104
2026-01-04 22:15:00+00:00,C004,0.8357557846693592,0.0,0.0,0.8357557846693592
2026-01-04 22:30:00+00:00,C004,0.8025107755820975,0.0,0.0,0.8025107755820975
2026-01-04 22:45:00+00:00,C004,0.7256645241528321,0.0,0.0,0.7256645241528321
2026-01-04 23:00:00+00:00,C004,0.6751862658792176,0.0,0.0,0.6751862658792176
2026-01-04 23:15:00+00:00,C004,0.6704635783878986,0.0,0.0,0.6704635783878986
2026-01-04 23:30:00+00:00,C004,0.5804610343856942,0.0,0.0,0.5804610343856942
2026-01-04 23:45:00+00:00,C004,0.572938810788388,0.0,0.0,0.572938810788388
2026-01-05 00:00:00+00:00,C004,0.43813851755888,0.0,0.0,0.43813851755888
2026-01-05 00:15:00+00:00,C004,0.4329609296933181,0.0,0.0,0.4329609296933181
2026-01-05 00:30:00+00:00,C004,0.40230489227669625,0.0,0.0,0.40230489227669625
2026-01-05 00:45:00+00:00,C004,0.39903489754999705,0.0,0.0,0.39903489754999705
2026-01-05 01:00:00+00:00,C004,0.3568072995744357,0.0,0.0,0.3568072995744357
2026-01-05 01:15:00+00:00,C004,0.38132590863523086,0.0,0.0,0.38132590863523086
2026-01-05 01:30:00+00:00,C004,0.42517167496981073,0.0,0.0,0.42517167496981073
2026-01-05 01:45:00+00:00,C004,0.408016964361249,0.0,0.0,0.408016964361249
2026-01-05 02:00:00+00:00,C004,0.41658779434114057,0.0,0.0,0.41658779434114057
2026-01-05 02:15:00+00:00,C004,0.4452315230702931,0.0,0.0,0.4452315230702931
2026-01-05 02:30:00+00:00,C004,0.37993036762426513,0.0,0.0,0.37993036762426513
2026-01-05 02:45:00+00:00,C004,0.41225747434770127,0.0,0.0,0.41225747434770127
2026-01-05 03:00:00+00:00,C004,0.42768745402268377,0.0,0.0,0.42768745402268377
2026-01-05 03:15:00+00:00,C004,0.4075315001037548,0.0,0.0,0.4075315001037548
2026-01-05 03:30:00+00:00,C004,0.47907627362485256,0.0,0.0,0.47907627362485256
2026-01-05 03:45:00+00:00,C004,0.47735097894329975,0.0,0.0,0.47735097894329975
2026-01-05 04:00:00+00:00,C004,0.47371428287084816,0.0,0.0,0.47371428287084816
2026-01-05 04:15:00+00:00,C004,0.5396943420117152,0.0,0.0,0.5396943420117152
2026-01-05 04:30:00+00:00,C004,0.46798695721288663,0.0,0.0,0.46798695721288663
2026-01-05 04:45:00+00:00,C004,0.5520861044047474,0.0,0.0,0.5520861044047474
2026-01-05 05:00:00+00:00,C004,0.6060056960554051,0.0,0.0,0.6060056960554051
2026-01-05 05:15:00+00:00,C004,0.6234840365481709,0.0,0.0,0.6234840365481709
2026-01-05 05:30:00+00:00,C004,0.7212058477433263,0.0,0.0,0.7212058477433263
2026-01-05 05:45:00+00:00,C004,0.743631778777224,0.0,0.0,0.743631778777224
2026-01-05 06:00:00+00:00,C004,0.879561387040202,0.0,0.0,0.879561387040202
2026-01-05 06:15:00+00:00,C004,0.9624070401081746,0.0,0.0,0.9624070401081746
2026-01-05 06:30:00+00:00,C004,1.0059989672944087,0.0,0.0,1.0059989672944087
2026-01-05 06:45:00+00:00,C004,0.9906867354105732,0.0,0.0,0.9906867354105732
2026-01-05 07:00:00+00:00,C004,1.0601739043722043,0.0,0.0,1.0601739043722043
2026-01-05 07:15:00+00:00,C004,1.141378264841147,0.0,0.0,1.141378264841147
2026-01-05 07:30:00+00:00,C004,1.1354565145653497,0.0,0.0,1.1354565145653497
2026-01-05 07:45:00+00:00,C004,1.0168264529325457,0.0,0.0,1.0168264529325457
2026-01-05 08:00:00+00:00,C004,1.1373922869795539,0.0,0.0,1.1373922869795539
2026-01-05 08:15:00+00:00,C004,1.049113975703993,0.0,0.0,1.049113975703993
2026-01-05 08:30:00+00:00,C004,0.9641410785061157,0.0,0.0,0.9641410785061157
2026-01-05 08:45:00+00:00,C004,0.9518754396887629,0.0,0.0,0.9518754396887629
2026-01-05 09:00:00+00:00,C004,0.8335515810874693,0.0,0.0,0.8335515810874693
2026-01-05 09:15:00+00:00,C004,0.7652177717991134,0.0,0.0,0.7652177717991134
2026-01-05 09:30:00+00:00,C004,0.7278319510162816,0.0,0.0,0.7278319510162816
2026-01-05 09:45:00+00:00,C004,0.7113990465655885,0.0,0.0,0.7113990465655885
2026-01-05 10:00:00+00:00,C004,0.6511370765061816,0.0,0.0,0.6511370765061816
2026-01-05 10:15:00+00:00,C004,0.5668348223648166,0.0,0.0,0.5668348223648166
2026-01-05 10:30:00+00:00,C004,0.5309396253526781,0.0,0.0,0.5309396253526781
2026-01-05 10:45:00+00:00,C004,0.5107330035974917,0.0,0.0,0.5107330035974917
2026-01-05 11:00:00+00:00,C004,0.4348991870568091,0.0,0.0,0.4348991870568091
2026-01-05 11:15:00+00:00,C004,0.4730984397380434,0.0,0.0,0.4730984397380434
2026-01-05 11:30:00+00:00,C004,0.4243713127805469,0.0,0.0,0.4243713127805469
2026-01-05 11:45:00+00:00,C004,0.4465539426358,0.0,0.0,0.4465539426358
2026-01-05 12:00:00+00:00,C004,0.42811582140952403,0.0,0.0,0.42811582140952403
2026-01-05 12:15:00+00:00,C004,0.4526499468689387,0.0,0.0,0.4526499468689387
2026-01-05 12:30:00+00:00,C004,0.4373683100143914,0.0,0.0,0.4373683100143914
2026-01-05 12:45:00+00:00,C004,0.3485214880857765,0.0,0.0,0.3485214880857765
2026-01-05 13:00:00+00:00,C004,0.45212814772052023,0.0,0.0,0.45212814772052023
2026-01-05 13:15:00+00:00,C004,0.475922892771309,0.0,0.0,0.475922892771309
2026-01-05 13:30:00+00:00,C004,0.4809667464880546,0.0,0.0,0.4809667464880546
2026-01-05 13:45:00+00:00,C004,0.47741111160899385,0.0,0.0,0.47741111160899385
2026-01-05 14:00:00+00:00,C004,0.5503941520421344,0.0,0.0,0.5503941520421344
2026-01-05 14:15:00+00:00,C004,0.5331300150405168,0.0,0.0,0.5331300150405168
2026-01-05 14:30:00+00:00,C004,0.5658602799752264,0.0,0.0,0.5658602799752264
2026-01-05 14:45:00+00:00,C004,0.6161805628580966,0.0,0.0,0.6161805628580966
2026-01-05 15:00:00+00:00,C004,0.641169039796739,0.0,0.0,0.641169039796739
2026-01-05 15:15:00+00:00,C004,0.6541946912969987,0.0,0.0,0.6541946912969987
2026-01-05 15:30:00+00:00,C004,0.6533737111269169,0.0,0.0,0.6533737111269169
2026-01-05 15:45:00+00:00,C004,0.7767870693078136,0.0,0.0,0.7767870693078136
2026-01-05 16:00:00+00:00,C004,0.8736748313507285,0.0,0.0,0.8736748313507285
2026-01-05 16:15:00+00:00,C004,0.9123544332056047,0.0,0.0,0.9123544332056047
2026-01-05 16:30:00+00:00,C004,1.0277857636770749,0.0,0.0,1.0277857636770749
2026-01-05 16:45:00+00:00,C004,1.078756208585882,0.0,0.0,1.078756208585882
2026-01-05 17:00:00+00:00,C004,1.1918745470195604,0.0,0.0,1.1918745470195604
2026-01-05 17:15:00+00:00,C004,1.200753001355857,0.0,0.0,1.200753001355857
2026-01-05 17:30:00+00:00,C004,1.3162397414255889,0.0,0.0,1.3162397414255889
2026-01-05 17:45:00+00:00,C004,1.382602710397945,0.0,0.0,1.382602710397945
2026-01-05 18:00:00+00:00,C004,1.4822144554021746,0.0,0.0,1.4822144554021746
2026-01-05 18:15:00+00:00,C004,1.3790369804006755,0.0,0.0,1.3790369804006755
2026-01-05 18:30:00+00:00,C004,1.4681282101592266,0.0,0.0,1.4681282101592266
2026-01-05 18:45:00+00:00,C004,1.5599502990015988,0.0,0.0,1.5599502990015988
2026-01-05 19:00:00+00:00,C004,1.6011171333142282,0.0,0.0,1.6011171333142282
2026-01-05 19:15:00+00:00,C004,1.5320671667825678,0.0,0.0,1.5320671667825678
2026-01-05 19:30:00+00:00,C004,1.4873996295535543,0.0,0.0,1.4873996295535543
2026-01-05 19:45:00+00:00,C004,1.5099994286162437,0.0,0.0,1.5099994286162437
2026-01-05 20:00:00+00:00,C004,1.4606793163791627,0.0,0.0,1.4606793163791627
2026-01-05 20:15:00+00:00,C004,1.3392393249576282,0.0,0.0,1.3392393249576282
2026-01-05 20:30:00+00:00,C004,1.3051628139175042,0.0,0.0,1.3051628139175042
2026-01-05 20:45:00+00:00,C004,1.2563059992809813,0.0,0.0,1.2563059992809813
2026-01-05 21:00:00+00:00,C004,1.2121359675628476,0.0,0.0,1.2121359675628476
2026-01-05 21:15:00+00:00,C004,1.0992093464610349,0.0,0.0,1.0992093464610349
2026-01-05 21:30:00+00:00,C004,0.9905428829420195,0.0,0.0,0.9905428829420195
2026-01-05 21:45:00+00:00,C004,0.9169187019651367,0.0,0.0,0.9169187019651367
2026-01-05 22:00:00+00:00,C004,0.8647072794305822,0.0,0.0,0.8647072794305822
2026-01-05 22:15:00+00:00,C004,0.7775023194175082,0.0,0.0,0.7775023194175082
2026-01-05 22:30:00+00:00,C004,0.7257185356140455,0.0,0.0,0.7257185356140455
2026-01-05 22:45:00+00:00,C004,0.6380957824564656,0.0,0.0,0.6380957824564656
2026-01-05 23:00:00+00:00,C004,0.6576414080828153,0.0,0.0,0.6576414080828153
2026-01-05 23:15:00+00:00,C004,0.5500885818517626,0.0,0.0,0.5500885818517626
2026-01-05 23:30:00+00:00,C004,0.5336965553012561,0.0,0.0,0.5336965553012561
2026-01-05 23:45:00+00:00,C004,0.5145026724032303,0.0,0.0,0.5145026724032303
2026-01-06 00:00:00+00:00,C004,0.46769575367267435,0.0,0.0,0.46769575367267435
2026-01-06 00:15:00+00:00,C004,0.39368769288662514,0.0,0.0,0.39368769288662514
2026-01-06 00:30:00+00:00,C004,0.389647504774457,0.0,0.0,0.389647504774457
2026-01-06 00:45:00+00:00,C004,0.3929230754721557,0.0,0.0,0.3929230754721557
2026-01-06 01:00:00+00:00,C004,0.46119910440415157,0.0,0.0,0.46119910440415157
2026-01-06 01:15:00+00:00,C004,0.3280965067398613,0.0,0.0,0.3280965067398613
2026-01-06 01:30:00+00:00,C004,0.3844227136249421,0.0,0.0,0.3844227136249421
2026-01-06 01:45:00+00:00,C004,0.49514057292351876,0.0,0.0,0.49514057292351876
2026-01-06 02:00:00+00:00,C004,0.43452591952659103,0.0,0.0,0.43452591952659103
2026-01-06 02:15:00+00:00,C004,0.3822003546684737,0.0,0.0,0.3822003546684737
2026-01-06 02:30:00+00:00,C004,0.4152604653815594,0.0,0.0,0.4152604653815594
2026-01-06 02:45:00+00:00,C004,0.4226113008426557,0.0,0.0,0.4226113008426557
2026-01-06 03:00:00+00:00,C004,0.4510973032016393,0.0,0.0,0.4510973032016393
2026-01-06 03:15:00+00:00,C004,0.48506621548757645,0.0,0.0,0.48506621548757645
2026-01-06 03:30:00+00:00,C004,0.451117975555895,0.0,0.0,0.451117975555895
2026-01-06 03:45:00+00:00,C004,0.4322464852984043,0.0,0.0,0.4322464852984043
2026-01-06 04:00:00+00:00,C004,0.49380222863210566,0.0,0.0,0.49380222863210566
2026-01-06 04:15:00+00:00,C004,0.4678454688981781,0.0,0.0,0.4678454688981781
2026-01-06 04:30:00+00:00,C004,0.4903039799758169,0.0,0.0,0.4903039799758169
2026-01-06 04:45:00+00:00,C004,0.5041731109671478,0.0,0.0,0.5041731109671478
2026-01-06 05:00:00+00:00,C004,0.5478408207623161,0.0,0.0,0.5478408207623161
2026-01-06 05:15:00+00:00,C004,0.6228186017026058,0.0,0.0,0.6228186017026058
2026-01-06 05:30:00+00:00,C004,0.6811111038481025,0.0,0.0,0.6811111038481025
2026-01-06 05:45:00+00:00,C004,0.7968808011735394,0.0,0.0,0.7968808011735394
2026-01-06 06:00:00+00:00,C004,0.8288714842516969,0.0,0.0,0.8288714842516969
2026-01-06 06:15:00+00:00,C004,0.8257124305879326,0.0,0.0,0.8257124305879326
2026-01-06 06:30:00+00:00,C004,0.9463600393046782,0.0,0.0,0.9463600393046782
2026-01-06 06:45:00+00:00,C004,1.0322092379840118,0.0,0.0,1.0322092379840118
2026-01-06 07:00:00+00:00,C004,1.0765918405938897,0.0,0.0,1.0765918405938897
2026-01-06 07:15:00+00:00,C004,1.183637800321197,0.0,0.0,1.183637800321197
2026-01-06 07:30:00+00:00,C004,1.1196312957189174,0.0,0.0,1.1196312957189174
2026-01-06 07:45:00+00:00,C004,1.1629945469501932,0.0,0.0,1.1629945469501932
2026-01-06 08:00:00+00:00,C004,1.0969786922968765,0.0,0.0,1.0969786922968765
2026-01-06 08:15:00+00:00,C004,1.0518892329284324,0.0,0.0,1.0518892329284324
2026-01-06 08:30:00+00:00,C004,0.9623132537847954,0.0,0.0,0.9623132537847954
2026-01-06 08:45:00+00:00,C004,0.9243731749298961,0.0,0.0,0.9243731749298961
2026-01-06 09:00:00+00:00,C004,0.8307771035337606,0.0,0.0,0.8307771035337606
2026-01-06 09:15:00+00:00,C004,0.792277862036509,0.0,0.0,0.792277862036509
2026-01-06 09:30:00+00:00,C004,0.7068547546966903,0.0,0.0,0.7068547546966903
2026-01-06 09:45:00+00:00,C004,0.6219953688106212,0.0,0.0,0.6219953688106212
2026-01-06 10:00:00+00:00,C004,0.6336922829874257,0.0,0.0,0.6336922829874257
2026-01-06 10:15:00+00:00,C004,0.5713187876091709,0.0,0.0,0.5713187876091709
2026-01-06 10:30:00+00:00,C004,0.5034361736083074,0.0,0.0,0.5034361736083074
2026-01-06 10:45:00+00:00,C004,0.4965180504287124,0.0,0.0,0.4965180504287124
2026-01-06 11:00:00+00:00,C004,0.46510889552538126,0.0,0.0,0.46510889552538126
2026-01-06 11:15:00+00:00,C004,0.4302828856591194,0.0,0.0,0.4302828856591194
2026-01-06 11:30:00+00:00,C004,0.4443018483660644,0.0,0.0,0.4443018483660644
2026-01-06 11:45:00+00:00,C004,0.41979035537079556,0.0,0.0,0.41979035537079556
2026-01-06 12:00:00+00:00,C004,0.40653835594391435,0.0,0.0,0.40653835594391435
2026-01-06 12:15:00+00:00,C004,0.38294981421219304,0.0,0.0,0.38294981421219304
2026-01-06 12:30:00+00:00,C004,0.42626728685898835,0.0,0.0,0.42626728685898835
2026-01-06 12:45:00+00:00,C004,0.4590242717806269,0.0,0.0,0.4590242717806269
2026-01-06 13:00:00+00:00,C004,0.426361323474356,0.0,0.0,0.426361323474356
2026-01-06 13:15:00+00:00,C004,0.5297260875848042,0.0,0.0,0.5297260875848042
2026-01-06 13:30:00+00:00,C004,0.49667625130074944,0.0,0.0,0.49667625130074944
2026-01-06 13:45:00+00:00,C004,0.519724045638253,0.0,0.0,0.519724045638253
2026-01-06 14:00:00+00:00,C004,0.5263430670049258,0.0,0.0,0.5263430670049258
2026-01-06 14:15:00+00:00,C004,0.5779517735757524,0.0,0.0,0.5779517735757524
2026-01-06 14:30:00+00:00,C004,0.5366685446398416,0.0,0.0,0.5366685446398416
2026-01-06 14:45:00+00:00,C004,0.5142629674056189,0.0,0.0,0.5142629674056189
2026-01-06 15:00:00+00:00,C004,0.6213335125876326,0.0,0.0,0.6213335125876326
2026-01-06 15:15:00+00:00,C004,0.6963711403022232,0.0,0.0,0.6963711403022232
2026-01-06 15:30:00+00:00,C004,0.7343501997185269,0.0,0.0,0.7343501997185269
2026-01-06 15:45:00+00:00,C004,0.7993081259935717,0.0,0.0,0.7993081259935717
2026-01-06 16:00:00+00:00,C004,0.8963861449388271,0.0,0.0,0.8963861449388271
2026-01-06 16:15:00+00:00,C004,0.9389523315429433,0.0,0.0,0.9389523315429433
2026-01-06 16:30:00+00:00,C004,1.0265432344216832,0.0,0.0,1.0265432344216832
2026-01-06 16:45:00+00:00,C004,1.0448254739572342,0.0,0.0,1.0448254739572342
2026-01-06 17:00:00+00:00,C004,1.1034788501988497,0.0,0.0,1.1034788501988497
2026-01-06 17:15:00+00:00,C004,1.2906659034699985,0.0,0.0,1.2906659034699985
2026-01-06 17:30:00+00:00,C004,1.297882626599744,0.0,0.0,1.297882626599744
2026-01-06 17:45:00+00:00,C004,1.3265397281683906,0.0,0.0,1.3265397281683906
2026-01-06 18:00:00+00:00,C004,1.3826410239706204,0.0,0.0,1.3826410239706204
2026-01-06 18:15:00+00:00,C004,1.4139177037344177,0.0,0.0,1.4139177037344177
2026-01-06 18:30:00+00:00,C004,1.457711580902187,0.0,0.0,1.457711580902187
2026-01-06 18:45:00+00:00,C004,1.448523772382831,0.0,0.0,1.448523772382831
2026-01-06 19:00:00+00:00,C004,1.4459890312290538,0.0,0.0,1.4459890312290538
2026-01-06 19:15:00+00:00,C004,1.5098004509659764,0.0,0.0,1.5098004509659764
2026-01-06 19:30:00+00:00,C004,1.4686095866460367,0.0,0.0,1.4686095866460367
2026-01-06 19:45:00+00:00,C004,1.5188299907856488,0.0,0.0,1.5188299907856488
2026-01-06 20:00:00+00:00,C004,1.4242860928513168,0.0,0.0,1.4242860928513168
2026-01-06 20:15:00+00:00,C004,1.362931159248295,0.0,0.0,1.362931159248295
2026-01-06 20:30:00+00:00,C004,1.2537581752954952,0.0,0.0,1.2537581752954952
2026-01-06 20:45:00+00:00,C004,1.2158061658774926,0.0,0.0,1.2158061658774926
2026-01-06 21:00:00+00:00,C004,1.1514045464813107,0.0,0.0,1.1514045464813107
2026-01-06 21:15:00+00:00,C004,1.0884654815158405,0.0,0.0,1.0884654815158405
2026-01-06 21:30:00+00:00,C004,0.9871323897285348,0.0,0.0,0.9871323897285348
2026-01-06 21:45:00+00:00,C004,0.9534365505666812,0.0,0.0,0.9534365505666812
2026-01-06 22:00:00+00:00,C004,0.8439569981889375,0.0,0.0,0.8439569981889375
2026-01-06 22:15:00+00:00,C004,0.8038057063648595,0.0,0.0,0.8038057063648595
2026-01-06 22:30:00+00:00,C004,0.7113950437466342,0.0,0.0,0.7113950437466342
2026-01-06 22:45:00+00:00,C004,0.6137087806888282,0.0,0.0,0.6137087806888282
2026-01-06 23:00:00+00:00,C004,0.6282288440477292,0.0,0.0,0.6282288440477292
2026-01-06 23:15:00+00:00,C004,0.6045386028865428,0.0,0.0,0.6045386028865428
2026-01-06 23:30:00+00:00,C004,0.5626086787993032,0.0,0.0,0.5626086787993032
2026-01-06 23:45:00+00:00,C004,0.5331509191772029,0.0,0.0,0.5331509191772029
2026-01-07 00:00:00+00:00,C004,0.39471533495687927,0.0,0.0,0.39471533495687927
2026-01-07 00:15:00+00:00,C004,0.38180298659591827,0.0,0.0,0.38180298659591827
2026-01-07 00:30:00+00:00,C004,0.42608966380469865,0.0,0.0,0.42608966380469865
2026-01-07 00:45:00+00:00,C004,0.4218829637197115,0.0,0.0,0.4218829637197115
2026-01-07 01:00:00+00:00,C004,0.3982639694164727,0.0,0.0,0.3982639694164727
2026-01-07 01:15:00+00:00,C004,0.4467916315469734,0.0,0.0,0.4467916315469734
2026-01-07 01:30:00+00:00,C004,0.3862453517797122,0.0,0.0,0.3862453517797122
2026-01-07 01:45:00+00:00,C004,0.3976626259299067,0.0,0.0,0.3976626259299067
2026-01-07 02:00:00+00:00,C004,0.462011298401405,0.0,0.0,0.462011298401405
2026-01-07 02:15:00+00:00,C004,0.43796762219820334,0.0,0.0,0.43796762219820334
2026-01-07 02:30:00+00:00,C004,0.40911900198391027,0.0,0.0,0.40911900198391027
2026-01-07 02:45:00+00:00,C004,0.4305128090366957,0.0,0.0,0.4305128090366957
2026-01-07 03:00:00+00:00,C004,0.4283148359483887,0.0,0.0,0.4283148359483887
2026-01-07 03:15:00+00:00,C004,0.34417961932451724,0.0,0.0,0.34417961932451724
2026-01-07 03:30:00+00:00,C004,0.4129568990323324,0.0,0.0,0.4129568990323324
2026-01-07 03:45:00+00:00,C004,0.447130680386252,0.0,0.0,0.447130680386252
2026-01-07 04:00:00+00:00,C004,0.4505685255908881,0.0,0.0,0.4505685255908881
2026-01-07 04:15:00+00:00,C004,0.4977594702938049,0.0,0.0,0.4977594702938049
2026-01-07 04:30:00+00:00,C004,0.5520966655241782,0.0,0.0,0.5520966655241782
2026-01-07 04:45:00+00:00,C004,0.5430859001580554,0.0,0.0,0.5430859001580554
2026-01-07 05:00:00+00:00,C004,0.5663720857161395,0.0,0.0,0.5663720857161395
2026-01-07 05:15:00+00:00,C004,0.6577592766556754,0.0,0.0,0.6577592766556754
2026-01-07 05:30:00+00:00,C004,0.7014144787347035,0.0,0.0,0.7014144787347035
2026-01-07 05:45:00+00:00,C004,0.7813362601319938,0.0,0.0,0.7813362601319938
2026-01-07 06:00:00+00:00,C004,0.8405001315195434,0.0,0.0,0.8405001315195434
2026-01-07 06:15:00+00:00,C004,0.9975463513801475,0.0,0.0,0.9975463513801475
2026-01-07 06:30:00+00:00,C004,0.9068972178905104,0.0,0.0,0.9068972178905104
2026-01-07 06:45:00+00:00,C004,1.036734288861422,0.0,0.0,1.036734288861422
2026-01-07 07:00:00+00:00,C004,1.0964246207364718,0.0,0.0,1.0964246207364718
2026-01-07 07:15:00+00:00,C004,1.0890029694804322,0.0,0.0,1.0890029694804322
2026-01-07 07:30:00+00:00,C004,1.1640346199452054,0.0,0.0,1.1640346199452054
2026-01-07 07:45:00+00:00,C004,1.1523647423326706,0.0,0.0,1.1523647423326706
2026-01-07 08:00:00+00:00,C004,1.1006052710101843,0.0,0.0,1.1006052710101843
2026-01-07 08:15:00+00:00,C004,1.0367458217342864,0.0,0.0,1.0367458217342864
2026-01-07 08:30:00+00:00,C004,0.9917515063773916,0.0,0.0,0.9917515063773916
2026-01-07 08:45:00+00:00,C004,0.9198276376463099,0.0,0.0,0.9198276376463099
2026-01-07 09:00:00+00:00,C004,0.8560451942005294,0.0,0.0,0.8560451942005294
2026-01-07 09:15:00+00:00,C004,0.7745078028410564,0.0,0.0,0.7745078028410564
2026-01-07 09:30:00+00:00,C004,0.7241107700154092,0.0,0.0,0.7241107700154092
2026-01-07 09:45:00+00:00,C004,0.6787903721780663,0.0,0.0,0.6787903721780663
2026-01-07 10:00:00+00:00,C004,0.5600540654380202,0.0,0.0,0.5600540654380202
2026-01-07 10:15:00+00:00,C004,0.5218820860408857,0.0,0.0,0.5218820860408857
2026-01-07 10:30:00+00:00,C004,0.46676521215135464,0.0,0.0,0.46676521215135464
2026-01-07 10:45:00+00:00,C004,0.5124332338301526,0.0,0.0,0.5124332338301526
2026-01-07 11:00:00+00:00,C004,0.47698468477793426,0.0,0.0,0.47698468477793426
2026-01-07 11:15:00+00:00,C004,0.4685004638819593,0.0,0.0,0.4685004638819593
2026-01-07 11:30:00+00:00,C004,0.39969316861302373,0.0,0.0,0.39969316861302373
2026-01-07 11:45:00+00:00,C004,0.4914730686777418,0.0,0.0,0.4914730686777418
2026-01-07 12:00:00+00:00,C004,0.41421294414484466,0.0,0.0,0.41421294414484466
2026-01-07 12:15:00+00:00,C004,0.4387819587075571,0.0,0.0,0.4387819587075571
2026-01-07 12:30:00+00:00,C004,0.46070775097500355,0.0,0.0,0.46070775097500355
2026-01-07 12:45:00+00:00,C004,0.4057210060025229,0.0,0.0,0.4057210060025229
2026-01-07 13:00:00+00:00,C004,0.42986112119482206,0.0,0.0,0.42986112119482206
2026-01-07 13:15:00+00:00,C004,0.46318709052823615,0.0,0.0,0.46318709052823615
2026-01-07 13:30:00+00:00,C004,0.5467728132616363,0.0,0.0,0.5467728132616363
2026-01-07 13:45:00+00:00,C004,0.483014567954131,0.0,0.0,0.483014567954131
2026-01-07 14:00:00+00:00,C004,0.5478350533156338,0.0,0.0,0.5478350533156338
2026-01-07 14:15:00+00:00,C004,0.5632661624462203,0.0,0.0,0.5632661624462203
2026-01-07 14:30:00+00:00,C004,0.5631498985512065,0.0,0.0,0.5631498985512065
2026-01-07 14:45:00+00:00,C004,0.5569689246764384,0.0,0.0,0.5569689246764384
2026-01-07 15:00:00+00:00,C004,0.658831615123903,0.0,0.0,0.658831615123903
2026-01-07 15:15:00+00:00,C004,0.6319508356182978,0.0,0.0,0.6319508356182978
2026-01-07 15:30:00+00:00,C004,0.7727525580900609,0.0,0.0,0.7727525580900609
2026-01-07 15:45:00+00:00,C004,0.7901415177166724,0.0,0.0,0.7901415177166724
2026-01-07 16:00:00+00:00,C004,0.7774438740102981,0.0,0.0,0.7774438740102981
2026-01-07 16:15:00+00:00,C004,0.9067583388705431,0.0,0.0,0.9067583388705431
2026-01-07 16:30:00+00:00,C004,1.0069061134055504,0.0,0.0,1.0069061134055504
2026-01-07 16:45:00+00:00,C004,1.0594443452594065,0.0,0.0,1.0594443452594065
2026-01-07 17:00:00+00:00,C004,1.1751458236490204,0.0,0.0,1.1751458236490204
2026-01-07 17:15:00+00:00,C004,1.1828686492788356,0.0,0.0,1.1828686492788356
2026-01-07 17:30:00+00:00,C004,1.2256184833122208,0.0,0.0,1.2256184833122208
2026-01-07 17:45:00+00:00,C004,1.3592395605055299,0.0,0.0,1.3592395605055299
2026-01-07 18:00:00+00:00,C004,1.407367012790485,0.0,0.0,1.407367012790485
2026-01-07 18:15:00+00:00,C004,1.4368943716667724,0.0,0.0,1.4368943716667724
2026-01-07 18:30:00+00:00,C004,1.5353982401345059,0.0,0.0,1.5353982401345059
2026-01-07 18:45:00+00:00,C004,1.4616072095680814,0.0,0.0,1.4616072095680814
2026-01-07 19:00:00+00:00,C004,1.5158835304760339,0.0,0.0,1.5158835304760339
2026-01-07 19:15:00+00:00,C004,1.5148960724652436,0.0,0.0,1.5148960724652436
2026-01-07 19:30:00+00:00,C004,1.3970565788247116,0.0,0.0,1.3970565788247116
2026-01-07 19:45:00+00:00,C004,1.3780310442381543,0.0,0.0,1.3780310442381543
2026-01-07 20:00:00+00:00,C004,1.4067871892405124,0.0,0.0,1.4067871892405124
2026-01-07 20:15:00+00:00,C004,1.4358847178779373,0.0,0.0,1.4358847178779373
2026-01-07 20:30:00+00:00,C004,1.2977333711201942,0.0,0.0,1.2977333711201942
2026-01-07 20:45:00+00:00,C004,1.13748853095238,0.0,0.0,1.13748853095238
2026-01-07 21:00:00+00:00,C004,1.0190667833745148,0.0,0.0,1.0190667833745148
2026-01-07 21:15:00+00:00,C004,1.08586050170773,0.0,0.0,1.08586050170773
2026-01-07 21:30:00+00:00,C004,0.9840348947176331,0.0,0.0,0.9840348947176331
2026-01-07 21:45:00+00:00,C004,0.9477764751978964,0.0,0.0,0.9477764751978964
2026-01-07 22:00:00+00:00,C004,0.8142035164577892,0.0,0.0,0.8142035164577892
2026-01-07 22:15:00+00:00,C004,0.7922723996389542,0.0,0.0,0.7922723996389542
2026-01-07 22:30:00+00:00,C004,0.747232286752328,0.0,0.0,0.747232286752328
2026-01-07 22:45:00+00:00,C004,0.6484729354766889,0.0,0.0,0.6484729354766889
2026-01-07 23:00:00+00:00,C004,0.6054991671826875,0.0,0.0,0.6054991671826875
2026-01-07 23:15:00+00:00,C004,0.5841310167080574,0.0,0.0,0.5841310167080574
2026-01-07 23:30:00+00:00,C004,0.5564222899685102,0.0,0.0,0.5564222899685102
2026-01-07 23:45:00+00:00,C004,0.5123925228746741,0.0,0.0,0.5123925228746741
2026-01-01 00:00:00+00:00,C005,1.6691179270955636,0.0,0.0,1.6691179270955636
2026-01-01 00:15:00+00:00,C005,1.5999068100282767,0.0,0.0,1.5999068100282767
2026-01-01 00:30:00+00:00,C005,1.5407745189327786,0.0,0.0,1.5407745189327786
2026-01-01 00:45:00+00:00,C005,1.729058130142354,0.0,0.0,1.729058130142354
2026-01-01 01:00:00+00:00,C005,1.6058611603172235,0.0,0.0,1.6058611603172235
2026-01-01 01:15:00+00:00,C005,1.6060550172776638,0.0,0.0,1.6060550172776638
2026-01-01 01:30:00+00:00,C005,1.6274127003441516,0.0,0.0,1.6274127003441516
2026-01-01 01:45:00+00:00,C005,1.640997418026444,0.0,0.0,1.640997418026444
2026-01-01 02:00:00+00:00,C005,1.615640633538705,0.0,0.0,1.615640633538705
2026-01-01 02:15:00+00:00,C005,1.6456055239118645,0.0,0.0,1.6456055239118645
2026-01-01 02:30:00+00:00,C005,1.6347011835486105,0.0,0.0,1.6347011835486105
2026-01-01 02:45:00+00:00,C005,1.6505144704430874,0.0,0.0,1.6505144704430874
2026-01-01 03:00:00+00:00,C005,1.512307401028891,0.0,0.0,1.512307401028891
2026-01-01 03:15:00+00:00,C005,1.7515694102393335,0.0,0.0,1.7515694102393335
2026-01-01 03:30:00+00:00,C005,1.6422265653318235,0.0,0.0,1.6422265653318235
2026-01-01 03:45:00+00:00,C005,1.6965900659709998,0.0,0.0,1.6965900659709998
2026-01-01 04:00:00+00:00,C005,1.576557477630601,0.0,0.0,1.576557477630601
2026-01-01 04:15:00+00:00,C005,1.6408396854212812,0.0,0.0,1.6408396854212812
2026-01-01 04:30:00+00:00,C005,1.618424513224194,0.0,0.0,1.618424513224194
2026-01-01 04:45:00+00:00,C005,1.7519384465960188,0.0,0.0,1.7519384465960188
2026-01-01 05:00:00+00:00,C005,1.6349874440665129,0.0,0.0,1.6349874440665129
2026-01-01 05:15:00+00:00,C005,1.7190846729095428,0.0,0.0,1.7190846729095428
2026-01-01 05:30:00+00:00,C005,1.6248859735230798,0.0,0.0,1.6248859735230798
2026-01-01 05:45:00+00:00,C005,1.6476772916821205,0.0,0.0,1.6476772916821205
2026-01-01 06:00:00+00:00,C005,1.6631716137061625,0.0,0.0,1.6631716137061625
2026-01-01 06:15:00+00:00,C005,1.7537168863518662,0.0,0.0,1.7537168863518662
2026-01-01 06:30:00+00:00,C005,1.5623848336791484,0.0,0.0,1.5623848336791484
2026-01-01 06:45:00+00:00,C005,1.5980184301801321,0.0,0.0,1.5980184301801321
2026-01-01 07:00:00+00:00,C005,8.674161512825386,0.0,0.0,8.674161512825386
2026-01-01 07:15:00+00:00,C005,8.956504068573356,0.0,0.0,8.956504068573356
2026-01-01 07:30:00+00:00,C005,8.98211256816422,0.0,0.0,8.98211256816422
2026-01-01 07:45:00+00:00,C005,8.818989622342777,0.0,0.0,8.818989622342777
2026-01-01 08:00:00+00:00,C005,9.110967945819189,0.0,0.0,9.110967945819189
2026-01-01 08:15:00+00:00,C005,8.701898213257454,0.0,0.0,8.701898213257454
2026-01-01 08:30:00+00:00,C005,8.971379828652903,0.0,0.0,8.971379828652903
2026-01-01 08:45:00+00:00,C005,9.668937747483639,0.0,0.0,9.668937747483639
2026-01-01 09:00:00+00:00,C005,9.455951721851331,0.0,0.0,9.455951721851331
2026-01-01 09:15:00+00:00,C005,9.409121781370539,0.0,0.0,9.409121781370539
2026-01-01 09:30:00+00:00,C005,9.012931621441759,0.0,0.0,9.012931621441759
2026-01-01 09:45:00+00:00,C005,8.77598486682951,0.0,0.0,8.77598486682951
2026-01-01 10:00:00+00:00,C005,8.893287004300818,0.0,0.0,8.893287004300818
2026-01-01 10:15:00+00:00,C005,9.24730301575576,0.0,0.0,9.24730301575576
2026-01-01 10:30:00+00:00,C005,9.581899435251273,0.0,0.0,9.581899435251273
2026-01-01 10:45:00+00:00,C005,9.544803084099428,0.0,0.0,9.544803084099428
2026-01-01 11:00:00+00:00,C005,9.449459304532027,0.0,0.0,9.449459304532027
2026-01-01 11:15:00+00:00,C005,8.99056665696456,0.0,0.0,8.99056665696456
2026-01-01 11:30:00+00:00,C005,9.197459322564447,0.0,0.0,9.197459322564447
2026-01-01 11:45:00+00:00,C005,9.098006767452201,0.0,0.0,9.098006767452201
2026-01-01 12:00:00+00:00,C005,9.104321508386917,0.0,0.0,9.104321508386917
2026-01-01 12:15:00+00:00,C005,9.83264791386549,0.0,0.0,9.83264791386549
2026-01-01 12:30:00+00:00,C005,8.589424872026767,0.0,0.0,8.589424872026767
2026-01-01 12:45:00+00:00,C005,9.04949731824522,0.0,0.0,9.04949731824522
2026-01-01 13:00:00+00:00,C005,9.581260700134226,0.0,0.0,9.581260700134226
2026-01-01 13:15:00+00:00,C005,8.661226577194702,0.0,0.0,8.661226577194702
2026-01-01 13:30:00+00:00,C005,8.913486625702431,0.0,0.0,8.913486625702431
2026-01-01 13:45:00+00:00,C005,8.94017176449195,0.0,0.0,8.94017176449195
2026-01-01 14:00:00+00:00,C005,9.006506746901398,0.0,0.0,9.006506746901398
2026-01-01 14:15:00+00:00,C005,8.487862250012277,0.0,0.0,8.487862250012277
2026-01-01 14:30:00+00:00,C005,9.256193090654758,0.0,0.0,9.256193090654758
2026-01-01 14:45:00+00:00,C005,9.186880926112243,0.0,0.0,9.186880926112243
2026-01-01 15:00:00+00:00,C005,9.228017366717847,0.0,0.0,9.228017366717847
2026-01-01 15:15:00+00:00,C005,8.722730322738311,0.0,0.0,8.722730322738311
2026-01-01 15:30:00+00:00,C005,8.98826892632518,0.0,0.0,8.98826892632518
2026-01-01 15:45:00+00:00,C005,8.647754180524851,0.0,0.0,8.647754180524851
2026-01-01 16:00:00+00:00,C005,8.805199166832772,0.0,0.0,8.805199166832772
2026-01-01 16:15:00+00:00,C005,9.561364859578097,0.0,0.0,9.561364859578097
2026-01-01 16:30:00+00:00,C005,8.952793901245098,0.0,0.0,8.952793901245098
2026-01-01 16:45:00+00:00,C005,8.54376328706368,0.0,0.0,8.54376328706368
2026-01-01 17:00:00+00:00,C005,8.905060954330411,0.0,0.0,8.905060954330411
2026-01-01 17:15:00+00:00,C005,8.459208741208627,0.0,0.0,8.459208741208627
2026-01-01 17:30:00+00:00,C005,8.537646471654966,0.0,0.0,8.537646471654966
2026-01-01 17:45:00+00:00,C005,8.571747724588302,0.0,0.0,8.571747724588302
2026-01-01 18:00:00+00:00,C005,8.740171352331906,0.0,0.0,8.740171352331906
2026-01-01 18:15:00+00:00,C005,9.102598162678952,0.0,0.0,9.102598162678952
2026-01-01 18:30:00+00:00,C005,8.998995788196977,0.0,0.0,8.998995788196977
2026-01-01 18:45:00+00:00,C005,8.953265014448265,0.0,0.0,8.953265014448265
2026-01-01 19:00:00+00:00,C005,1.5285440899850022,0.0,0.0,1.5285440899850022
2026-01-01 19:15:00+00:00,C005,1.554700834326974,0.0,0.0,1.554700834326974
2026-01-01 19:30:00+00:00,C005,1.5958528002240866,0.0,0.0,1.5958528002240866
2026-01-01 19:45:00+00:00,C005,1.5522249863846076,0.0,0.0,1.5522249863846076
2026-01-01 20:00:00+00:00,C005,1.5660370641798635,0.0,0.0,1.5660370641798635
2026-01-01 20:15:00+00:00,C005,1.6140255934376506,0.0,0.0,1.6140255934376506
2026-01-01 20:30:00+00:00,C005,1.5681462336235772,0.0,0.0,1.5681462336235772
2026-01-01 20:45:00+00:00,C005,1.600611646272565,0.0,0.0,1.600611646272565
2026-01-01 21:00:00+00:00,C005,1.6833463027343083,0.0,0.0,1.6833463027343083
2026-01-01 21:15:00+00:00,C005,1.57363358162216,0.0,0.0,1.57363358162216
2026-01-01 21:30:00+00:00,C005,1.656630688657414,0.0,0.0,1.656630688657414
2026-01-01 21:45:00+00:00,C005,1.6197306427329752,0.0,0.0,1.6197306427329752
2026-01-01 22:00:00+00:00,C005,1.5050913497888039,0.0,0.0,1.5050913497888039
2026-01-01 22:15:00+00:00,C005,1.5270088656532579,0.0,0.0,1.5270088656532579
2026-01-01 22:30:00+00:00,C005,1.5419901037157666,0.0,0.0,1.5419901037157666
2026-01-01 22:45:00+00:00,C005,1.547848105758197,0.0,0.0,1.547848105758197
2026-01-01 23:00:00+00:00,C005,1.5947832566292819,0.0,0.0,1.5947832566292819
2026-01-01 23:15:00+00:00,C005,1.6338420382266772,0.0,0.0,1.6338420382266772
2026-01-01 23:30:00+00:00,C005,1.6840169796456657,0.0,0.0,1.6840169796456657
2026-01-01 23:45:00+00:00,C005,1.6311379691516759,0.0,0.0,1.6311379691516759
2026-01-02 00:00:00+00:00,C005,1.5900558406379814,0.0,0.0,1.5900558406379814
2026-01-02 00:15:00+00:00,C005,1.497696851669425,0.0,0.0,1.497696851669425
2026-01-02 00:30:00+00:00,C005,1.6119749641745098,0.0,0.0,1.6119749641745098
2026-01-02 00:45:00+00:00,C005,1.6214935416816563,0.0,0.0,1.6214935416816563
2026-01-02 01:00:00+00:00,C005,1.6293478241390404,0.0,0.0,1.6293478241390404
2026-01-02 01:15:00+00:00,C005,1.728401796498923,0.0,0.0,1.728401796498923
2026-01-02 01:30:00+00:00,C005,1.6949624980040356,0.0,0.0,1.6949624980040356
2026-01-02 01:45:00+00:00,C005,1.6639281031373057,0.0,0.0,1.6639281031373057
2026-01-02 02:00:00+00:00,C005,1.5792456811677793,0.0,0.0,1.5792456811677793
2026-01-02 02:15:00+00:00,C005,1.6026143406041649,0.0,0.0,1.6026143406041649
2026-01-02 02:30:00+00:00,C005,1.6346603818350396,0.0,0.0,1.6346603818350396
2026-01-02 02:45:00+00:00,C005,1.594079564768546,0.0,0.0,1.594079564768546
2026-01-02 03:00:00+00:00,C005,1.6614816388955649,0.0,0.0,1.6614816388955649
2026-01-02 03:15:00+00:00,C005,1.6746966566719796,0.0,0.0,1.6746966566719796
2026-01-02 03:30:00+00:00,C005,1.5786959320509513,0.0,0.0,1.5786959320509513
2026-01-02 03:45:00+00:00,C005,1.7141451995301664,0.0,0.0,1.7141451995301664
2026-01-02 04:00:00+00:00,C005,1.6596402342730803,0.0,0.0,1.6596402342730803
2026-01-02 04:15:00+00:00,C005,1.561661141517456,0.0,0.0,1.561661141517456
2026-01-02 04:30:00+00:00,C005,1.650719798472857,0.0,0.0,1.650719798472857
2026-01-02 04:45:00+00:00,C005,1.6765534902093535,0.0,0.0,1.6765534902093535
2026-01-02 05:00:00+00:00,C005,1.7132399803985798,0.0,0.0,1.7132399803985798
2026-01-02 05:15:00+00:00,C005,1.6406768147002873,0.0,0.0,1.6406768147002873
2026-01-02 05:30:00+00:00,C005,1.6985957148890467,0.0,0.0,1.6985957148890467
2026-01-02 05:45:00+00:00,C005,1.6765266634499736,0.0,0.0,1.6765266634499736
2026-01-02 06:00:00+00:00,C005,1.5957436910843183,0.0,0.0,1.5957436910843183
2026-01-02 06:15:00+00:00,C005,1.5829466001762835,0.0,0.0,1.5829466001762835
2026-01-02 06:30:00+00:00,C005,1.7317709971937427,0.0,0.0,1.7317709971937427
2026-01-02 06:45:00+00:00,C005,1.7285634822585203,0.0,0.0,1.7285634822585203
2026-01-02 07:00:00+00:00,C005,9.347086996346652,0.0,0.0,9.347086996346652
2026-01-02 07:15:00+00:00,C005,9.750133091953279,0.0,0.0,9.750133091953279
2026-01-02 07:30:00+00:00,C005,9.564501264248618,0.0,0.0,9.564501264248618
2026-01-02 07:45:00+00:00,C005,9.553656410198489,0.0,0.0,9.553656410198489
2026-01-02 08:00:00+00:00,C005,9.011895289843796,0.0,0.0,9.011895289843796
2026-01-02 08:15:00+00:00,C005,9.884209657253251,0.0,0.0,9.884209657253251
2026-01-02 08:30:00+00:00,C005,9.470716151073733,0.0,0.0,9.470716151073733
2026-01-02 08:45:00+00:00,C005,9.206615745467824,0.0,0.0,9.206615745467824
2026-01-02 09:00:00+00:00,C005,9.032235888764262,0.0,0.0,9.032235888764262
2026-01-02 09:15:00+00:00,C005,9.361140485235545,0.0,0.0,9.361140485235545
2026-01-02 09:30:00+00:00,C005,8.776353873467416,0.0,0.0,8.776353873467416
2026-01-02 09:45:00+00:00,C005,9.524122392178253,0.0,0.0,9.524122392178253
2026-01-02 10:00:00+00:00,C005,8.927380398602194,0.0,0.0,8.927380398602194
2026-01-02 10:15:00+00:00,C005,9.325321150145527,0.0,0.0,9.325321150145527
2026-01-02 10:30:00+00:00,C005,8.983007647029092,0.0,0.0,8.983007647029092
2026-01-02 10:45:00+00:00,C005,9.018742909495185,0.0,0.0,9.018742909495185
2026-01-02 11:00:00+00:00,C005,8.947758134366651,0.0,0.0,8.947758134366651
2026-01-02 11:15:00+00:00,C005,9.18300427796693,0.0,0.0,9.18300427796693
2026-01-02 11:30:00+00:00,C005,9.880740359383376,0.0,0.0,9.880740359383376
2026-01-02 11:45:00+00:00,C005,9.60284072247459,0.0,0.0,9.60284072247459
2026-01-02 12:00:00+00:00,C005,9.301898840088368,0.0,0.0,9.301898840088368
2026-01-02 12:15:00+00:00,C005,9.149434766336107,0.0,0.0,9.149434766336107
2026-01-02 12:30:00+00:00,C005,9.420758861918028,0.0,0.0,9.420758861918028
2026-01-02 12:45:00+00:00,C005,9.47676001920099,0.0,0.0,9.47676001920099
2026-01-02 13:00:00+00:00,C005,8.789498928548003,0.0,0.0,8.789498928548003
2026-01-02 13:15:00+00:00,C005,9.048042410813592,0.0,0.0,9.048042410813592
2026-01-02 13:30:00+00:00,C005,8.490694688934662,0.0,0.0,8.490694688934662
2026-01-02 13:45:00+00:00,C005,9.44484655896836,0.0,0.0,9.44484655896836
2026-01-02 14:00:00+00:00,C005,9.754163123773381,0.0,0.0,9.754163123773381
2026-01-02 14:15:00+00:00,C005,9.058273744671588,0.0,0.0,9.058273744671588
2026-01-02 14:30:00+00:00,C005,8.33007623113268,0.0,0.0,8.33007623113268
2026-01-02 14:45:00+00:00,C005,9.10055806462404,0.0,0.0,9.10055806462404
2026-01-02 15:00:00+00:00,C005,8.67643893560854,0.0,0.0,8.67643893560854
2026-01-02 15:15:00+00:00,C005,8.703452986892856,0.0,0.0,8.703452986892856
2026-01-02 15:30:00+00:00,C005,9.15041994972525,0.0,0.0,9.15041994972525
2026-01-02 15:45:00+00:00,C005,9.04635539563554,0.0,0.0,9.04635539563554
2026-01-02 16:00:00+00:00,C005,8.790498754924895,0.0,0.0,8.790498754924895
2026-01-02 16:15:00+00:00,C005,8.717035674036985,0.0,0.0,8.717035674036985
2026-01-02 16:30:00+00:00,C005,8.831575611291617,0.0,0.0,8.831575611291617
2026-01-02 16:45:00+00:00,C005,8.770233300432704,0.0,0.0,8.770233300432704
2026-01-02 17:00:00+00:00,C005,8.477281954691916,0.0,0.0,8.477281954691916
2026-01-02 17:15:00+00:00,C005,8.774576838872331,0.0,0.0,8.774576838872331
2026-01-02 17:30:00+00:00,C005,8.898995017169607,0.0,0.0,8.898995017169607
2026-01-02 17:45:00+00:00,C005,8.751846095331418,0.0,0.0,8.751846095331418
2026-01-02 18:00:00+00:00,C005,8.383378397968286,0.0,0.0,8.383378397968286
2026-01-02 18:15:00+00:00,C005,9.112307840188063,0.0,0.0,9.112307840188063
2026-01-02 18:30:00+00:00,C005,7.979201978947023,0.0,0.0,7.979201978947023
2026-01-02 18:45:00+00:00,C005,8.63848367796395,0.0,0.0,8.63848367796395
2026-01-02 19:00:00+00:00,C005,1.5508094670779464,0.0,0.0,1.5508094670779464
2026-01-02 19:15:00+00:00,C005,1.5983323417659887,0.0,0.0,1.5983323417659887
2026-01-02 19:30:00+00:00,C005,1.621245993347248,0.0,0.0,1.621245993347248
2026-01-02 19:45:00+00:00,C005,1.6415896997585906,0.0,0.0,1.6415896997585906
2026-01-02 20:00:00+00:00,C005,1.5300075645093667,0.0,0.0,1.5300075645093667
2026-01-02 20:15:00+00:00,C005,1.6118420828128697,0.0,0.0,1.6118420828128697
2026-01-02 20:30:00+00:00,C005,1.5925535060478626,0.0,0.0,1.5925535060478626
2026-01-02 20:45:00+00:00,C005,1.4846960512765532,0.0,0.0,1.4846960512765532
2026-01-02 21:00:00+00:00,C005,1.6772774105162385,0.0,0.0,1.6772774105162385
2026-01-02 21:15:00+00:00,C005,1.5016936181706217,0.0,0.0,1.5016936181706217
2026-01-02 21:30:00+00:00,C005,1.6101935211859528,0.0,0.0,1.6101935211859528
2026-01-02 21:45:00+00:00,C005,1.5987675606407836,0.0,0.0,1.5987675606407836
2026-01-02 22:00:00+00:00,C005,1.598776920148477,0.0,0.0,1.598776920148477
2026-01-02 22:15:00+00:00,C005,1.5498290649996593,0.0,0.0,1.5498290649996593
2026-01-02 22:30:00+00:00,C005,1.6345533958988352,0.0,0.0,1.6345533958988352
2026-01-02 22:45:00+00:00,C005,1.5131268668720255,0.0,0.0,1.5131268668720255
2026-01-02 23:00:00+00:00,C005,1.5999004894231745,0.0,0.0,1.5999004894231745
2026-01-02 23:15:00+00:00,C005,1.5528442765579902,0.0,0.0,1.5528442765579902
2026-01-02 23:30:00+00:00,C005,1.5482845166423107,0.0,0.0,1.5482845166423107
2026-01-02 23:45:00+00:00,C005,1.6259772020176273,0.0,0.0,1.6259772020176273
2026-01-03 00:00:00+00:00,C005,0.5943953728292121,0.0,0.0,0.5943953728292121
2026-01-03 00:15:00+00:00,C005,0.5480584525812506,0.0,0.0,0.5480584525812506
2026-01-03 00:30:00+00:00,C005,0.5891693237545973,0.0,0.0,0.5891693237545973
2026-01-03 00:45:00+00:00,C005,0.5676797716435621,0.0,0.0,0.5676797716435621
2026-01-03 01:00:00+00:00,C005,0.5365384607501833,0.0,0.0,0.5365384607501833
2026-01-03 01:15:00+00:00,C005,0.5591986037458283,0.0,0.0,0.5591986037458283
2026-01-03 01:30:00+00:00,C005,0.5579998230608575,0.0,0.0,0.5579998230608575
2026-01-03 01:45:00+00:00,C005,0.5475160640432634,0.0,0.0,0.5475160640432634
2026-01-03 02:00:00+00:00,C005,0.581051568507613,0.0,0.0,0.581051568507613
2026-01-03 02:15:00+00:00,C005,0.5735900866963392,0.0,0.0,0.5735900866963392
2026-01-03 02:30:00+00:00,C005,0.5231720365015555,0.0,0.0,0.5231720365015555
2026-01-03 02:45:00+00:00,C005,0.5209836086421302,0.0,0.0,0.5209836086421302
2026-01-03 03:00:00+00:00,C005,0.5910466508560318,0.0,0.0,0.5910466508560318
2026-01-03 03:15:00+00:00,C005,0.5498207396526555,0.0,0.0,0.5498207396526555
2026-01-03 03:30:00+00:00,C005,0.5863108341999733,0.0,0.0,0.5863108341999733
2026-01-03 03:45:00+00:00,C005,0.6025709212745417,0.0,0.0,0.6025709212745417
2026-01-03 04:00:00+00:00,C005,0.541080564770499,0.0,0.0,0.541080564770499
2026-01-03 04:15:00+00:00,C005,0.5363855189400002,0.0,0.0,0.5363855189400002
2026-01-03 04:30:00+00:00,C005,0.6266779821927007,0.0,0.0,0.6266779821927007
2026-01-03 04:45:00+00:00,C005,0.5934312416403141,0.0,0.0,0.5934312416403141
2026-01-03 05:00:00+00:00,C005,0.5676672806560231,0.0,0.0,0.5676672806560231
2026-01-03 05:15:00+00:00,C005,0.5542380818078914,0.0,0.0,0.5542380818078914
2026-01-03 05:30:00+00:00,C005,0.5672196832653523,0.0,0.0,0.5672196832653523
2026-01-03 05:45:00+00:00,C005,0.5440926908923198,0.0,0.0,0.5440926908923198
2026-01-03 06:00:00+00:00,C005,0.6080395741441296,0.0,0.0,0.6080395741441296
2026-01-03 06:15:00+00:00,C005,0.5567315872712109,0.0,0.0,0.5567315872712109
2026-01-03 06:30:00+00:00,C005,0.6170283834607756,0.0,0.0,0.6170283834607756
2026-01-03 06:45:00+00:00,C005,0.5739442004297214,0.0,0.0,0.5739442004297214
2026-01-03 07:00:00+00:00,C005,3.1318352593474184,0.0,0.0,3.1318352593474184
2026-01-03 07:15:00+00:00,C005,3.1970190342175973,0.0,0.0,3.1970190342175973
2026-01-03 07:30:00+00:00,C005,2.9491475290459523,0.0,0.0,2.9491475290459523
2026-01-03 07:45:00+00:00,C005,3.251867476416008,0.0,0.0,3.251867476416008
2026-01-03 08:00:00+00:00,C005,3.230246434273331,0.0,0.0,3.230246434273331
2026-01-03 08:15:00+00:00,C005,3.341356427231921,0.0,0.0,3.341356427231921
2026-01-03 08:30:00+00:00,C005,3.0029798830617476,0.0,0.0,3.0029798830617476
2026-01-03 08:45:00+00:00,C005,3.35446483860194,0.0,0.0,3.35446483860194
2026-01-03 09:00:00+00:00,C005,3.353929212805652,0.0,0.0,3.353929212805652
2026-01-03 09:15:00+00:00,C005,3.3933331635267074,0.0,0.0,3.3933331635267074
2026-01-03 09:30:00+00:00,C005,3.2593737084712506,0.0,0.0,3.2593737084712506
2026-01-03 09:45:00+00:00,C005,3.366376329443941,0.0,0.0,3.366376329443941
2026-01-03 10:00:00+00:00,C005,3.0691954243409327,0.0,0.0,3.0691954243409327
2026-01-03 10:15:00+00:00,C005,3.300905094323996,0.0,0.0,3.300905094323996
2026-01-03 10:30:00+00:00,C005,3.156766092875675,0.0,0.0,3.156766092875675
2026-01-03 10:45:00+00:00,C005,3.052553958157745,0.0,0.0,3.052553958157745
2026-01-03 11:00:00+00:00,C005,3.128738017993319,0.0,0.0,3.128738017993319
2026-01-03 11:15:00+00:00,C005,3.2258114224189374,0.0,0.0,3.2258114224189374
2026-01-03 11:30:00+00:00,C005,3.1401861146387797,0.0,0.0,3.1401861146387797
2026-01-03 11:45:00+00:00,C005,3.263958566695692,0.0,0.0,3.263958566695692
2026-01-03 12:00:00+00:00,C005,3.0178112007344016,0.0,0.0,3.0178112007344016
2026-01-03 12:15:00+00:00,C005,2.9672420203414718,0.0,0.0,2.9672420203414718
2026-01-03 12:30:00+00:00,C005,3.3789387152972354,0.0,0.0,3.3789387152972354
2026-01-03 12:45:00+00:00,C005,3.3165353163281144,0.0,0.0,3.3165353163281144
2026-01-03 13:00:00+00:00,C005,3.0433601374346733,0.0,0.0,3.0433601374346733
2026-01-03 13:15:00+00:00,C005,3.2013059010824345,0.0,0.0,3.2013059010824345
2026-01-03 13:30:00+00:00,C005,3.30747186760342,0.0,0.0,3.30747186760342
2026-01-03 13:45:00+00:00,C005,3.1932693432417385,0.0,0.0,3.1932693432417385
2026-01-03 14:00:00+00:00,C005,3.142885074807456,0.0,0.0,3.142885074807456
2026-01-03 14:15:00+00:00,C005,3.2997940504557097,0.0,0.0,3.2997940504557097
2026-01-03 14:30:00+00:00,C005,3.0804218691279326,0.0,0.0,3.0804218691279326
2026-01-03 14:45:00+00:00,C005,3.1493489499774774,0.0,0.0,3.1493489499774774
2026-01-03 15:00:00+00:00,C005,3.1192398000126187,0.0,0.0,3.1192398000126187
2026-01-03 15:15:00+00:00,C005,3.1236663803591203,0.0,0.0,3.1236663803591203
2026-01-03 15:30:00+00:00,C005,3.0954543259304685,0.0,0.0,3.0954543259304685
2026-01-03 15:45:00+00:00,C005,3.126946220802029,0.0,0.0,3.126946220802029
2026-01-03 16:00:00+00:00,C005,3.1226732640845536,0.0,0.0,3.1226732640845536
2026-01-03 16:15:00+00:00,C005,3.010869962132204,0.0,0.0,3.010869962132204
2026-01-03 16:30:00+00:00,C005,3.2052208667455746,0.0,0.0,3.2052208667455746
2026-01-03 16:45:00+00:00,C005,3.0238190871438655,0.0,0.0,3.0238190871438655
2026-01-03 17:00:00+00:00,C005,3.0872175652386895,0.0,0.0,3.0872175652386895
2026-01-03 17:15:00+00:00,C005,3.0755433327983237,0.0,0.0,3.0755433327983237
2026-01-03 17:30:00+00:00,C005,3.136097367184072,0.0,0.0,3.136097367184072
2026-01-03 17:45:00+00:00,C005,2.8748229642315777,0.0,0.0,2.8748229642315777
2026-01-03 18:00:00+00:00,C005,3.18427374669513,0.0,0.0,3.18427374669513
2026-01-03 18:15:00+00:00,C005,3.0050103551567187,0.0,0.0,3.0050103551567187
2026-01-03 18:30:00+00:00,C005,3.2195779248365866,0.0,0.0,3.2195779248365866
2026-01-03 18:45:00+00:00,C005,3.0315839199264865,0.0,0.0,3.0315839199264865
2026-01-03 19:00:00+00:00,C005,0.5539945026486904,0.0,0.0,0.5539945026486904
2026-01-03 19:15:00+00:00,C005,0.6128090149231069,0.0,0.0,0.6128090149231069
2026-01-03 19:30:00+00:00,C005,0.548755247864172,0.0,0.0,0.548755247864172
2026-01-03 19:45:00+00:00,C005,0.5915706180841037,0.0,0.0,0.5915706180841037
2026-01-03 20:00:00+00:00,C005,0.5566177739618163,0.0,0.0,0.5566177739618163
2026-01-03 20:15:00+00:00,C005,0.5624807071378576,0.0,0.0,0.5624807071378576
2026-01-03 20:30:00+00:00,C005,0.5535590325453672,0.0,0.0,0.5535590325453672
2026-01-03 20:45:00+00:00,C005,0.5800807932544956,0.0,0.0,0.5800807932544956
2026-01-03 21:00:00+00:00,C005,0.5372334741263555,0.0,0.0,0.5372334741263555
2026-01-03 21:15:00+00:00,C005,0.5294902751809968,0.0,0.0,0.5294902751809968
2026-01-03 21:30:00+00:00,C005,0.5344714173917501,0.0,0.0,0.5344714173917501
2026-01-03 21:45:00+00:00,C005,0.559411900562635,0.0,0.0,0.559411900562635
2026-01-03 22:00:00+00:00,C005,0.5497722872198572,0.0,0.0,0.5497722872198572
2026-01-03 22:15:00+00:00,C005,0.5838698106832575,0.0,0.0,0.5838698106832575
2026-01-03 22:30:00+00:00,C005,0.5956327622784433,0.0,0.0,0.5956327622784433
2026-01-03 22:45:00+00:00,C005,0.5290928950398772,0.0,0.0,0.5290928950398772
2026-01-03 23:00:00+00:00,C005,0.5410181705447863,0.0,0.0,0.5410181705447863
2026-01-03 23:15:00+00:00,C005,0.5191340029483685,0.0,0.0,0.5191340029483685
2026-01-03 23:30:00+00:00,C005,0.6221195931286518,0.0,0.0,0.6221195931286518
2026-01-03 23:45:00+00:00,C005,0.5717526147274388,0.0,0.0,0.5717526147274388
2026-01-04 00:00:00+00:00,C005,0.5787830520844447,0.0,0.0,0.5787830520844447
2026-01-04 00:15:00+00:00,C005,0.5246542431873211,0.0,0.0,0.5246542431873211
2026-01-04 00:30:00+00:00,C005,0.5661731435818882,0.0,0.0,0.5661731435818882
2026-01-04 00:45:00+00:00,C005,0.5814711324937033,0.0,0.0,0.5814711324937033
2026-01-04 01:00:00+00:00,C005,0.5563229304335026,0.0,0.0,0.5563229304335026
2026-01-04 01:15:00+00:00,C005,0.6073533590281117,0.0,0.0,0.6073533590281117
2026-01-04 01:30:00+00:00,C005,0.6396424664729603,0.0,0.0,0.6396424664729603
2026-01-04 01:45:00+00:00,C005,0.5419004588735421,0.0,0.0,0.5419004588735421
2026-01-04 02:00:00+00:00,C005,0.540416767080471,0.0,0.0,0.540416767080471
2026-01-04 02:15:00+00:00,C005,0.5474903513774353,0.0,0.0,0.5474903513774353
2026-01-04 02:30:00+00:00,C005,0.6265479243641394,0.0,0.0,0.6265479243641394
2026-01-04 02:45:00+00:00,C005,0.6054539149968716,0.0,0.0,0.6054539149968716
2026-01-04 03:00:00+00:00,C005,0.5676461146716562,0.0,0.0,0.5676461146716562
2026-01-04 03:15:00+00:00,C005,0.5820188452853955,0.0,0.0,0.5820188452853955
2026-01-04 03:30:00+00:00,C005,0.5514097689988384,0.0,0.0,0.5514097689988384
2026-01-04 03:45:00+00:00,C005,0.606576836842251,0.0,0.0,0.606576836842251
2026-01-04 04:00:00+00:00,C005,0.568755641693073,0.0,0.0,0.568755641693073
2026-01-04 04:15:00+00:00,C005,0.5757533047063387,0.0,0.0,0.5757533047063387
2026-01-04 04:30:00+00:00,C005,0.6008926157649306,0.0,0.0,0.6008926157649306
2026-01-04 04:45:00+00:00,C005,0.5737221805996006,0.0,0.0,0.5737221805996006
2026-01-04 05:00:00+00:00,C005,0.5749055388348662,0.0,0.0,0.5749055388348662
2026-01-04 05:15:00+00:00,C005,0.5801303256623622,0.0,0.0,0.5801303256623622
2026-01-04 05:30:00+00:00,C005,0.6057605476914296,0.0,0.0,0.6057605476914296
2026-01-04 05:45:00+00:00,C005,0.6337887181824828,0.0,0.0,0.6337887181824828
2026-01-04 06:00:00+00:00,C005,0.5992681446994862,0.0,0.0,0.5992681446994862
2026-01-04 06:15:00+00:00,C005,0.6096054589337223,0.0,0.0,0.6096054589337223
2026-01-04 06:30:00+00:00,C005,0.5790007069352681,0.0,0.0,0.5790007069352681
2026-01-04 06:45:00+00:00,C005,0.5669899368685375,0.0,0.0,0.5669899368685375
2026-01-04 07:00:00+00:00,C005,3.339470659168407,0.0,0.0,3.339470659168407
2026-01-04 07:15:00+00:00,C005,3.2965715919511203,0.0,0.0,3.2965715919511203
2026-01-04 07:30:00+00:00,C005,3.0925239038736057,0.0,0.0,3.0925239038736057
2026-01-04 07:45:00+00:00,C005,3.2478808581721497,0.0,0.0,3.2478808581721497
2026-01-04 08:00:00+00:00,C005,3.2492393300421107,0.0,0.0,3.2492393300421107
2026-01-04 08:15:00+00:00,C005,3.2138547840090204,0.0,0.0,3.2138547840090204
2026-01-04 08:30:00+00:00,C005,3.4217128349386163,0.0,0.0,3.4217128349386163
2026-01-04 08:45:00+00:00,C005,3.312904226246939,0.0,0.0,3.312904226246939
2026-01-04 09:00:00+00:00,C005,3.3980389659679022,0.0,0.0,3.3980389659679022
2026-01-04 09:15:00+00:00,C005,3.2860203774754737,0.0,0.0,3.2860203774754737
2026-01-04 09:30:00+00:00,C005,3.2957093399220954,0.0,0.0,3.2957093399220954
2026-01-04 09:45:00+00:00,C005,3.1562765323978472,0.0,0.0,3.1562765323978472
2026-01-04 10:00:00+00:00,C005,3.2775821088546984,0.0,0.0,3.2775821088546984
2026-01-04 10:15:00+00:00,C005,3.265821321017384,0.0,0.0,3.265821321017384
2026-01-04 10:30:00+00:00,C005,3.0782564998803523,0.0,0.0,3.0782564998803523
2026-01-04 10:45:00+00:00,C005,3.18054401845302,0.0,0.0,3.18054401845302
2026-01-04 11:00:00+00:00,C005,3.2198926895924975,0.0,0.0,3.2198926895924975
2026-01-04 11:15:00+00:00,C005,3.3043514536935974,0.0,0.0,3.3043514536935974
2026-01-04 11:30:00+00:00,C005,3.2907478679354103,0.0,0.0,3.2907478679354103
2026-01-04 11:45:00+00:00,C005,3.185331256645203,0.0,0.0,3.185331256645203
2026-01-04 12:00:00+00:00,C005,3.2924396134563474,0.0,0.0,3.2924396134563474
2026-01-04 12:15:00+00:00,C005,3.2002605522100396,0.0,0.0,3.2002605522100396
2026-01-04 12:30:00+00:00,C005,2.8822684813274315,0.0,0.0,2.8822684813274315
2026-01-04 12:45:00+00:00,C005,3.15220486916391,0.0,0.0,3.15220486916391
2026-01-04 13:00:00+00:00,C005,3.364258335395336,0.0,0.0,3.364258335395336
2026-01-04 13:15:00+00:00,C005,3.011943334427906,0.0,0.0,3.011943334427906
2026-01-04 13:30:00+00:00,C005,3.21079576833134,0.0,0.0,3.21079576833134
2026-01-04 13:45:00+00:00,C005,3.364864784439012,0.0,0.0,3.364864784439012
2026-01-04 14:00:00+00:00,C005,3.081482108186068,0.0,0.0,3.081482108186068
2026-01-04 14:15:00+00:00,C005,3.2118547919723355,0.0,0.0,3.2118547919723355
2026-01-04 14:30:00+00:00,C005,3.040256586820279,0.0,0.0,3.040256586820279
2026-01-04 14:45:00+00:00,C005,3.343971493623627,0.0,0.0,3.343971493623627
2026-01-04 15:00:00+00:00,C005,3.179468312926762,0.0,0.0,3.179468312926762
2026-01-04 15:15:00+00:00,C005,3.146041472248993,0.0,0.0,3.146041472248993
2026-01-04 15:30:00+00:00,C005,3.3006375859484045,0.0,0.0,3.3006375859484045
2026-01-04 15:45:00+00:00,C005,3.2123323917295816,0.0,0.0,3.2123323917295816
2026-01-04 16:00:00+00:00,C005,3.0579440374144315,0.0,0.0,3.0579440374144315
2026-01-04 16:15:00+00:00,C005,3.059786555400071,0.0,0.0,3.059786555400071
2026-01-04 16:30:00+00:00,C005,3.1768596213113933,0.0,0.0,3.1768596213113933
2026-01-04 16:45:00+00:00,C005,3.061871847444517,0.0,0.0,3.061871847444517
2026-01-04 17:00:00+00:00,C005,2.894635939091168,0.0,0.0,2.894635939091168
2026-01-04 17:15:00+00:00,C005,3.116328280679791,0.0,0.0,3.116328280679791
2026-01-04 17:30:00+00:00,C005,2.9721826122503305,0.0,0.0,2.9721826122503305
2026-01-04 17:45:00+00:00,C005,3.298095273932131,0.0,0.0,3.298095273932131
2026-01-04 18:00:00+00:00,C005,3.1381060602451716,0.0,0.0,3.1381060602451716
2026-01-04 18:15:00+00:00,C005,3.0103913105250775,0.0,0.0,3.0103913105250775
2026-01-04 18:30:00+00:00,C005,3.022414818097213,0.0,0.0,3.022414818097213
2026-01-04 18:45:00+00:00,C005,2.9184442362780993,0.0,0.0,2.9184442362780993
2026-01-04 19:00:00+00:00,C005,0.526936124523895,0.0,0.0,0.526936124523895
2026-01-04 19:15:00+00:00,C005,0.5861865616014602,0.0,0.0,0.5861865616014602
2026-01-04 19:30:00+00:00,C005,0.6281107273531166,0.0,0.0,0.6281107273531166
2026-01-04 19:45:00+00:00,C005,0.5830880925158346,0.0,0.0,0.5830880925158346
2026-01-04 20:00:00+00:00,C005,0.5559716643809727,0.0,0.0,0.5559716643809727
2026-01-04 20:15:00+00:00,C005,0.5442380319078246,0.0,0.0,0.5442380319078246
2026-01-04 20:30:00+00:00,C005,0.5307352716432301,0.0,0.0,0.5307352716432301
2026-01-04 20:45:00+00:00,C005,0.6181248969804044,0.0,0.0,0.6181248969804044
2026-01-04 21:00:00+00:00,C005,0.552129386342865,0.0,0.0,0.552129386342865
2026-01-04 21:15:00+00:00,C005,0.6216378079956968,0.0,0.0,0.6216378079956968
2026-01-04 21:30:00+00:00,C005,0.601099628315693,0.0,0.0,0.601099628315693
2026-01-04 21:45:00+00:00,C005,0.5030832061380166,0.0,0.0,0.5030832061380166
2026-01-04 22:00:00+00:00,C005,0.5422112240215992,0.0,0.0,0.5422112240215992
2026-01-04 22:15:00+00:00,C005,0.5472155869779917,0.0,0.0,0.5472155869779917
2026-01-04 22:30:00+00:00,C005,0.5564742490558057,0.0,0.0,0.5564742490558057
2026-01-04 22:45:00+00:00,C005,0.5629278566481047,0.0,0.0,0.5629278566481047
2026-01-04 23:00:00+00:00,C005,0.6539469772325489,0.0,0.0,0.6539469772325489
2026-01-04 23:15:00+00:00,C005,0.529516152643117,0.0,0.0,0.529516152643117
2026-01-04 23:30:00+00:00,C005,0.5768448012433548,0.0,0.0,0.5768448012433548
2026-01-04 23:45:00+00:00,C005,0.5884652444320021,0.0,0.0,0.5884652444320021
2026-01-05 00:00:00+00:00,C005,1.6335077645483944,0.0,0.0,1.6335077645483944
2026-01-05 00:15:00+00:00,C005,1.6367966011739523,0.0,0.0,1.6367966011739523
2026-01-05 00:30:00+00:00,C005,1.5650414804995274,0.0,0.0,1.5650414804995274
2026-01-05 00:45:00+00:00,C005,1.6327581800003756,0.0,0.0,1.6327581800003756
2026-01-05 01:00:00+00:00,C005,1.6605919998623841,0.0,0.0,1.6605919998623841
2026-01-05 01:15:00+00:00,C005,1.6653512145918419,0.0,0.0,1.6653512145918419
2026-01-05 01:30:00+00:00,C005,1.6889597112600392,0.0,0.0,1.6889597112600392
2026-01-05 01:45:00+00:00,C005,1.7231657541006233,0.0,0.0,1.7231657541006233
2026-01-05 02:00:00+00:00,C005,1.7028684819783475,0.0,0.0,1.7028684819783475
2026-01-05 02:15:00+00:00,C005,1.6492653528653807,0.0,0.0,1.6492653528653807
2026-01-05 02:30:00+00:00,C005,1.5789242201382179,0.0,0.0,1.5789242201382179
2026-01-05 02:45:00+00:00,C005,1.6187681867631407,0.0,0.0,1.6187681867631407
2026-01-05 03:00:00+00:00,C005,1.639296028180592,0.0,0.0,1.639296028180592
2026-01-05 03:15:00+00:00,C005,1.6733657258743952,0.0,0.0,1.6733657258743952
2026-01-05 03:30:00+00:00,C005,1.6316275759288805,0.0,0.0,1.6316275759288805
2026-01-05 03:45:00+00:00,C005,1.6163130488070994,0.0,0.0,1.6163130488070994
2026-01-05 04:00:00+00:00,C005,1.600517341900996,0.0,0.0,1.600517341900996
2026-01-05 04:15:00+00:00,C005,1.5733578701526862,0.0,0.0,1.5733578701526862
2026-01-05 04:30:00+00:00,C005,1.6541594697316668,0.0,0.0,1.6541594697316668
2026-01-05 04:45:00+00:00,C005,1.5925905065166341,0.0,0.0,1.5925905065166341
2026-01-05 05:00:00+00:00,C005,1.6159907661317814,0.0,0.0,1.6159907661317814
2026-01-05 05:15:00+00:00,C005,1.6591896506534352,0.0,0.0,1.6591896506534352
2026-01-05 05:30:00+00:00,C005,1.6045759318737738,0.0,0.0,1.6045759318737738
2026-01-05 05:45:00+00:00,C005,1.700603842022246,0.0,0.0,1.700603842022246
2026-01-05 06:00:00+00:00,C005,1.7442358110157454,0.0,0.0,1.7442358110157454
2026-01-05 06:15:00+00:00,C005,1.6640455806541885,0.0,0.0,1.6640455806541885
2026-01-05 06:30:00+00:00,C005,1.6733195387345425,0.0,0.0,1.6733195387345425
2026-01-05 06:45:00+00:00,C005,1.738648351812126,0.0,0.0,1.738648351812126
2026-01-05 07:00:00+00:00,C005,9.1847223799849,0.0,0.0,9.1847223799849
2026-01-05 07:15:00+00:00,C005,9.110844644952756,0.0,0.0,9.110844644952756
2026-01-05 07:30:00+00:00,C005,9.806005994440685,0.0,0.0,9.806005994440685
2026-01-05 07:45:00+00:00,C005,9.685480923886528,0.0,0.0,9.685480923886528
2026-01-05 08:00:00+00:00,C005,9.5573492196519,0.0,0.0,9.5573492196519
2026-01-05 08:15:00+00:00,C005,9.65369238555521,0.0,0.0,9.65369238555521
2026-01-05 08:30:00+00:00,C005,8.754420840240002,0.0,0.0,8.754420840240002
2026-01-05 08:45:00+00:00,C005,9.789348907366012,0.0,0.0,9.789348907366012
2026-01-05 09:00:00+00:00,C005,9.522429780045922,0.0,0.0,9.522429780045922
2026-01-05 09:15:00+00:00,C005,9.759805321863047,0.0,0.0,9.759805321863047
2026-01-05 09:30:00+00:00,C005,9.538922431230587,0.0,0.0,9.538922431230587
2026-01-05 09:45:00+00:00,C005,9.456621071231755,0.0,0.0,9.456621071231755
2026-01-05 10:00:00+00:00,C005,9.31897829791748,0.0,0.0,9.31897829791748
2026-01-05 10:15:00+00:00,C005,9.500932417984071,0.0,0.0,9.500932417984071
2026-01-05 10:30:00+00:00,C005,9.223340046563017,0.0,0.0,9.223340046563017
2026-01-05 10:45:00+00:00,C005,9.560514882172267,0.0,0.0,9.560514882172267
2026-01-05 11:00:00+00:00,C005,8.870141133310055,0.0,0.0,8.870141133310055
2026-01-05 11:15:00+00:00,C005,9.132994994613204,0.0,0.0,9.132994994613204
2026-01-05 11:30:00+00:00,C005,10.023903908548789,0.0,0.0,10.023903908548789
2026-01-05 11:45:00+00:00,C005,9.077865949805146,0.0,0.0,9.077865949805146
2026-01-05 12:00:00+00:00,C005,9.21435597607747,0.0,0.0,9.21435597607747
2026-01-05 12:15:00+00:00,C005,9.057074887867081,0.0,0.0,9.057074887867081
2026-01-05 12:30:00+00:00,C005,9.32981148287647,0.0,0.0,9.32981148287647
2026-01-05 12:45:00+00:00,C005,9.028859478525087,0.0,0.0,9.028859478525087
2026-01-05 13:00:00+00:00,C005,9.189582133606006,0.0,0.0,9.189582133606006
2026-01-05 13:15:00+00:00,C005,9.530549917711665,0.0,0.0,9.530549917711665
2026-01-05 13:30:00+00:00,C005,8.997766712791808,0.0,0.0,8.997766712791808
2026-01-05 13:45:00+00:00,C005,9.417356623576211,0.0,0.0,9.417356623576211
2026-01-05 14:00:00+00:00,C005,9.437088282576562,0.0,0.0,9.437088282576562
2026-01-05 14:15:00+00:00,C005,9.473927176421036,0.0,0.0,9.473927176421036
2026-01-05 14:30:00+00:00,C005,9.164274173514398,0.0,0.0,9.164274173514398
2026-01-05 14:45:00+00:00,C005,10.093948205771772,0.0,0.0,10.093948205771772
2026-01-05 15:00:00+00:00,C005,9.452771567327526,0.0,0.0,9.452771567327526
2026-01-05 15:15:00+00:00,C005,9.250260841174502,0.0,0.0,9.250260841174502
2026-01-05 15:30:00+00:00,C005,8.753172389020467,0.0,0.0,8.753172389020467
2026-01-05 15:45:00+00:00,C005,9.040437056638254,0.0,0.0,9.040437056638254
2026-01-05 16:00:00+00:00,C005,9.448890448457124,0.0,0.0,9.448890448457124
2026-01-05 16:15:00+00:00,C005,9.554675372891921,0.0,0.0,9.554675372891921
2026-01-05 16:30:00+00:00,C005,9.489710152690323,0.0,0.0,9.489710152690323
2026-01-05 16:45:00+00:00,C005,9.238572171626767,0.0,0.0,9.238572171626767
2026-01-05 17:00:00+00:00,C005,8.524223779713001,0.0,0.0,8.524223779713001
2026-01-05 17:15:00+00:00,C005,9.051987984626722,0.0,0.0,9.051987984626722
2026-01-05 17:30:00+00:00,C005,8.580455648522207,0.0,0.0,8.580455648522207
2026-01-05 17:45:00+00:00,C005,8.491068811035419,0.0,0.0,8.491068811035419
2026-01-05 18:00:00+00:00,C005,8.987210403412837,0.0,0.0,8.987210403412837
2026-01-05 18:15:00+00:00,C005,9.146275163399153,0.0,0.0,9.146275163399153
2026-01-05 18:30:00+00:00,C005,9.21070488232099,0.0,0.0,9.21070488232099
2026-01-05 18:45:00+00:00,C005,9.09276027969082,0.0,0.0,9.09276027969082
2026-01-05 19:00:00+00:00,C005,1.6353388770609782,0.0,0.0,1.6353388770609782
2026-01-05 19:15:00+00:00,C005,1.5574887476206765,0.0,0.0,1.5574887476206765
2026-01-05 19:30:00+00:00,C005,1.6121291424803093,0.0,0.0,1.6121291424803093
2026-01-05 19:45:00+00:00,C005,1.5357791229240139,0.0,0.0,1.5357791229240139
2026-01-05 20:00:00+00:00,C005,1.501200149750707,0.0,0.0,1.501200149750707
2026-01-05 20:15:00+00:00,C005,1.6515460599587692,0.0,0.0,1.6515460599587692
2026-01-05 20:30:00+00:00,C005,1.566549433232828,0.0,0.0,1.566549433232828
2026-01-05 20:45:00+00:00,C005,1.6421463656429862,0.0,0.0,1.6421463656429862
2026-01-05 21:00:00+00:00,C005,1.6622284957530356,0.0,0.0,1.6622284957530356
2026-01-05 21:15:00+00:00,C005,1.5808534110468289,0.0,0.0,1.5808534110468289
2026-01-05 21:30:00+00:00,C005,1.6407724026088606,0.0,0.0,1.6407724026088606
2026-01-05 21:45:00+00:00,C005,1.5768674315944913,0.0,0.0,1.5768674315944913
2026-01-05 22:00:00+00:00,C005,1.510438632033972,0.0,0.0,1.510438632033972
2026-01-05 22:15:00+00:00,C005,1.619939761079994,0.0,0.0,1.619939761079994
2026-01-05 22:30:00+00:00,C005,1.5850505588807347,0.0,0.0,1.5850505588807347
2026-01-05 22:45:00+00:00,C005,1.5954206825424704,0.0,0.0,1.5954206825424704
2026-01-05 23:00:00+00:00,C005,1.7238283352681623,0.0,0.0,1.7238283352681623
2026-01-05 23:15:00+00:00,C005,1.5432785881888043,0.0,0.0,1.5432785881888043
2026-01-05 23:30:00+00:00,C005,1.646178151407745,0.0,0.0,1.646178151407745
2026-01-05 23:45:00+00:00,C005,1.55224350299455,0.0,0.0,1.55224350299455
2026-01-06 00:00:00+00:00,C005,1.6795352209489047,0.0,0.0,1.6795352209489047
2026-01-06 00:15:00+00:00,C005,1.6386636297729313,0.0,0.0,1.6386636297729313
2026-01-06 00:30:00+00:00,C005,1.6557402543960291,0.0,0.0,1.6557402543960291
2026-01-06 00:45:00+00:00,C005,1.5792910896057073,0.0,0.0,1.5792910896057073
2026-01-06 01:00:00+00:00,C005,1.5967459372747916,0.0,0.0,1.5967459372747916
2026-01-06 01:15:00+00:00,C005,1.6977710646886048,0.0,0.0,1.6977710646886048
2026-01-06 01:30:00+00:00,C005,1.7540559664715714,0.0,0.0,1.7540559664715714
2026-01-06 01:45:00+00:00,C005,1.6736206972532144,0.0,0.0,1.6736206972532144
2026-01-06 02:00:00+00:00,C005,1.6060147392076127,0.0,0.0,1.6060147392076127
2026-01-06 02:15:00+00:00,C005,1.669739945545697,0.0,0.0,1.669739945545697
2026-01-06 02:30:00+00:00,C005,1.7902845183724287,0.0,0.0,1.7902845183724287
2026-01-06 02:45:00+00:00,C005,1.6640991153339846,0.0,0.0,1.6640991153339846
2026-01-06 03:00:00+00:00,C005,1.7509328090886853,0.0,0.0,1.7509328090886853
2026-01-06 03:15:00+00:00,C005,1.6201229574758897,0.0,0.0,1.6201229574758897
2026-01-06 03:30:00+00:00,C005,1.6689844811611194,0.0,0.0,1.6689844811611194
2026-01-06 03:45:00+00:00,C005,1.7013157400710062,0.0,0.0,1.7013157400710062
2026-01-06 04:00:00+00:00,C005,1.7111162805495055,0.0,0.0,1.7111162805495055
2026-01-06 04:15:00+00:00,C005,1.6343710405486582,0.0,0.0,1.6343710405486582
2026-01-06 04:30:00+00:00,C005,1.645694544990215,0.0,0.0,1.645694544990215
2026-01-06 04:45:00+00:00,C005,1.7509402788261141,0.0,0.0,1.7509402788261141
2026-01-06 05:00:00+00:00,C005,1.7438574061788716,0.0,0.0,1.7438574061788716
2026-01-06 05:15:00+00:00,C005,1.7682961393213874,0.0,0.0,1.7682961393213874
2026-01-06 05:30:00+00:00,C005,1.7997398569109764,0.0,0.0,1.7997398569109764
2026-01-06 05:45:00+00:00,C005,1.7081936906716018,0.0,0.0,1.7081936906716018
2026-01-06 06:00:00+00:00,C005,1.6935684395486543,0.0,0.0,1.6935684395486543
2026-01-06 06:15:00+00:00,C005,1.7764427773275349,0.0,0.0,1.7764427773275349
2026-01-06 06:30:00+00:00,C005,1.7180222649552506,0.0,0.0,1.7180222649552506
2026-01-06 06:45:00+00:00,C005,1.6332966592643867,0.0,0.0,1.6332966592643867
2026-01-06 07:00:00+00:00,C005,9.0997636913659,0.0,0.0,9.0997636913659
2026-01-06 07:15:00+00:00,C005,9.566086925415588,0.0,0.0,9.566086925415588
2026-01-06 07:30:00+00:00,C005,9.428646685972037,0.0,0.0,9.428646685972037
2026-01-06 07:45:00+00:00,C005,9.429988988161627,0.0,0.0,9.429988988161627
2026-01-06 08:00:00+00:00,C005,9.77713625442338,0.0,0.0,9.77713625442338
2026-01-06 08:15:00+00:00,C005,9.680725544704494,0.0,0.0,9.680725544704494
2026-01-06 08:30:00+00:00,C005,9.830832312183482,0.0,0.0,9.830832312183482
2026-01-06 08:45:00+00:00,C005,8.772594959886035,0.0,0.0,8.772594959886035
2026-01-06 09:00:00+00:00,C005,9.47528045146071,0.0,0.0,9.47528045146071
2026-01-06 09:15:00+00:00,C005,9.67078232522336,0.0,0.0,9.67078232522336
2026-01-06 09:30:00+00:00,C005,8.871438773502094,0.0,0.0,8.871438773502094
2026-01-06 09:45:00+00:00,C005,9.12225063510848,0.0,0.0,9.12225063510848
2026-01-06 10:00:00+00:00,C005,9.154562457553542,0.0,0.0,9.154562457553542
2026-01-06 10:15:00+00:00,C005,9.427180316143309,0.0,0.0,9.427180316143309
2026-01-06 10:30:00+00:00,C005,9.85293993201286,0.0,0.0,9.85293993201286
2026-01-06 10:45:00+00:00,C005,10.035682999199347,0.0,0.0,10.035682999199347
2026-01-06 11:00:00+00:00,C005,9.032418410655614,0.0,0.0,9.032418410655614
2026-01-06 11:15:00+00:00,C005,9.531413930761554,0.0,0.0,9.531413930761554
2026-01-06 11:30:00+00:00,C005,9.451904679014675,0.0,0.0,9.451904679014675
2026-01-06 11:45:00+00:00,C005,9.436241701094529,0.0,0.0,9.436241701094529
2026-01-06 12:00:00+00:00,C005,9.420635132522213,0.0,0.0,9.420635132522213
2026-01-06 12:15:00+00:00,C005,9.322372909157997,0.0,0.0,9.322372909157997
2026-01-06 12:30:00+00:00,C005,9.834540062996846,0.0,0.0,9.834540062996846
2026-01-06 12:45:00+00:00,C005,9.652330928383662,0.0,0.0,9.652330928383662
2026-01-06 13:00:00+00:00,C005,8.914790029708383,0.0,0.0,8.914790029708383
2026-01-06 13:15:00+00:00,C005,9.462774778061071,0.0,0.0,9.462774778061071
2026-01-06 13:30:00+00:00,C005,9.560061372967873,0.0,0.0,9.560061372967873
2026-01-06 13:45:00+00:00,C005,9.26736504642033,0.0,0.0,9.26736504642033
2026-01-06 14:00:00+00:00,C005,9.560880584617621,0.0,0.0,9.560880584617621
2026-01-06 14:15:00+00:00,C005,9.172984901443176,0.0,0.0,9.172984901443176
2026-01-06 14:30:00+00:00,C005,9.302509000688124,0.0,0.0,9.302509000688124
2026-01-06 14:45:00+00:00,C005,9.196196940507239,0.0,0.0,9.196196940507239
2026-01-06 15:00:00+00:00,C005,8.528839581980879,0.0,0.0,8.528839581980879
2026-01-06 15:15:00+00:00,C005,9.101310943723309,0.0,0.0,9.101310943723309
2026-01-06 15:30:00+00:00,C005,8.85660899836694,0.0,0.0,8.85660899836694
2026-01-06 15:45:00+00:00,C005,8.693970644450001,0.0,0.0,8.693970644450001
2026-01-06 16:00:00+00:00,C005,9.51364113140856,0.0,0.0,9.51364113140856
2026-01-06 16:15:00+00:00,C005,9.200667419868687,0.0,0.0,9.200667419868687
2026-01-06 16:30:00+00:00,C005,9.003749718608212,0.0,0.0,9.003749718608212
2026-01-06 16:45:00+00:00,C005,8.869707177246442,0.0,0.0,8.869707177246442
2026-01-06 17:00:00+00:00,C005,9.061026211294159,0.0,0.0,9.061026211294159
2026-01-06 17:15:00+00:00,C005,9.26926138907387,0.0,0.0,9.26926138907387
2026-01-06 17:30:00+00:00,C005,8.699535224387297,0.0,0.0,8.699535224387297
2026-01-06 17:45:00+00:00,C005,8.940707947876216,0.0,0.0,8.940707947876216
2026-01-06 18:00:00+00:00,C005,9.215407503646773,0.0,0.0,9.215407503646773
2026-01-06 18:15:00+00:00,C005,8.265627354594946,0.0,0.0,8.265627354594946
2026-01-06 18:30:00+00:00,C005,8.92591190394348,0.0,0.0,8.92591190394348
2026-01-06 18:45:00+00:00,C005,8.812215692631801,0.0,0.0,8.812215692631801
2026-01-06 19:00:00+00:00,C005,1.6051335618529972,0.0,0.0,1.6051335618529972
2026-01-06 19:15:00+00:00,C005,1.585624858253891,0.0,0.0,1.585624858253891
2026-01-06 19:30:00+00:00,C005,1.6227239588032003,0.0,0.0,1.6227239588032003
2026-01-06 19:45:00+00:00,C005,1.7205794229815392,0.0,0.0,1.7205794229815392
2026-01-06 20:00:00+00:00,C005,1.5878117029907832,0.0,0.0,1.5878117029907832
2026-01-06 20:15:00+00:00,C005,1.6195157481255553,0.0,0.0,1.6195157481255553
2026-01-06 20:30:00+00:00,C005,1.7174845543031307,0.0,0.0,1.7174845543031307
2026-01-06 20:45:00+00:00,C005,1.5806455619265796,0.0,0.0,1.5806455619265796
2026-01-06 21:00:00+00:00,C005,1.7019669584885537,0.0,0.0,1.7019669584885537
2026-01-06 21:15:00+00:00,C005,1.6025601357713903,0.0,0.0,1.6025601357713903
2026-01-06 21:30:00+00:00,C005,1.7100639141644045,0.0,0.0,1.7100639141644045
2026-01-06 21:45:00+00:00,C005,1.6567413216332068,0.0,0.0,1.6567413216332068
2026-01-06 22:00:00+00:00,C005,1.6243235621318663,0.0,0.0,1.6243235621318663
2026-01-06 22:15:00+00:00,C005,1.6074116017947668,0.0,0.0,1.6074116017947668
2026-01-06 22:30:00+00:00,C005,1.5890014598510689,0.0,0.0,1.5890014598510689
2026-01-06 22:45:00+00:00,C005,1.6206596644619835,0.0,0.0,1.6206596644619835
2026-01-06 23:00:00+00:00,C005,1.6666887664448042,0.0,0.0,1.6666887664448042
2026-01-06 23:15:00+00:00,C005,1.6255871120580336,0.0,0.0,1.6255871120580336
2026-01-06 23:30:00+00:00,C005,1.6027503889007573,0.0,0.0,1.6027503889007573
2026-01-06 23:45:00+00:00,C005,1.620463869948206,0.0,0.0,1.620463869948206
2026-01-07 00:00:00+00:00,C005,1.6733860805982383,0.0,0.0,1.6733860805982383
2026-01-07 00:15:00+00:00,C005,1.6898320749310953,0.0,0.0,1.6898320749310953
2026-01-07 00:30:00+00:00,C005,1.595556043982886,0.0,0.0,1.595556043982886
2026-01-07 00:45:00+00:00,C005,1.5937617668339412,0.0,0.0,1.5937617668339412
2026-01-07 01:00:00+00:00,C005,1.6765344313267971,0.0,0.0,1.6765344313267971
2026-01-07 01:15:00+00:00,C005,1.736476267360775,0.0,0.0,1.736476267360775
2026-01-07 01:30:00+00:00,C005,1.7109533653567552,0.0,0.0,1.7109533653567552
2026-01-07 01:45:00+00:00,C005,1.580948039667414,0.0,0.0,1.580948039667414
2026-01-07 02:00:00+00:00,C005,1.6282353322395577,0.0,0.0,1.6282353322395577
2026-01-07 02:15:00+00:00,C005,1.5837486845407112,0.0,0.0,1.5837486845407112
2026-01-07 02:30:00+00:00,C005,1.6470974573940427,0.0,0.0,1.6470974573940427
2026-01-07 02:45:00+00:00,C005,1.7564257887165677,0.0,0.0,1.7564257887165677
2026-01-07 03:00:00+00:00,C005,1.5755531622761954,0.0,0.0,1.5755531622761954
2026-01-07 03:15:00+00:00,C005,1.5574197147363456,0.0,0.0,1.5574197147363456
2026-01-07 03:30:00+00:00,C005,1.625396882951862,0.0,0.0,1.625396882951862
2026-01-07 03:45:00+00:00,C005,1.682720983212569,0.0,0.0,1.682720983212569
2026-01-07 04:00:00+00:00,C005,1.6931920572911159,0.0,0.0,1.6931920572911159
2026-01-07 04:15:00+00:00,C005,1.7102845463224203,0.0,0.0,1.7102845463224203
2026-01-07 04:30:00+00:00,C005,1.753426220211726,0.0,0.0,1.753426220211726
2026-01-07 04:45:00+00:00,C005,1.5764711338597082,0.0,0.0,1.5764711338597082
2026-01-07 05:00:00+00:00,C005,1.7528857057015514,0.0,0.0,1.7528857057015514
2026-01-07 05:15:00+00:00,C005,1.656940088546471,0.0,0.0,1.656940088546471
2026-01-07 05:30:00+00:00,C005,1.724138324750117,0.0,0.0,1.724138324750117
2026-01-07 05:45:00+00:00,C005,1.6185596770113737,0.0,0.0,1.6185596770113737
2026-01-07 06:00:00+00:00,C005,1.682489204488862,0.0,0.0,1.682489204488862
2026-01-07 06:15:00+00:00,C005,1.7053061705926007,0.0,0.0,1.7053061705926007
2026-01-07 06:30:00+00:00,C005,1.7470726167589103,0.0,0.0,1.7470726167589103
2026-01-07 06:45:00+00:00,C005,1.5997486717209766,0.0,0.0,1.5997486717209766
2026-01-07 07:00:00+00:00,C005,9.424235247653495,0.0,0.0,9.424235247653495
2026-01-07 07:15:00+00:00,C005,9.014398535058518,0.0,0.0,9.014398535058518
2026-01-07 07:30:00+00:00,C005,9.529226509086428,0.0,0.0,9.529226509086428
2026-01-07 07:45:00+00:00,C005,9.6322146392017,0.0,0.0,9.6322146392017
2026-01-07 08:00:00+00:00,C005,9.888381063588755,0.0,0.0,9.888381063588755
2026-01-07 08:15:00+00:00,C005,9.196887128914671,0.0,0.0,9.196887128914671
2026-01-07 08:30:00+00:00,C005,9.738986618328793,0.0,0.0,9.738986618328793
2026-01-07 08:45:00+00:00,C005,9.825775498263218,0.0,0.0,9.825775498263218
2026-01-07 09:00:00+00:00,C005,8.897870482934303,0.0,0.0,8.897870482934303
2026-01-07 09:15:00+00:00,C005,9.56164097781702,0.0,0.0,9.56164097781702
2026-01-07 09:30:00+00:00,C005,9.720103537278234,0.0,0.0,9.720103537278234
2026-01-07 09:45:00+00:00,C005,9.330972671901016,0.0,0.0,9.330972671901016
2026-01-07 10:00:00+00:00,C005,8.93309938551304,0.0,0.0,8.93309938551304
2026-01-07 10:15:00+00:00,C005,9.646198157996144,0.0,0.0,9.646198157996144
2026-01-07 10:30:00+00:00,C005,8.96895782887151,0.0,0.0,8.96895782887151
2026-01-07 10:45:00+00:00,C005,9.210908870376572,0.0,0.0,9.210908870376572
2026-01-07 11:00:00+00:00,C005,9.31928301855176,0.0,0.0,9.31928301855176
2026-01-07 11:15:00+00:00,C005,9.533973578618669,0.0,0.0,9.533973578618669
2026-01-07 11:30:00+00:00,C005,9.074891527448846,0.0,0.0,9.074891527448846
2026-01-07 11:45:00+00:00,C005,9.077089304343618,0.0,0.0,9.077089304343618
2026-01-07 12:00:00+00:00,C005,9.273988098960949,0.0,0.0,9.273988098960949
2026-01-07 12:15:00+00:00,C005,9.593434408077178,0.0,0.0,9.593434408077178
2026-01-07 12:30:00+00:00,C005,9.986982740443745,0.0,0.0,9.986982740443745
2026-01-07 12:45:00+00:00,C005,8.67680128565561,0.0,0.0,8.67680128565561
2026-01-07 13:00:00+00:00,C005,9.341602986307626,0.0,0.0,9.341602986307626
2026-01-07 13:15:00+00:00,C005,8.924964703908662,0.0,0.0,8.924964703908662
2026-01-07 13:30:00+00:00,C005,9.425264373173333,0.0,0.0,9.425264373173333
2026-01-07 13:45:00+00:00,C005,8.749325196064673,0.0,0.0,8.749325196064673
2026-01-07 14:00:00+00:00,C005,8.931287718471365,0.0,0.0,8.931287718471365
2026-01-07 14:15:00+00:00,C005,9.001797263245555,0.0,0.0,9.001797263245555
2026-01-07 14:30:00+00:00,C005,9.085398807503847,0.0,0.0,9.085398807503847
2026-01-07 14:45:00+00:00,C005,9.194841378543579,0.0,0.0,9.194841378543579
2026-01-07 15:00:00+00:00,C005,9.225207154117607,0.0,0.0,9.225207154117607
2026-01-07 15:15:00+00:00,C005,9.090332986995744,0.0,0.0,9.090332986995744
2026-01-07 15:30:00+00:00,C005,8.589476508316691,0.0,0.0,8.589476508316691
2026-01-07 15:45:00+00:00,C005,9.224625595873857,0.0,0.0,9.224625595873857
2026-01-07 16:00:00+00:00,C005,9.04409566278469,0.0,0.0,9.04409566278469
2026-01-07 16:15:00+00:00,C005,9.323261875335355,0.0,0.0,9.323261875335355
2026-01-07 16:30:00+00:00,C005,8.670898341760314,0.0,0.0,8.670898341760314
2026-01-07 16:45:00+00:00,C005,8.450735476619675,0.0,0.0,8.450735476619675
2026-01-07 17:00:00+00:00,C005,8.949858507483501,0.0,0.0,8.949858507483501
2026-01-07 17:15:00+00:00,C005,9.346478248815032,0.0,0.0,9.346478248815032
2026-01-07 17:30:00+00:00,C005,8.949877611879693,0.0,0.0,8.949877611879693
2026-01-07 17:45:00+00:00,C005,8.920267453338015,0.0,0.0,8.920267453338015
2026-01-07 18:00:00+00:00,C005,8.627193821338947,0.0,0.0,8.627193821338947
2026-01-07 18:15:00+00:00,C005,9.460280062514057,0.0,0.0,9.460280062514057
2026-01-07 18:30:00+00:00,C005,8.497735291933058,0.0,0.0,8.497735291933058
2026-01-07 18:45:00+00:00,C005,8.663852068347015,0.0,0.0,8.663852068347015
2026-01-07 19:00:00+00:00,C005,1.6175738941208502,0.0,0.0,1.6175738941208502
2026-01-07 19:15:00+00:00,C005,1.500757263154128,0.0,0.0,1.500757263154128
2026-01-07 19:30:00+00:00,C005,1.6633245417292777,0.0,0.0,1.6633245417292777
2026-01-07 19:45:00+00:00,C005,1.6286202175145337,0.0,0.0,1.6286202175145337
2026-01-07 20:00:00+00:00,C005,1.6525271190871962,0.0,0.0,1.6525271190871962
2026-01-07 20:15:00+00:00,C005,1.6257191086594094,0.0,0.0,1.6257191086594094
2026-01-07 20:30:00+00:00,C005,1.5783584714702734,0.0,0.0,1.5783584714702734
2026-01-07 20:45:00+00:00,C005,1.539193795572789,0.0,0.0,1.539193795572789
2026-01-07 21:00:00+00:00,C005,1.6011459921700264,0.0,0.0,1.6011459921700264
2026-01-07 21:15:00+00:00,C005,1.5432159506632332,0.0,0.0,1.5432159506632332
2026-01-07 21:30:00+00:00,C005,1.6323165090461778,0.0,0.0,1.6323165090461778
2026-01-07 21:45:00+00:00,C005,1.6473133933836692,0.0,0.0,1.6473133933836692
2026-01-07 22:00:00+00:00,C005,1.6842392888959994,0.0,0.0,1.6842392888959994
2026-01-07 22:15:00+00:00,C005,1.6355415161545699,0.0,0.0,1.6355415161545699
2026-01-07 22:30:00+00:00,C005,1.667747887075612,0.0,0.0,1.667747887075612
2026-01-07 22:45:00+00:00,C005,1.585499156652866,0.0,0.0,1.585499156652866
2026-01-07 23:00:00+00:00,C005,1.5842755794580923,0.0,0.0,1.5842755794580923
2026-01-07 23:15:00+00:00,C005,1.6548958839184718,0.0,0.0,1.6548958839184718
2026-01-07 23:30:00+00:00,C005,1.5843026311698163,0.0,0.0,1.5843026311698163
2026-01-07 23:45:00+00:00,C005,1.6271476148416244,0.0,0.0,1.6271476148416244
2026-01-01 00:00:00+00:00,C006,19.34644544048353,0.0,0.0,19.34644544048353
2026-01-01 00:15:00+00:00,C006,20.249847994129517,0.0,0.0,20.249847994129517
2026-01-01 00:30:00+00:00,C006,20.662165448252157,0.0,0.0,20.662165448252157
2026-01-01 00:45:00+00:00,C006,20.92571707036131,0.0,0.0,20.92571707036131
2026-01-01 01:00:00+00:00,C006,21.093514578685895,0.0,0.0,21.093514578685895
2026-01-01 01:15:00+00:00,C006,22.229643249145983,0.0,0.0,22.229643249145983
2026-01-01 01:30:00+00:00,C006,20.828128693677293,0.0,0.0,20.828128693677293
2026-01-01 01:45:00+00:00,C006,21.632379486657552,0.0,0.0,21.632379486657552
2026-01-01 02:00:00+00:00,C006,22.73788146429464,0.0,0.0,22.73788146429464
2026-01-01 02:15:00+00:00,C006,22.875434120638314,0.0,0.0,22.875434120638314
2026-01-01 02:30:00+00:00,C006,22.21064402761174,0.0,0.0,22.21064402761174
2026-01-01 02:45:00+00:00,C006,23.299517057281843,0.0,0.0,23.299517057281843
2026-01-01 03:00:00+00:00,C006,21.808653896295578,0.0,0.0,21.808653896295578
2026-01-01 03:15:00+00:00,C006,21.27274030746489,0.0,0.0,21.27274030746489
2026-01-01 03:30:00+00:00,C006,21.950835252252112,0.0,0.0,21.950835252252112
2026-01-01 03:45:00+00:00,C006,23.111360981178873,0.0,0.0,23.111360981178873
2026-01-01 04:00:00+00:00,C006,21.01170590361842,0.0,0.0,21.01170590361842
2026-01-01 04:15:00+00:00,C006,23.514316160080412,0.0,0.0,23.514316160080412
2026-01-01 04:30:00+00:00,C006,22.525445248072245,0.0,0.0,22.525445248072245
2026-01-01 04:45:00+00:00,C006,24.192074313987984,0.0,0.0,24.192074313987984
2026-01-01 05:00:00+00:00,C006,24.03676715722625,0.0,0.0,24.03676715722625
2026-01-01 05:15:00+00:00,C006,23.59743512316973,0.0,0.0,23.59743512316973
2026-01-01 05:30:00+00:00,C006,23.796439969210695,0.0,0.0,23.796439969210695
2026-01-01 05:45:00+00:00,C006,24.68368490958982,0.0,0.0,24.68368490958982
2026-01-01 06:00:00+00:00,C006,118.2259957239348,0.0,0.0,118.2259957239348
2026-01-01 06:15:00+00:00,C006,119.62993309052523,0.0,0.0,119.62993309052523
2026-01-01 06:30:00+00:00,C006,110.64432960639824,0.0,0.0,110.64432960639824
2026-01-01 06:45:00+00:00,C006,116.08124792147584,0.0,0.0,116.08124792147584
2026-01-01 07:00:00+00:00,C006,117.67808337343655,0.0,0.0,117.67808337343655
2026-01-01 07:15:00+00:00,C006,121.26914786882485,0.0,0.0,121.26914786882485
2026-01-01 07:30:00+00:00,C006,113.13781989206228,0.0,0.0,113.13781989206228
2026-01-01 07:45:00+00:00,C006,120.90485988109678,0.0,0.0,120.90485988109678
2026-01-01 08:00:00+00:00,C006,118.07018110743337,0.0,0.0,118.07018110743337
2026-01-01 08:15:00+00:00,C006,124.74809469830407,0.0,0.0,124.74809469830407
2026-01-01 08:30:00+00:00,C006,122.26943722187934,0.0,0.0,122.26943722187934
2026-01-01 08:45:00+00:00,C006,120.73472962415153,0.0,0.0,120.73472962415153
2026-01-01 09:00:00+00:00,C006,121.80317665810887,0.0,0.0,121.80317665810887
2026-01-01 09:15:00+00:00,C006,116.51163610535949,0.0,0.0,116.51163610535949
2026-01-01 09:30:00+00:00,C006,120.07255265733491,0.0,0.0,120.07255265733491
2026-01-01 09:45:00+00:00,C006,117.09845509436138,0.0,0.0,117.09845509436138
2026-01-01 10:00:00+00:00,C006,116.40834502807593,0.0,0.0,116.40834502807593
2026-01-01 10:15:00+00:00,C006,118.30828275017254,0.0,0.0,118.30828275017254
2026-01-01 10:30:00+00:00,C006,126.26574048542358,0.0,0.0,126.26574048542358
2026-01-01 10:45:00+00:00,C006,120.81732459056137,0.0,0.0,120.81732459056137
2026-01-01 11:00:00+00:00,C006,113.00451880728355,0.0,0.0,113.00451880728355
2026-01-01 11:15:00+00:00,C006,118.8164385731847,0.0,0.0,118.8164385731847
2026-01-01 11:30:00+00:00,C006,116.26981276207462,0.0,0.0,116.26981276207462
2026-01-01 11:45:00+00:00,C006,111.20423876269443,0.0,0.0,111.20423876269443
2026-01-01 12:00:00+00:00,C006,115.83055460117828,0.0,0.0,115.83055460117828
2026-01-01 12:15:00+00:00,C006,112.41186734031875,0.0,0.0,112.41186734031875
2026-01-01 12:30:00+00:00,C006,106.09082028747224,0.0,0.0,106.09082028747224
2026-01-01 12:45:00+00:00,C006,111.58885321053579,0.0,0.0,111.58885321053579
2026-01-01 13:00:00+00:00,C006,114.69758645700311,0.0,0.0,114.69758645700311
2026-01-01 13:15:00+00:00,C006,109.27061076767802,0.0,0.0,109.27061076767802
2026-01-01 13:30:00+00:00,C006,109.36770073483822,0.0,0.0,109.36770073483822
2026-01-01 13:45:00+00:00,C006,106.16733407369283,0.0,0.0,106.16733407369283
2026-01-01 14:00:00+00:00,C006,109.32290896381642,0.0,0.0,109.32290896381642
2026-01-01 14:15:00+00:00,C006,101.67073114316429,0.0,0.0,101.67073114316429
2026-01-01 14:30:00+00:00,C006,107.0507760751668,0.0,0.0,107.0507760751668
2026-01-01 14:45:00+00:00,C006,102.34341372249577,0.0,0.0,102.34341372249577
2026-01-01 15:00:00+00:00,C006,102.09642336356023,0.0,0.0,102.09642336356023
2026-01-01 15:15:00+00:00,C006,99.02935438098113,0.0,0.0,99.02935438098113
2026-01-01 15:30:00+00:00,C006,92.36008561030782,0.0,0.0,92.36008561030782
2026-01-01 15:45:00+00:00,C006,100.1178684097944,0.0,0.0,100.1178684097944
2026-01-01 16:00:00+00:00,C006,92.8740661173722,0.0,0.0,92.8740661173722
2026-01-01 16:15:00+00:00,C006,96.3798141090797,0.0,0.0,96.3798141090797
2026-01-01 16:30:00+00:00,C006,99.09399002140978,0.0,0.0,99.09399002140978
2026-01-01 16:45:00+00:00,C006,99.36036079207291,0.0,0.0,99.36036079207291
2026-01-01 17:00:00+00:00,C006,89.49268869419977,0.0,0.0,89.49268869419977
2026-01-01 17:15:00+00:00,C006,95.00764842858142,0.0,0.0,95.00764842858142
2026-01-01 17:30:00+00:00,C006,102.8306197331964,0.0,0.0,102.8306197331964
2026-01-01 17:45:00+00:00,C006,101.98707127121129,0.0,0.0,101.98707127121129
2026-01-01 18:00:00+00:00,C006,98.44887913569299,0.0,0.0,98.44887913569299
2026-01-01 18:15:00+00:00,C006,92.38359376802381,0.0,0.0,92.38359376802381
2026-01-01 18:30:00+00:00,C006,88.48816834260072,0.0,0.0,88.48816834260072
2026-01-01 18:45:00+00:00,C006,92.3031868845511,0.0,0.0,92.3031868845511
2026-01-01 19:00:00+00:00,C006,91.86898796033731,0.0,0.0,91.86898796033731
2026-01-01 19:15:00+00:00,C006,92.51650004273132,0.0,0.0,92.51650004273132
2026-01-01 19:30:00+00:00,C006,87.45652881952563,0.0,0.0,87.45652881952563
2026-01-01 19:45:00+00:00,C006,90.97820815142136,0.0,0.0,90.97820815142136
2026-01-01 20:00:00+00:00,C006,90.16499110964898,0.0,0.0,90.16499110964898
2026-01-01 20:15:00+00:00,C006,93.10435842873888,0.0,0.0,93.10435842873888
2026-01-01 20:30:00+00:00,C006,93.2478206536469,0.0,0.0,93.2478206536469
2026-01-01 20:45:00+00:00,C006,89.97492621067374,0.0,0.0,89.97492621067374
2026-01-01 21:00:00+00:00,C006,89.54386003061705,0.0,0.0,89.54386003061705
2026-01-01 21:15:00+00:00,C006,95.34722752471001,0.0,0.0,95.34722752471001
2026-01-01 21:30:00+00:00,C006,100.88702211680157,0.0,0.0,100.88702211680157
2026-01-01 21:45:00+00:00,C006,93.47042945870633,0.0,0.0,93.47042945870633
2026-01-01 22:00:00+00:00,C006,17.422704226255885,0.0,0.0,17.422704226255885
2026-01-01 22:15:00+00:00,C006,17.88505684367021,0.0,0.0,17.88505684367021
2026-01-01 22:30:00+00:00,C006,18.71377118110419,0.0,0.0,18.71377118110419
2026-01-01 22:45:00+00:00,C006,19.7523762379883,0.0,0.0,19.7523762379883
2026-01-01 23:00:00+00:00,C006,18.33558492342929,0.0,0.0,18.33558492342929
2026-01-01 23:15:00+00:00,C006,19.038432000685273,0.0,0.0,19.038432000685273
2026-01-01 23:30:00+00:00,C006,20.1675989157362,0.0,0.0,20.1675989157362
2026-01-01 23:45:00+00:00,C006,20.676054445215154,0.0,0.0,20.676054445215154
2026-01-02 00:00:00+00:00,C006,19.926882282305755,0.0,0.0,19.926882282305755
2026-01-02 00:15:00+00:00,C006,19.076443309033532,0.0,0.0,19.076443309033532
2026-01-02 00:30:00+00:00,C006,20.117289891721658,0.0,0.0,20.117289891721658
2026-01-02 00:45:00+00:00,C006,21.292608936846094,0.0,0.0,21.292608936846094
2026-01-02 01:00:00+00:00,C006,20.35753775202408,0.0,0.0,20.35753775202408
2026-01-02 01:15:00+00:00,C006,20.08486364426167,0.0,0.0,20.08486364426167
2026-01-02 01:30:00+00:00,C006,20.43226573638272,0.0,0.0,20.43226573638272
2026-01-02 01:45:00+00:00,C006,19.841014865039636,0.0,0.0,19.841014865039636
2026-01-02 02:00:00+00:00,C006,22.199516642021376,0.0,0.0,22.199516642021376
2026-01-02 02:15:00+00:00,C006,21.561769357219063,0.0,0.0,21.561769357219063
2026-01-02 02:30:00+00:00,C006,22.190182437084555,0.0,0.0,22.190182437084555
2026-01-02 02:45:00+00:00,C006,22.854192506340304,0.0,0.0,22.854192506340304
2026-01-02 03:00:00+00:00,C006,20.549395988594256,0.0,0.0,20.549395988594256
2026-01-02 03:15:00+00:00,C006,22.299184091238082,0.0,0.0,22.299184091238082
2026-01-02 03:30:00+00:00,C006,22.010027521130958,0.0,0.0,22.010027521130958
2026-01-02 03:45:00+00:00,C006,21.71760507844915,0.0,0.0,21.71760507844915
2026-01-02 04:00:00+00:00,C006,23.34024584952857,0.0,0.0,23.34024584952857
2026-01-02 04:15:00+00:00,C006,23.13044218796919,0.0,0.0,23.13044218796919
2026-01-02 04:30:00+00:00,C006,21.926657710342326,0.0,0.0,21.926657710342326
2026-01-02 04:45:00+00:00,C006,23.201079248034205,0.0,0.0,23.201079248034205
2026-01-02 05:00:00+00:00,C006,23.060257888196706,0.0,0.0,23.060257888196706
2026-01-02 05:15:00+00:00,C006,23.910129225458114,0.0,0.0,23.910129225458114
2026-01-02 05:30:00+00:00,C006,22.831497093849325,0.0,0.0,22.831497093849325
2026-01-02 05:45:00+00:00,C006,23.885127065269394,0.0,0.0,23.885127065269394
2026-01-02 06:00:00+00:00,C006,121.23007664315209,0.0,0.0,121.23007664315209
2026-01-02 06:15:00+00:00,C006,116.69528389275948,0.0,0.0,116.69528389275948
2026-01-02 06:30:00+00:00,C006,114.80396079410264,0.0,0.0,114.80396079410264
2026-01-02 06:45:00+00:00,C006,116.54119313198915,0.0,0.0,116.54119313198915
2026-01-02 07:00:00+00:00,C006,115.52209366737824,0.0,0.0,115.52209366737824
2026-01-02 07:15:00+00:00,C006,125.217313312306,0.0,0.0,125.217313312306
2026-01-02 07:30:00+00:00,C006,121.17596560686538,0.0,0.0,121.17596560686538
2026-01-02 07:45:00+00:00,C006,124.82296566750358,0.0,0.0,124.82296566750358
2026-01-02 08:00:00+00:00,C006,122.43096252792373,0.0,0.0,122.43096252792373
2026-01-02 08:15:00+00:00,C006,121.09096409237678,0.0,0.0,121.09096409237678
2026-01-02 08:30:00+00:00,C006,114.7797300084395,0.0,0.0,114.7797300084395
2026-01-02 08:45:00+00:00,C006,121.32667862219493,0.0,0.0,121.32667862219493
2026-01-02 09:00:00+00:00,C006,117.65427557261388,0.0,0.0,117.65427557261388
2026-01-02 09:15:00+00:00,C006,119.93472920344644,0.0,0.0,119.93472920344644
2026-01-02 09:30:00+00:00,C006,123.58784480274787,0.0,0.0,123.58784480274787
2026-01-02 09:45:00+00:00,C006,123.96718213505002,0.0,0.0,123.96718213505002
2026-01-02 10:00:00+00:00,C006,113.6455481132468,0.0,0.0,113.6455481132468
2026-01-02 10:15:00+00:00,C006,111.95363220045886,0.0,0.0,111.95363220045886
2026-01-02 10:30:00+00:00,C006,117.02116787577303,0.0,0.0,117.02116787577303
2026-01-02 10:45:00+00:00,C006,111.48921660216274,0.0,0.0,111.48921660216274
2026-01-02 11:00:00+00:00,C006,112.26515439657273,0.0,0.0,112.26515439657273
2026-01-02 11:15:00+00:00,C006,116.0002412469109,0.0,0.0,116.0002412469109
2026-01-02 11:30:00+00:00,C006,117.96425286935698,0.0,0.0,117.96425286935698
2026-01-02 11:45:00+00:00,C006,112.01363082945694,0.0,0.0,112.01363082945694
2026-01-02 12:00:00+00:00,C006,115.50225066198703,0.0,0.0,115.50225066198703
2026-01-02 12:15:00+00:00,C006,121.73271410464136,0.0,0.0,121.73271410464136
2026-01-02 12:30:00+00:00,C006,112.1256981684998,0.0,0.0,112.1256981684998
2026-01-02 12:45:00+00:00,C006,111.88474310467042,0.0,0.0,111.88474310467042
2026-01-02 13:00:00+00:00,C006,99.3147293020835,0.0,0.0,99.3147293020835
2026-01-02 13:15:00+00:00,C006,104.93836104195984,0.0,0.0,104.93836104195984
2026-01-02 13:30:00+00:00,C006,111.11612315280702,0.0,0.0,111.11612315280702
2026-01-02 13:45:00+00:00,C006,109.15962942574349,0.0,0.0,109.15962942574349
2026-01-02 14:00:00+00:00,C006,91.56526094082761,0.0,0.0,91.56526094082761
2026-01-02 14:15:00+00:00,C006,106.84711142506822,0.0,0.0,106.84711142506822
2026-01-02 14:30:00+00:00,C006,109.2583955929937,0.0,0.0,109.2583955929937
2026-01-02 14:45:00+00:00,C006,90.311019961859,0.0,0.0,90.311019961859
2026-01-02 15:00:00+00:00,C006,105.35235372641758,0.0,0.0,105.35235372641758
2026-01-02 15:15:00+00:00,C006,87.65573779850557,0.0,0.0,87.65573779850557
2026-01-02 15:30:00+00:00,C006,102.95328070127061,0.0,0.0,102.95328070127061
2026-01-02 15:45:00+00:00,C006,100.39044406819055,0.0,0.0,100.39044406819055
2026-01-02 16:00:00+00:00,C006,90.89274548602211,0.0,0.0,90.89274548602211
2026-01-02 16:15:00+00:00,C006,99.16545425771652,0.0,0.0,99.16545425771652
2026-01-02 16:30:00+00:00,C006,93.69791786937284,0.0,0.0,93.69791786937284
2026-01-02 16:45:00+00:00,C006,97.55067309031433,0.0,0.0,97.55067309031433
2026-01-02 17:00:00+00:00,C006,93.54661049611806,0.0,0.0,93.54661049611806
2026-01-02 17:15:00+00:00,C006,93.77042229440086,0.0,0.0,93.77042229440086
2026-01-02 17:30:00+00:00,C006,84.2921228724089,0.0,0.0,84.2921228724089
2026-01-02 17:45:00+00:00,C006,93.09943687026812,0.0,0.0,93.09943687026812
2026-01-02 18:00:00+00:00,C006,97.28567534228725,0.0,0.0,97.28567534228725
2026-01-02 18:15:00+00:00,C006,94.53384679923448,0.0,0.0,94.53384679923448
2026-01-02 18:30:00+00:00,C006,85.59601227881882,0.0,0.0,85.59601227881882
2026-01-02 18:45:00+00:00,C006,84.3194893953588,0.0,0.0,84.3194893953588
2026-01-02 19:00:00+00:00,C006,88.20878841582149,0.0,0.0,88.20878841582149
2026-01-02 19:15:00+00:00,C006,87.35399322408648,0.0,0.0,87.35399322408648
2026-01-02 19:30:00+00:00,C006,92.62314457767185,0.0,0.0,92.62314457767185
2026-01-02 19:45:00+00:00,C006,90.16654168075411,0.0,0.0,90.16654168075411
2026-01-02 20:00:00+00:00,C006,81.28835292202346,0.0,0.0,81.28835292202346
2026-01-02 20:15:00+00:00,C006,91.3981538822119,0.0,0.0,91.3981538822119
2026-01-02 20:30:00+00:00,C006,91.62675184113677,0.0,0.0,91.62675184113677
2026-01-02 20:45:00+00:00,C006,87.23397431535481,0.0,0.0,87.23397431535481
2026-01-02 21:00:00+00:00,C006,86.21833392838393,0.0,0.0,86.21833392838393
2026-01-02 21:15:00+00:00,C006,83.49485281045395,0.0,0.0,83.49485281045395
2026-01-02 21:30:00+00:00,C006,90.39126306495146,0.0,0.0,90.39126306495146
2026-01-02 21:45:00+00:00,C006,88.28021652887894,0.0,0.0,88.28021652887894
2026-01-02 22:00:00+00:00,C006,18.17285908023022,0.0,0.0,18.17285908023022
2026-01-02 22:15:00+00:00,C006,17.878103818718976,0.0,0.0,17.878103818718976
2026-01-02 22:30:00+00:00,C006,18.558518627749134,0.0,0.0,18.558518627749134
2026-01-02 22:45:00+00:00,C006,19.017092639514225,0.0,0.0,19.017092639514225
2026-01-02 23:00:00+00:00,C006,19.591578632279475,0.0,0.0,19.591578632279475
2026-01-02 23:15:00+00:00,C006,18.74138904556397,0.0,0.0,18.74138904556397
2026-01-02 23:30:00+00:00,C006,18.16277059246873,0.0,0.0,18.16277059246873
2026-01-02 23:45:00+00:00,C006,19.501916334468312,0.0,0.0,19.501916334468312
2026-01-03 00:00:00+00:00,C006,12.625404855807458,0.0,0.0,12.625404855807458
2026-01-03 00:15:00+00:00,C006,11.973875253821944,0.0,0.0,11.973875253821944
2026-01-03 00:30:00+00:00,C006,13.401519264317647,0.0,0.0,13.401519264317647
2026-01-03 00:45:00+00:00,C006,12.95783454119069,0.0,0.0,12.95783454119069
2026-01-03 01:00:00+00:00,C006,13.035746229206035,0.0,0.0,13.035746229206035
2026-01-03 01:15:00+00:00,C006,13.320011612933587,0.0,0.0,13.320011612933587
2026-01-03 01:30:00+00:00,C006,13.171046366938084,0.0,0.0,13.171046366938084
2026-01-03 01:45:00+00:00,C006,13.333844636272037,0.0,0.0,13.333844636272037
2026-01-03 02:00:00+00:00,C006,13.222439681568222,0.0,0.0,13.222439681568222
2026-01-03 02:15:00+00:00,C006,12.495531951011596,0.0,0.0,12.495531951011596
2026-01-03 02:30:00+00:00,C006,13.97817180781643,0.0,0.0,13.97817180781643
2026-01-03 02:45:00+00:00,C006,13.860194077823852,0.0,0.0,13.860194077823852
2026-01-03 03:00:00+00:00,C006,15.142794340004706,0.0,0.0,15.142794340004706
2026-01-03 03:15:00+00:00,C006,13.945773598744,0.0,0.0,13.945773598744
2026-01-03 03:30:00+00:00,C006,15.54241772426121,0.0,0.0,15.54241772426121
2026-01-03 03:45:00+00:00,C006,14.611612190786499,0.0,0.0,14.611612190786499
2026-01-03 04:00:00+00:00,C006,14.362754209803217,0.0,0.0,14.362754209803217
2026-01-03 04:15:00+00:00,C006,14.244562168441636,0.0,0.0,14.244562168441636
2026-01-03 04:30:00+00:00,C006,13.597981950726655,0.0,0.0,13.597981950726655
2026-01-03 04:45:00+00:00,C006,16.087709737778543,0.0,0.0,16.087709737778543
2026-01-03 05:00:00+00:00,C006,15.661058884645453,0.0,0.0,15.661058884645453
2026-01-03 05:15:00+00:00,C006,15.510848855638073,0.0,0.0,15.510848855638073
2026-01-03 05:30:00+00:00,C006,14.747944117273155,0.0,0.0,14.747944117273155
2026-01-03 05:45:00+00:00,C006,15.834440664459681,0.0,0.0,15.834440664459681
2026-01-03 06:00:00+00:00,C006,74.5852470775905,0.0,0.0,74.5852470775905
2026-01-03 06:15:00+00:00,C006,73.88795341137117,0.0,0.0,73.88795341137117
2026-01-03 06:30:00+00:00,C006,81.04828273368321,0.0,0.0,81.04828273368321
2026-01-03 06:45:00+00:00,C006,80.04152129079348,0.0,0.0,80.04152129079348
2026-01-03 07:00:00+00:00,C006,83.69039183920125,0.0,0.0,83.69039183920125
2026-01-03 07:15:00+00:00,C006,77.81179741364373,0.0,0.0,77.81179741364373
2026-01-03 07:30:00+00:00,C006,76.28293202619501,0.0,0.0,76.28293202619501
2026-01-03 07:45:00+00:00,C006,77.68015586492328,0.0,0.0,77.68015586492328
2026-01-03 08:00:00+00:00,C006,72.58356062459272,0.0,0.0,72.58356062459272
2026-01-03 08:15:00+00:00,C006,76.62579169232639,0.0,0.0,76.62579169232639
2026-01-03 08:30:00+00:00,C006,76.75407002658208,0.0,0.0,76.75407002658208
2026-01-03 08:45:00+00:00,C006,76.26363604511384,0.0,0.0,76.26363604511384
2026-01-03 09:00:00+00:00,C006,78.8401883428876,0.0,0.0,78.8401883428876
2026-01-03 09:15:00+00:00,C006,75.03452333571755,0.0,0.0,75.03452333571755
2026-01-03 09:30:00+00:00,C006,79.9799021408628,0.0,0.0,79.9799021408628
2026-01-03 09:45:00+00:00,C006,80.51298593038348,0.0,0.0,80.51298593038348
2026-01-03 10:00:00+00:00,C006,77.22158873994404,0.0,0.0,77.22158873994404
2026-01-03 10:15:00+00:00,C006,74.816164042534,0.0,0.0,74.816164042534
2026-01-03 10:30:00+00:00,C006,74.86909178842512,0.0,0.0,74.86909178842512
2026-01-03 10:45:00+00:00,C006,78.83922417309317,0.0,0.0,78.83922417309317
2026-01-03 11:00:00+00:00,C006,69.81188342316584,0.0,0.0,69.81188342316584
2026-01-03 11:15:00+00:00,C006,75.90116171040711,0.0,0.0,75.90116171040711
2026-01-03 11:30:00+00:00,C006,82.63543114475873,0.0,0.0,82.63543114475873
2026-01-03 11:45:00+00:00,C006,70.562543180084,0.0,0.0,70.562543180084
2026-01-03 12:00:00+00:00,C006,73.88285146889041,0.0,0.0,73.88285146889041
2026-01-03 12:15:00+00:00,C006,72.74390509422776,0.0,0.0,72.74390509422776
2026-01-03 12:30:00+00:00,C006,73.56380117173521,0.0,0.0,73.56380117173521
2026-01-03 12:45:00+00:00,C006,76.42718705615144,0.0,0.0,76.42718705615144
2026-01-03 13:00:00+00:00,C006,68.73058566532474,0.0,0.0,68.73058566532474
2026-01-03 13:15:00+00:00,C006,72.6760230252195,0.0,0.0,72.6760230252195
2026-01-03 13:30:00+00:00,C006,73.3833688897526,0.0,0.0,73.3833688897526
2026-01-03 13:45:00+00:00,C006,66.29012186058492,0.0,0.0,66.29012186058492
2026-01-03 14:00:00+00:00,C006,71.11092131007271,0.0,0.0,71.11092131007271
2026-01-03 14:15:00+00:00,C006,70.03997905488826,0.0,0.0,70.03997905488826
2026-01-03 14:30:00+00:00,C006,68.28439257712894,0.0,0.0,68.28439257712894
2026-01-03 14:45:00+00:00,C006,62.16232089801329,0.0,0.0,62.16232089801329
2026-01-03 15:00:00+00:00,C006,62.17745088391865,0.0,0.0,62.17745088391865
2026-01-03 15:15:00+00:00,C006,69.68104276824324,0.0,0.0,69.68104276824324
2026-01-03 15:30:00+00:00,C006,62.22323015175126,0.0,0.0,62.22323015175126
2026-01-03 15:45:00+00:00,C006,58.37171859901179,0.0,0.0,58.37171859901179
2026-01-03 16:00:00+00:00,C006,63.202856595096264,0.0,0.0,63.202856595096264
2026-01-03 16:15:00+00:00,C006,66.93128923338168,0.0,0.0,66.93128923338168
2026-01-03 16:30:00+00:00,C006,63.09328280108284,0.0,0.0,63.09328280108284
2026-01-03 16:45:00+00:00,C006,63.689988233712114,0.0,0.0,63.689988233712114
2026-01-03 17:00:00+00:00,C006,58.203266255655784,0.0,0.0,58.203266255655784
2026-01-03 17:15:00+00:00,C006,62.8646765467021,0.0,0.0,62.8646765467021
2026-01-03 17:30:00+00:00,C006,62.1411858504819,0.0,0.0,62.1411858504819
2026-01-03 17:45:00+00:00,C006,57.762789919285886,0.0,0.0,57.762789919285886
2026-01-03 18:00:00+00:00,C006,62.07748869969614,0.0,0.0,62.07748869969614
2026-01-03 18:15:00+00:00,C006,60.164901616130074,0.0,0.0,60.164901616130074
2026-01-03 18:30:00+00:00,C006,62.04418256081018,0.0,0.0,62.04418256081018
2026-01-03 18:45:00+00:00,C006,60.383575964194826,0.0,0.0,60.383575964194826
2026-01-03 19:00:00+00:00,C006,60.835167718667606,0.0,0.0,60.835167718667606
2026-01-03 19:15:00+00:00,C006,60.51807348893547,0.0,0.0,60.51807348893547
2026-01-03 19:30:00+00:00,C006,62.30623876772976,0.0,0.0,62.30623876772976
2026-01-03 19:45:00+00:00,C006,55.08107129695713,0.0,0.0,55.08107129695713
2026-01-03 20:00:00+00:00,C006,56.34204060502283,0.0,0.0,56.34204060502283
2026-01-03 20:15:00+00:00,C006,54.681396427593754,0.0,0.0,54.681396427593754
2026-01-03 20:30:00+00:00,C006,56.75525946076995,0.0,0.0,56.75525946076995
2026-01-03 20:45:00+00:00,C006,59.774554338964336,0.0,0.0,59.774554338964336
2026-01-03 21:00:00+00:00,C006,61.605782845765205,0.0,0.0,61.605782845765205
2026-01-03 21:15:00+00:00,C006,64.07006649989764,0.0,0.0,64.07006649989764
2026-01-03 21:30:00+00:00,C006,60.69357048800027,0.0,0.0,60.69357048800027
2026-01-03 21:45:00+00:00,C006,58.23143292144616,0.0,0.0,58.23143292144616
2026-01-03 22:00:00+00:00,C006,12.11045447610905,0.0,0.0,12.11045447610905
2026-01-03 22:15:00+00:00,C006,12.389663720380112,0.0,0.0,12.389663720380112
2026-01-03 22:30:00+00:00,C006,11.942519854150746,0.0,0.0,11.942519854150746
2026-01-03 22:45:00+00:00,C006,12.390664774428355,0.0,0.0,12.390664774428355
2026-01-03 23:00:00+00:00,C006,11.296678435058292,0.0,0.0,11.296678435058292
2026-01-03 23:15:00+00:00,C006,13.80073544270602,0.0,0.0,13.80073544270602
2026-01-03 23:30:00+00:00,C006,12.851919215898723,0.0,0.0,12.851919215898723
2026-01-03 23:45:00+00:00,C006,12.508478844790726,0.0,0.0,12.508478844790726
2026-01-04 00:00:00+00:00,C006,13.869876849050915,0.0,0.0,13.869876849050915
2026-01-04 00:15:00+00:00,C006,12.892670967731862,0.0,0.0,12.892670967731862
2026-01-04 00:30:00+00:00,C006,13.278482435513745,0.0,0.0,13.278482435513745
2026-01-04 00:45:00+00:00,C006,12.990078934898374,0.0,0.0,12.990078934898374
2026-01-04 01:00:00+00:00,C006,13.681747030719176,0.0,0.0,13.681747030719176
2026-01-04 01:15:00+00:00,C006,14.256286731148707,0.0,0.0,14.256286731148707
2026-01-04 01:30:00+00:00,C006,13.79079581257744,0.0,0.0,13.79079581257744
2026-01-04 01:45:00+00:00,C006,14.300214407803253,0.0,0.0,14.300214407803253
2026-01-04 02:00:00+00:00,C006,14.099392301429509,0.0,0.0,14.099392301429509
2026-01-04 02:15:00+00:00,C006,14.127037490208746,0.0,0.0,14.127037490208746
2026-01-04 02:30:00+00:00,C006,15.284120627211678,0.0,0.0,15.284120627211678
2026-01-04 02:45:00+00:00,C006,15.459748921611942,0.0,0.0,15.459748921611942
2026-01-04 03:00:00+00:00,C006,14.04860871833559,0.0,0.0,14.04860871833559
2026-01-04 03:15:00+00:00,C006,15.088703077420107,0.0,0.0,15.088703077420107
2026-01-04 03:30:00+00:00,C006,14.496277020833212,0.0,0.0,14.496277020833212
2026-01-04 03:45:00+00:00,C006,15.581933170274601,0.0,0.0,15.581933170274601
2026-01-04 04:00:00+00:00,C006,14.619478642846495,0.0,0.0,14.619478642846495
2026-01-04 04:15:00+00:00,C006,15.20173641618471,0.0,0.0,15.20173641618471
2026-01-04 04:30:00+00:00,C006,14.417348325538075,0.0,0.0,14.417348325538075
2026-01-04 04:45:00+00:00,C006,14.220666482715226,0.0,0.0,14.220666482715226
2026-01-04 05:00:00+00:00,C006,14.87966605435056,0.0,0.0,14.87966605435056
2026-01-04 05:15:00+00:00,C006,14.861710255028608,0.0,0.0,14.861710255028608
2026-01-04 05:30:00+00:00,C006,16.08549349402163,0.0,0.0,16.08549349402163
2026-01-04 05:45:00+00:00,C006,15.744327640118506,0.0,0.0,15.744327640118506
2026-01-04 06:00:00+00:00,C006,73.20326220094789,0.0,0.0,73.20326220094789
2026-01-04 06:15:00+00:00,C006,75.96983049668908,0.0,0.0,75.96983049668908
2026-01-04 06:30:00+00:00,C006,81.37844255491457,0.0,0.0,81.37844255491457
2026-01-04 06:45:00+00:00,C006,82.7676963644587,0.0,0.0,82.7676963644587
2026-01-04 07:00:00+00:00,C006,79.35519663711199,0.0,0.0,79.35519663711199
2026-01-04 07:15:00+00:00,C006,79.37789400620562,0.0,0.0,79.37789400620562
2026-01-04 07:30:00+00:00,C006,81.22848809445021,0.0,0.0,81.22848809445021
2026-01-04 07:45:00+00:00,C006,78.75078587478181,0.0,0.0,78.75078587478181
2026-01-04 08:00:00+00:00,C006,79.68601571316216,0.0,0.0,79.68601571316216
2026-01-04 08:15:00+00:00,C006,86.48854085129977,0.0,0.0,86.48854085129977
2026-01-04 08:30:00+00:00,C006,78.53849012915109,0.0,0.0,78.53849012915109
2026-01-04 08:45:00+00:00,C006,76.41870617575451,0.0,0.0,76.41870617575451
2026-01-04 09:00:00+00:00,C006,77.88565427163827,0.0,0.0,77.88565427163827
2026-01-04 09:15:00+00:00,C006,77.0209877106234,0.0,0.0,77.0209877106234
2026-01-04 09:30:00+00:00,C006,77.68427698911287,0.0,0.0,77.68427698911287
2026-01-04 09:45:00+00:00,C006,81.05284300125645,0.0,0.0,81.05284300125645
2026-01-04 10:00:00+00:00,C006,83.69859610929457,0.0,0.0,83.69859610929457
2026-01-04 10:15:00+00:00,C006,78.36925412968577,0.0,0.0,78.36925412968577
2026-01-04 10:30:00+00:00,C006,74.75681804704361,0.0,0.0,74.75681804704361
2026-01-04 10:45:00+00:00,C006,74.15005552141258,0.0,0.0,74.15005552141258
2026-01-04 11:00:00+00:00,C006,77.97996749956904,0.0,0.0,77.97996749956904
2026-01-04 11:15:00+00:00,C006,76.89954101381835,0.0,0.0,76.89954101381835
2026-01-04 11:30:00+00:00,C006,73.66433696549487,0.0,0.0,73.66433696549487
2026-01-04 11:45:00+00:00,C006,82.96241577612533,0.0,0.0,82.96241577612533
2026-01-04 12:00:00+00:00,C006,77.7064507181293,0.0,0.0,77.7064507181293
2026-01-04 12:15:00+00:00,C006,75.90098890166166,0.0,0.0,75.90098890166166
2026-01-04 12:30:00+00:00,C006,74.80356188890462,0.0,0.0,74.80356188890462
2026-01-04 12:45:00+00:00,C006,74.80568898949464,0.0,0.0,74.80568898949464
2026-01-04 13:00:00+00:00,C006,75.6308839067878,0.0,0.0,75.6308839067878
2026-01-04 13:15:00+00:00,C006,72.83303561773288,0.0,0.0,72.83303561773288
2026-01-04 13:30:00+00:00,C006,71.23044570915374,0.0,0.0,71.23044570915374
2026-01-04 13:45:00+00:00,C006,71.86446281083953,0.0,0.0,71.86446281083953
2026-01-04 14:00:00+00:00,C006,69.13478260620505,0.0,0.0,69.13478260620505
2026-01-04 14:15:00+00:00,C006,72.41169618807453,0.0,0.0,72.41169618807453
2026-01-04 14:30:00+00:00,C006,67.23923522041338,0.0,0.0,67.23923522041338
2026-01-04 14:45:00+00:00,C006,68.44763760262487,0.0,0.0,68.44763760262487
2026-01-04 15:00:00+00:00,C006,70.35871577768671,0.0,0.0,70.35871577768671
2026-01-04 15:15:00+00:00,C006,61.228982854361966,0.0,0.0,61.228982854361966
2026-01-04 15:30:00+00:00,C006,67.89844316603154,0.0,0.0,67.89844316603154
2026-01-04 15:45:00+00:00,C006,67.63687489486468,0.0,0.0,67.63687489486468
2026-01-04 16:00:00+00:00,C006,73.0213589108893,0.0,0.0,73.0213589108893
2026-01-04 16:15:00+00:00,C006,63.55508345350422,0.0,0.0,63.55508345350422
2026-01-04 16:30:00+00:00,C006,62.359123504988816,0.0,0.0,62.359123504988816
2026-01-04 16:45:00+00:00,C006,61.88607948696722,0.0,0.0,61.88607948696722
2026-01-04 17:00:00+00:00,C006,64.41654110782257,0.0,0.0,64.41654110782257
2026-01-04 17:15:00+00:00,C006,63.93852828216099,0.0,0.0,63.93852828216099
2026-01-04 17:30:00+00:00,C006,63.02341573689033,0.0,0.0,63.02341573689033
2026-01-04 17:45:00+00:00,C006,63.030431143062316,0.0,0.0,63.030431143062316
2026-01-04 18:00:00+00:00,C006,58.74815374007429,0.0,0.0,58.74815374007429
2026-01-04 18:15:00+00:00,C006,64.03151147928999,0.0,0.0,64.03151147928999
2026-01-04 18:30:00+00:00,C006,59.193584971580194,0.0,0.0,59.193584971580194
2026-01-04 18:45:00+00:00,C006,63.739031955795745,0.0,0.0,63.739031955795745
2026-01-04 19:00:00+00:00,C006,59.111132693701485,0.0,0.0,59.111132693701485
2026-01-04 19:15:00+00:00,C006,58.40506942083372,0.0,0.0,58.40506942083372
2026-01-04 19:30:00+00:00,C006,62.36263471055498,0.0,0.0,62.36263471055498
2026-01-04 19:45:00+00:00,C006,63.039538365719594,0.0,0.0,63.039538365719594
2026-01-04 20:00:00+00:00,C006,62.52020226084299,0.0,0.0,62.52020226084299
2026-01-04 20:15:00+00:00,C006,63.59230277692993,0.0,0.0,63.59230277692993
2026-01-04 20:30:00+00:00,C006,63.50448409005718,0.0,0.0,63.50448409005718
2026-01-04 20:45:00+00:00,C006,62.03181122523596,0.0,0.0,62.03181122523596
2026-01-04 21:00:00+00:00,C006,63.99173208051015,0.0,0.0,63.99173208051015
2026-01-04 21:15:00+00:00,C006,62.35998069606849,0.0,0.0,62.35998069606849
2026-01-04 21:30:00+00:00,C006,61.75348124531529,0.0,0.0,61.75348124531529
2026-01-04 21:45:00+00:00,C006,61.477779952221304,0.0,0.0,61.477779952221304
2026-01-04 22:00:00+00:00,C006,13.200633582333996,0.0,0.0,13.200633582333996
2026-01-04 22:15:00+00:00,C006,13.652921368241111,0.0,0.0,13.652921368241111
2026-01-04 22:30:00+00:00,C006,11.687424617731608,0.0,0.0,11.687424617731608
2026-01-04 22:45:00+00:00,C006,12.652288300653284,0.0,0.0,12.652288300653284
2026-01-04 23:00:00+00:00,C006,12.828269573303512,0.0,0.0,12.828269573303512
2026-01-04 23:15:00+00:00,C006,13.024895484628185,0.0,0.0,13.024895484628185
2026-01-04 23:30:00+00:00,C006,13.6704358213622,0.0,0.0,13.6704358213622
2026-01-04 23:45:00+00:00,C006,14.224287846172496,0.0,0.0,14.224287846172496
2026-01-05 00:00:00+00:00,C006,22.369119637505086,0.0,0.0,22.369119637505086
2026-01-05 00:15:00+00:00,C006,22.06905078352344,0.0,0.0,22.06905078352344
2026-01-05 00:30:00+00:00,C006,21.65511980911036,0.0,0.0,21.65511980911036
2026-01-05 00:45:00+00:00,C006,20.167935596654715,0.0,0.0,20.167935596654715
2026-01-05 01:00:00+00:00,C006,21.59735674669957,0.0,0.0,21.59735674669957
2026-01-05 01:15:00+00:00,C006,21.76473665824734,0.0,0.0,21.76473665824734
2026-01-05 01:30:00+00:00,C006,21.543319936373265,0.0,0.0,21.543319936373265
2026-01-05 01:45:00+00:00,C006,21.719489079448557,0.0,0.0,21.719489079448557
2026-01-05 02:00:00+00:00,C006,23.42982814242732,0.0,0.0,23.42982814242732
2026-01-05 02:15:00+00:00,C006,22.507839577902004,0.0,0.0,22.507839577902004
2026-01-05 02:30:00+00:00,C006,23.80629459526005,0.0,0.0,23.80629459526005
2026-01-05 02:45:00+00:00,C006,22.84337204538737,0.0,0.0,22.84337204538737
2026-01-05 03:00:00+00:00,C006,24.53990141873512,0.0,0.0,24.53990141873512
2026-01-05 03:15:00+00:00,C006,23.19180016366858,0.0,0.0,23.19180016366858
2026-01-05 03:30:00+00:00,C006,23.112672966681146,0.0,0.0,23.112672966681146
2026-01-05 03:45:00+00:00,C006,22.796383686123075,0.0,0.0,22.796383686123075
2026-01-05 04:00:00+00:00,C006,24.718703537313434,0.0,0.0,24.718703537313434
2026-01-05 04:15:00+00:00,C006,23.368851448311784,0.0,0.0,23.368851448311784
2026-01-05 04:30:00+00:00,C006,23.11959857325564,0.0,0.0,23.11959857325564
2026-01-05 04:45:00+00:00,C006,25.48283670751993,0.0,0.0,25.48283670751993
2026-01-05 05:00:00+00:00,C006,25.080121292729217,0.0,0.0,25.080121292729217
2026-01-05 05:15:00+00:00,C006,25.591774661757075,0.0,0.0,25.591774661757075
2026-01-05 05:30:00+00:00,C006,24.363061470222505,0.0,0.0,24.363061470222505
2026-01-05 05:45:00+00:00,C006,24.302265458917265,0.0,0.0,24.302265458917265
2026-01-05 06:00:00+00:00,C006,128.70873820669738,0.0,0.0,128.70873820669738
2026-01-05 06:15:00+00:00,C006,131.31527584604171,0.0,0.0,131.31527584604171
2026-01-05 06:30:00+00:00,C006,135.68638087579484,0.0,0.0,135.68638087579484
2026-01-05 06:45:00+00:00,C006,132.77463991978576,0.0,0.0,132.77463991978576
2026-01-05 07:00:00+00:00,C006,136.27786781651423,0.0,0.0,136.27786781651423
2026-01-05 07:15:00+00:00,C006,128.23200803289382,0.0,0.0,128.23200803289382
2026-01-05 07:30:00+00:00,C006,125.93075919622166,0.0,0.0,125.93075919622166
2026-01-05 07:45:00+00:00,C006,129.60711516451906,0.0,0.0,129.60711516451906
2026-01-05 08:00:00+00:00,C006,131.29653299610032,0.0,0.0,131.29653299610032
2026-01-05 08:15:00+00:00,C006,131.95672659839565,0.0,0.0,131.95672659839565
2026-01-05 08:30:00+00:00,C006,131.84229436808053,0.0,0.0,131.84229436808053
2026-01-05 08:45:00+00:00,C006,123.18652517427148,0.0,0.0,123.18652517427148
2026-01-05 09:00:00+00:00,C006,124.92664559416215,0.0,0.0,124.92664559416215
2026-01-05 09:15:00+00:00,C006,130.4141392113794,0.0,0.0,130.4141392113794
2026-01-05 09:30:00+00:00,C006,134.38391095914332,0.0,0.0,134.38391095914332
2026-01-05 09:45:00+00:00,C006,130.6325583574592,0.0,0.0,130.6325583574592
2026-01-05 10:00:00+00:00,C006,128.86016431933382,0.0,0.0,128.86016431933382
2026-01-05 10:15:00+00:00,C006,125.32324661043165,0.0,0.0,125.32324661043165
2026-01-05 10:30:00+00:00,C006,120.40314946840394,0.0,0.0,120.40314946840394
2026-01-05 10:45:00+00:00,C006,118.3580937784096,0.0,0.0,118.3580937784096
2026-01-05 11:00:00+00:00,C006,126.36361555972137,0.0,0.0,126.36361555972137
2026-01-05 11:15:00+00:00,C006,128.13738027424432,0.0,0.0,128.13738027424432
2026-01-05 11:30:00+00:00,C006,122.51306756436368,0.0,0.0,122.51306756436368
2026-01-05 11:45:00+00:00,C006,119.40656465127377,0.0,0.0,119.40656465127377
2026-01-05 12:00:00+00:00,C006,116.19782183549695,0.0,0.0,116.19782183549695
2026-01-05 12:15:00+00:00,C006,126.1198728799919,0.0,0.0,126.1198728799919
2026-01-05 12:30:00+00:00,C006,121.15089434000373,0.0,0.0,121.15089434000373
2026-01-05 12:45:00+00:00,C006,125.10916909528764,0.0,0.0,125.10916909528764
2026-01-05 13:00:00+00:00,C006,118.13974039772542,0.0,0.0,118.13974039772542
2026-01-05 13:15:00+00:00,C006,120.02126408543884,0.0,0.0,120.02126408543884
2026-01-05 13:30:00+00:00,C006,115.11292867323134,0.0,0.0,115.11292867323134
2026-01-05 13:45:00+00:00,C006,114.29536937575597,0.0,0.0,114.29536937575597
2026-01-05 14:00:00+00:00,C006,113.97888665799933,0.0,0.0,113.97888665799933
2026-01-05 14:15:00+00:00,C006,110.78755658500451,0.0,0.0,110.78755658500451
2026-01-05 14:30:00+00:00,C006,110.06736208673323,0.0,0.0,110.06736208673323
2026-01-05 14:45:00+00:00,C006,108.00775570796276,0.0,0.0,108.00775570796276
2026-01-05 15:00:00+00:00,C006,108.22766570636584,0.0,0.0,108.22766570636584
2026-01-05 15:15:00+00:00,C006,110.19638935979211,0.0,0.0,110.19638935979211
2026-01-05 15:30:00+00:00,C006,110.43619432436402,0.0,0.0,110.43619432436402
2026-01-05 15:45:00+00:00,C006,116.78729291687227,0.0,0.0,116.78729291687227
2026-01-05 16:00:00+00:00,C006,98.08067729122392,0.0,0.0,98.08067729122392
2026-01-05 16:15:00+00:00,C006,98.77464861871053,0.0,0.0,98.77464861871053
2026-01-05 16:30:00+00:00,C006,100.30562486638658,0.0,0.0,100.30562486638658
2026-01-05 16:45:00+00:00,C006,101.54295768619154,0.0,0.0,101.54295768619154
2026-01-05 17:00:00+00:00,C006,100.47022031118449,0.0,0.0,100.47022031118449
2026-01-05 17:15:00+00:00,C006,98.46832764650955,0.0,0.0,98.46832764650955
2026-01-05 17:30:00+00:00,C006,101.24938790275363,0.0,0.0,101.24938790275363
2026-01-05 17:45:00+00:00,C006,101.72946903773801,0.0,0.0,101.72946903773801
2026-01-05 18:00:00+00:00,C006,94.85494475482815,0.0,0.0,94.85494475482815
2026-01-05 18:15:00+00:00,C006,100.46901245678343,0.0,0.0,100.46901245678343
2026-01-05 18:30:00+00:00,C006,98.08246275768506,0.0,0.0,98.08246275768506
2026-01-05 18:45:00+00:00,C006,93.20755793516595,0.0,0.0,93.20755793516595
2026-01-05 19:00:00+00:00,C006,93.63948956693311,0.0,0.0,93.63948956693311
2026-01-05 19:15:00+00:00,C006,96.19739779398391,0.0,0.0,96.19739779398391
2026-01-05 19:30:00+00:00,C006,104.50406499334957,0.0,0.0,104.50406499334957
2026-01-05 19:45:00+00:00,C006,103.73408496464944,0.0,0.0,103.73408496464944
2026-01-05 20:00:00+00:00,C006,102.71533682658021,0.0,0.0,102.71533682658021
2026-01-05 20:15:00+00:00,C006,92.66926779333161,0.0,0.0,92.66926779333161
2026-01-05 20:30:00+00:00,C006,93.6352053081489,0.0,0.0,93.6352053081489
2026-01-05 20:45:00+00:00,C006,95.81149140539662,0.0,0.0,95.81149140539662
2026-01-05 21:00:00+00:00,C006,86.52552710575057,0.0,0.0,86.52552710575057
2026-01-05 21:15:00+00:00,C006,105.38649009480761,0.0,0.0,105.38649009480761
2026-01-05 21:30:00+00:00,C006,92.02612416638186,0.0,0.0,92.02612416638186
2026-01-05 21:45:00+00:00,C006,103.47252669706468,0.0,0.0,103.47252669706468
2026-01-05 22:00:00+00:00,C006,19.51069483336469,0.0,0.0,19.51069483336469
2026-01-05 22:15:00+00:00,C006,20.753771102995643,0.0,0.0,20.753771102995643
2026-01-05 22:30:00+00:00,C006,22.16591227402995,0.0,0.0,22.16591227402995
2026-01-05 22:45:00+00:00,C006,18.87738579056056,0.0,0.0,18.87738579056056
2026-01-05 23:00:00+00:00,C006,20.463763073229664,0.0,0.0,20.463763073229664
2026-01-05 23:15:00+00:00,C006,19.829679097726178,0.0,0.0,19.829679097726178
2026-01-05 23:30:00+00:00,C006,21.08644869477074,0.0,0.0,21.08644869477074
2026-01-05 23:45:00+00:00,C006,19.56233085527082,0.0,0.0,19.56233085527082
2026-01-06 00:00:00+00:00,C006,21.095335401768995,0.0,0.0,21.095335401768995
2026-01-06 00:15:00+00:00,C006,19.94094246929512,0.0,0.0,19.94094246929512
2026-01-06 00:30:00+00:00,C006,21.999359057712166,0.0,0.0,21.999359057712166
2026-01-06 00:45:00+00:00,C006,20.282350708625028,0.0,0.0,20.282350708625028
2026-01-06 01:00:00+00:00,C006,22.805625456881323,0.0,0.0,22.805625456881323
2026-01-06 01:15:00+00:00,C006,21.78398331753667,0.0,0.0,21.78398331753667
2026-01-06 01:30:00+00:00,C006,21.474348064663282,0.0,0.0,21.474348064663282
2026-01-06 01:45:00+00:00,C006,23.442459659640736,0.0,0.0,23.442459659640736
2026-01-06 02:00:00+00:00,C006,22.953246861532044,0.0,0.0,22.953246861532044
2026-01-06 02:15:00+00:00,C006,23.983193930393384,0.0,0.0,23.983193930393384
2026-01-06 02:30:00+00:00,C006,23.438068952079437,0.0,0.0,23.438068952079437
2026-01-06 02:45:00+00:00,C006,22.368617236062725,0.0,0.0,22.368617236062725
2026-01-06 03:00:00+00:00,C006,23.441823453521867,0.0,0.0,23.441823453521867
2026-01-06 03:15:00+00:00,C006,23.445837010331108,0.0,0.0,23.445837010331108
2026-01-06 03:30:00+00:00,C006,25.16822914339533,0.0,0.0,25.16822914339533
2026-01-06 03:45:00+00:00,C006,23.838057677393223,0.0,0.0,23.838057677393223
2026-01-06 04:00:00+00:00,C006,25.11910686968379,0.0,0.0,25.11910686968379
2026-01-06 04:15:00+00:00,C006,24.249192874782196,0.0,0.0,24.249192874782196
2026-01-06 04:30:00+00:00,C006,25.319941546574263,0.0,0.0,25.319941546574263
2026-01-06 04:45:00+00:00,C006,26.43422906045925,0.0,0.0,26.43422906045925
2026-01-06 05:00:00+00:00,C006,24.067002674713784,0.0,0.0,24.067002674713784
2026-01-06 05:15:00+00:00,C006,24.082036455414023,0.0,0.0,24.082036455414023
2026-01-06 05:30:00+00:00,C006,24.810113256591478,0.0,0.0,24.810113256591478
2026-01-06 05:45:00+00:00,C006,25.29551346583319,0.0,0.0,25.29551346583319
2026-01-06 06:00:00+00:00,C006,126.43851050733437,0.0,0.0,126.43851050733437
2026-01-06 06:15:00+00:00,C006,124.31732426539328,0.0,0.0,124.31732426539328
2026-01-06 06:30:00+00:00,C006,127.3776665649218,0.0,0.0,127.3776665649218
2026-01-06 06:45:00+00:00,C006,125.17618014914686,0.0,0.0,125.17618014914686
2026-01-06 07:00:00+00:00,C006,131.90457310818098,0.0,0.0,131.90457310818098
2026-01-06 07:15:00+00:00,C006,115.53964089090549,0.0,0.0,115.53964089090549
2026-01-06 07:30:00+00:00,C006,134.0997852346184,0.0,0.0,134.0997852346184
2026-01-06 07:45:00+00:00,C006,127.84940117831901,0.0,0.0,127.84940117831901
2026-01-06 08:00:00+00:00,C006,125.5106708758811,0.0,0.0,125.5106708758811
2026-01-06 08:15:00+00:00,C006,128.87867965732303,0.0,0.0,128.87867965732303
2026-01-06 08:30:00+00:00,C006,123.70103270564903,0.0,0.0,123.70103270564903
2026-01-06 08:45:00+00:00,C006,117.35860637610128,0.0,0.0,117.35860637610128
2026-01-06 09:00:00+00:00,C006,129.84947218719154,0.0,0.0,129.84947218719154
2026-01-06 09:15:00+00:00,C006,129.81986690650155,0.0,0.0,129.81986690650155
2026-01-06 09:30:00+00:00,C006,123.24050224589975,0.0,0.0,123.24050224589975
2026-01-06 09:45:00+00:00,C006,118.32505230005577,0.0,0.0,118.32505230005577
2026-01-06 10:00:00+00:00,C006,121.58226950708247,0.0,0.0,121.58226950708247
2026-01-06 10:15:00+00:00,C006,128.45983593094866,0.0,0.0,128.45983593094866
2026-01-06 10:30:00+00:00,C006,128.47390838833113,0.0,0.0,128.47390838833113
2026-01-06 10:45:00+00:00,C006,125.49684940929637,0.0,0.0,125.49684940929637
2026-01-06 11:00:00+00:00,C006,114.33510278031093,0.0,0.0,114.33510278031093
2026-01-06 11:15:00+00:00,C006,124.7943540549701,0.0,0.0,124.7943540549701
2026-01-06 11:30:00+00:00,C006,118.33064307375065,0.0,0.0,118.33064307375065
2026-01-06 11:45:00+00:00,C006,124.5536947426654,0.0,0.0,124.5536947426654
2026-01-06 12:00:00+00:00,C006,122.305655263491,0.0,0.0,122.305655263491
2026-01-06 12:15:00+00:00,C006,103.69196986879322,0.0,0.0,103.69196986879322
2026-01-06 12:30:00+00:00,C006,121.75414881601449,0.0,0.0,121.75414881601449
2026-01-06 12:45:00+00:00,C006,115.71871335992475,0.0,0.0,115.71871335992475
2026-01-06 13:00:00+00:00,C006,111.9578051347848,0.0,0.0,111.9578051347848
2026-01-06 13:15:00+00:00,C006,113.96675827696544,0.0,0.0,113.96675827696544
2026-01-06 13:30:00+00:00,C006,120.2526100824535,0.0,0.0,120.2526100824535
2026-01-06 13:45:00+00:00,C006,105.88441363691696,0.0,0.0,105.88441363691696
2026-01-06 14:00:00+00:00,C006,116.96117724617756,0.0,0.0,116.96117724617756
2026-01-06 14:15:00+00:00,C006,112.07288834538633,0.0,0.0,112.07288834538633
2026-01-06 14:30:00+00:00,C006,116.78240533377107,0.0,0.0,116.78240533377107
2026-01-06 14:45:00+00:00,C006,108.40506374972435,0.0,0.0,108.40506374972435
2026-01-06 15:00:00+00:00,C006,109.10531193437934,0.0,0.0,109.10531193437934
2026-01-06 15:15:00+00:00,C006,113.9404986868663,0.0,0.0,113.9404986868663
2026-01-06 15:30:00+00:00,C006,100.88256423899966,0.0,0.0,100.88256423899966
2026-01-06 15:45:00+00:00,C006,110.60367054692875,0.0,0.0,110.60367054692875
2026-01-06 16:00:00+00:00,C006,105.32277438771271,0.0,0.0,105.32277438771271
2026-01-06 16:15:00+00:00,C006,104.51938411445728,0.0,0.0,104.51938411445728
2026-01-06 16:30:00+00:00,C006,97.03456996989752,0.0,0.0,97.03456996989752
2026-01-06 16:45:00+00:00,C006,104.775333081041,0.0,0.0,104.775333081041
2026-01-06 17:00:00+00:00,C006,102.67451650888563,0.0,0.0,102.67451650888563
2026-01-06 17:15:00+00:00,C006,95.26527182070498,0.0,0.0,95.26527182070498
2026-01-06 17:30:00+00:00,C006,101.71049629295484,0.0,0.0,101.71049629295484
2026-01-06 17:45:00+00:00,C006,99.28342598519843,0.0,0.0,99.28342598519843
2026-01-06 18:00:00+00:00,C006,96.83002627787825,0.0,0.0,96.83002627787825
2026-01-06 18:15:00+00:00,C006,97.28135490271667,0.0,0.0,97.28135490271667
2026-01-06 18:30:00+00:00,C006,91.44050241101945,0.0,0.0,91.44050241101945
2026-01-06 18:45:00+00:00,C006,100.44282955739845,0.0,0.0,100.44282955739845
2026-01-06 19:00:00+00:00,C006,105.66576601455299,0.0,0.0,105.66576601455299
2026-01-06 19:15:00+00:00,C006,105.48068639253725,0.0,0.0,105.48068639253725
2026-01-06 19:30:00+00:00,C006,102.1200796505604,0.0,0.0,102.1200796505604
2026-01-06 19:45:00+00:00,C006,98.73156582243612,0.0,0.0,98.73156582243612
2026-01-06 20:00:00+00:00,C006,95.61327797801458,0.0,0.0,95.61327797801458
2026-01-06 20:15:00+00:00,C006,95.81149848703248,0.0,0.0,95.81149848703248
2026-01-06 20:30:00+00:00,C006,99.44206873333495,0.0,0.0,99.44206873333495
2026-01-06 20:45:00+00:00,C006,96.84545423301948,0.0,0.0,96.84545423301948
2026-01-06 21:00:00+00:00,C006,98.445493961849,0.0,0.0,98.445493961849
2026-01-06 21:15:00+00:00,C006,103.75279516472355,0.0,0.0,103.75279516472355
2026-01-06 21:30:00+00:00,C006,98.78546816692901,0.0,0.0,98.78546816692901
2026-01-06 21:45:00+00:00,C006,95.81832964375107,0.0,0.0,95.81832964375107
2026-01-06 22:00:00+00:00,C006,18.702391631019044,0.0,0.0,18.702391631019044
2026-01-06 22:15:00+00:00,C006,20.435988643930656,0.0,0.0,20.435988643930656
2026-01-06 22:30:00+00:00,C006,20.737448744094788,0.0,0.0,20.737448744094788
2026-01-06 22:45:00+00:00,C006,20.864897580562342,0.0,0.0,20.864897580562342
2026-01-06 23:00:00+00:00,C006,19.837208996006545,0.0,0.0,19.837208996006545
2026-01-06 23:15:00+00:00,C006,21.511216641045735,0.0,0.0,21.511216641045735
2026-01-06 23:30:00+00:00,C006,20.41730391788678,0.0,0.0,20.41730391788678
2026-01-06 23:45:00+00:00,C006,20.91491834207221,0.0,0.0,20.91491834207221
2026-01-07 00:00:00+00:00,C006,20.01423145059809,0.0,0.0,20.01423145059809
2026-01-07 00:15:00+00:00,C006,19.647995569741195,0.0,0.0,19.647995569741195
2026-01-07 00:30:00+00:00,C006,22.881174260389468,0.0,0.0,22.881174260389468
2026-01-07 00:45:00+00:00,C006,21.203819835123834,0.0,0.0,21.203819835123834
2026-01-07 01:00:00+00:00,C006,23.287420585194475,0.0,0.0,23.287420585194475
2026-01-07 01:15:00+00:00,C006,21.941720190539915,0.0,0.0,21.941720190539915
2026-01-07 01:30:00+00:00,C006,21.323231436428912,0.0,0.0,21.323231436428912
2026-01-07 01:45:00+00:00,C006,22.510089653126055,0.0,0.0,22.510089653126055
2026-01-07 02:00:00+00:00,C006,22.884988233177065,0.0,0.0,22.884988233177065
2026-01-07 02:15:00+00:00,C006,21.220779214019565,0.0,0.0,21.220779214019565
2026-01-07 02:30:00+00:00,C006,22.599962428871546,0.0,0.0,22.599962428871546
2026-01-07 02:45:00+00:00,C006,23.461939970070375,0.0,0.0,23.461939970070375
2026-01-07 03:00:00+00:00,C006,23.410479603704236,0.0,0.0,23.410479603704236
2026-01-07 03:15:00+00:00,C006,23.83084495804635,0.0,0.0,23.83084495804635
2026-01-07 03:30:00+00:00,C006,24.354947321502465,0.0,0.0,24.354947321502465
2026-01-07 03:45:00+00:00,C006,24.059350194452374,0.0,0.0,24.059350194452374
2026-01-07 04:00:00+00:00,C006,23.525035710856763,0.0,0.0,23.525035710856763
2026-01-07 04:15:00+00:00,C006,23.757138133111845,0.0,0.0,23.757138133111845
2026-01-07 04:30:00+00:00,C006,23.89795997074909,0.0,0.0,23.89795997074909
2026-01-07 04:45:00+00:00,C006,23.540189729176184,0.0,0.0,23.540189729176184
2026-01-07 05:00:00+00:00,C006,23.50072309041664,0.0,0.0,23.50072309041664
2026-01-07 05:15:00+00:00,C006,24.815320850053528,0.0,0.0,24.815320850053528
2026-01-07 05:30:00+00:00,C006,24.780301292112163,0.0,0.0,24.780301292112163
2026-01-07 05:45:00+00:00,C006,25.667274063739956,0.0,0.0,25.667274063739956
2026-01-07 06:00:00+00:00,C006,111.85685060055046,0.0,0.0,111.85685060055046
2026-01-07 06:15:00+00:00,C006,135.10946843511127,0.0,0.0,135.10946843511127
2026-01-07 06:30:00+00:00,C006,118.19177317478105,0.0,0.0,118.19177317478105
2026-01-07 06:45:00+00:00,C006,135.94643716168548,0.0,0.0,135.94643716168548
2026-01-07 07:00:00+00:00,C006,120.66049826922803,0.0,0.0,120.66049826922803
2026-01-07 07:15:00+00:00,C006,120.9572649335165,0.0,0.0,120.9572649335165
2026-01-07 07:30:00+00:00,C006,114.52710551735404,0.0,0.0,114.52710551735404
2026-01-07 07:45:00+00:00,C006,126.48684287153193,0.0,0.0,126.48684287153193
2026-01-07 08:00:00+00:00,C006,124.96006905155284,0.0,0.0,124.96006905155284
2026-01-07 08:15:00+00:00,C006,119.94116670226742,0.0,0.0,119.94116670226742
2026-01-07 08:30:00+00:00,C006,122.06655576233493,0.0,0.0,122.06655576233493
2026-01-07 08:45:00+00:00,C006,128.41873248106037,0.0,0.0,128.41873248106037
2026-01-07 09:00:00+00:00,C006,131.90721337509356,0.0,0.0,131.90721337509356
2026-01-07 09:15:00+00:00,C006,131.80348028181996,0.0,0.0,131.80348028181996
2026-01-07 09:30:00+00:00,C006,123.50431418561888,0.0,0.0,123.50431418561888
2026-01-07 09:45:00+00:00,C006,128.20977909624412,0.0,0.0,128.20977909624412
2026-01-07 10:00:00+00:00,C006,116.49361711682845,0.0,0.0,116.49361711682845
2026-01-07 10:15:00+00:00,C006,121.1341354536164,0.0,0.0,121.1341354536164
2026-01-07 10:30:00+00:00,C006,121.74983466969024,0.0,0.0,121.74983466969024
2026-01-07 10:45:00+00:00,C006,120.36862892361574,0.0,0.0,120.36862892361574
2026-01-07 11:00:00+00:00,C006,126.5873331913462,0.0,0.0,126.5873331913462
2026-01-07 11:15:00+00:00,C006,124.54249512346725,0.0,0.0,124.54249512346725
2026-01-07 11:30:00+00:00,C006,115.5058916247712,0.0,0.0,115.5058916247712
2026-01-07 11:45:00+00:00,C006,124.50453656699966,0.0,0.0,124.50453656699966
2026-01-07 12:00:00+00:00,C006,116.66665770258457,0.0,0.0,116.66665770258457
2026-01-07 12:15:00+00:00,C006,116.99440875604158,0.0,0.0,116.99440875604158
2026-01-07 12:30:00+00:00,C006,114.22230885997553,0.0,0.0,114.22230885997553
2026-01-07 12:45:00+00:00,C006,109.77076561692846,0.0,0.0,109.77076561692846
2026-01-07 13:00:00+00:00,C006,123.82270722729993,0.0,0.0,123.82270722729993
2026-01-07 13:15:00+00:00,C006,120.26115135450422,0.0,0.0,120.26115135450422
2026-01-07 13:30:00+00:00,C006,109.08880107857729,0.0,0.0,109.08880107857729
2026-01-07 13:45:00+00:00,C006,104.22622591481601,0.0,0.0,104.22622591481601
2026-01-07 14:00:00+00:00,C006,120.72016427619037,0.0,0.0,120.72016427619037
2026-01-07 14:15:00+00:00,C006,119.02779769504585,0.0,0.0,119.02779769504585
2026-01-07 14:30:00+00:00,C006,106.20977259011364,0.0,0.0,106.20977259011364
2026-01-07 14:45:00+00:00,C006,106.87098622867329,0.0,0.0,106.87098622867329
2026-01-07 15:00:00+00:00,C006,105.89019405567296,0.0,0.0,105.89019405567296
2026-01-07 15:15:00+00:00,C006,108.46572050628701,0.0,0.0,108.46572050628701
2026-01-07 15:30:00+00:00,C006,100.41805053158589,0.0,0.0,100.41805053158589
2026-01-07 15:45:00+00:00,C006,103.71974904394689,0.0,0.0,103.71974904394689
2026-01-07 16:00:00+00:00,C006,111.4398238849445,0.0,0.0,111.4398238849445
2026-01-07 16:15:00+00:00,C006,95.37799068116493,0.0,0.0,95.37799068116493
2026-01-07 16:30:00+00:00,C006,92.14200611738613,0.0,0.0,92.14200611738613
2026-01-07 16:45:00+00:00,C006,97.92181145431975,0.0,0.0,97.92181145431975
2026-01-07 17:00:00+00:00,C006,98.53691256107294,0.0,0.0,98.53691256107294
2026-01-07 17:15:00+00:00,C006,105.81593720096548,0.0,0.0,105.81593720096548
2026-01-07 17:30:00+00:00,C006,99.82415588657221,0.0,0.0,99.82415588657221
2026-01-07 17:45:00+00:00,C006,104.76073157835704,0.0,0.0,104.76073157835704
2026-01-07 18:00:00+00:00,C006,95.46240065787846,0.0,0.0,95.46240065787846
2026-01-07 18:15:00+00:00,C006,96.19956201338384,0.0,0.0,96.19956201338384
2026-01-07 18:30:00+00:00,C006,86.77009121917409,0.0,0.0,86.77009121917409
2026-01-07 18:45:00+00:00,C006,98.45699484948538,0.0,0.0,98.45699484948538
2026-01-07 19:00:00+00:00,C006,92.70271295230782,0.0,0.0,92.70271295230782
2026-01-07 19:15:00+00:00,C006,101.84509651173519,0.0,0.0,101.84509651173519
2026-01-07 19:30:00+00:00,C006,92.55439915869536,0.0,0.0,92.55439915869536
2026-01-07 19:45:00+00:00,C006,93.27722158800638,0.0,0.0,93.27722158800638
2026-01-07 20:00:00+00:00,C006,97.06677118047305,0.0,0.0,97.06677118047305
2026-01-07 20:15:00+00:00,C006,96.93161691437514,0.0,0.0,96.93161691437514
2026-01-07 20:30:00+00:00,C006,86.8793744008622,0.0,0.0,86.8793744008622
2026-01-07 20:45:00+00:00,C006,97.815407568295,0.0,0.0,97.815407568295
2026-01-07 21:00:00+00:00,C006,98.71709925032515,0.0,0.0,98.71709925032515
2026-01-07 21:15:00+00:00,C006,91.52935617075345,0.0,0.0,91.52935617075345
2026-01-07 21:30:00+00:00,C006,90.34352936732503,0.0,0.0,90.34352936732503
2026-01-07 21:45:00+00:00,C006,96.02207850645087,0.0,0.0,96.02207850645087
2026-01-07 22:00:00+00:00,C006,20.231700646348447,0.0,0.0,20.231700646348447
2026-01-07 22:15:00+00:00,C006,21.301274917672085,0.0,0.0,21.301274917672085
2026-01-07 22:30:00+00:00,C006,20.435013704290938,0.0,0.0,20.435013704290938
2026-01-07 22:45:00+00:00,C006,20.627819614937493,0.0,0.0,20.627819614937493
2026-01-07 23:00:00+00:00,C006,19.874263491899352,0.0,0.0,19.874263491899352
2026-01-07 23:15:00+00:00,C006,21.708727000654196,0.0,0.0,21.708727000654196
2026-01-07 23:30:00+00:00,C006,19.249457596078912,0.0,0.0,19.249457596078912
2026-01-07 23:45:00+00:00,C006,19.592074576495172,0.0,0.0,19.592074576495172
2026-01-01 00:00:00+00:00,C007,0.3633656199278154,0.0,0.0,0.3633656199278154
2026-01-01 00:15:00+00:00,C007,0.334353469069744,0.0,0.0,0.334353469069744
2026-01-01 00:30:00+00:00,C007,0.42417904570451787,0.0,0.0,0.42417904570451787
2026-01-01 00:45:00+00:00,C007,0.3676255888113883,0.0,0.0,0.3676255888113883
2026-01-01 01:00:00+00:00,C007,0.38699828522667284,0.0,0.0,0.38699828522667284
2026-01-01 01:15:00+00:00,C007,0.3737194700712469,0.0,0.0,0.3737194700712469
2026-01-01 01:30:00+00:00,C007,0.3953800526514358,0.0,0.0,0.3953800526514358
2026-01-01 01:45:00+00:00,C007,0.46079010349948046,0.0,0.0,0.46079010349948046
2026-01-01 02:00:00+00:00,C007,0.4717587954818072,0.0,0.0,0.4717587954818072
2026-01-01 02:15:00+00:00,C007,0.368894465523738,0.0,0.0,0.368894465523738
2026-01-01 02:30:00+00:00,C007,0.39926470472551234,0.0,0.0,0.39926470472551234
2026-01-01 02:45:00+00:00,C007,0.38439829735652153,0.0,0.0,0.38439829735652153
2026-01-01 03:00:00+00:00,C007,0.45636143091461934,0.0,0.0,0.45636143091461934
2026-01-01 03:15:00+00:00,C007,0.4349323632127855,0.0,0.0,0.4349323632127855
2026-01-01 03:30:00+00:00,C007,0.4224194883052519,0.0,0.0,0.4224194883052519
2026-01-01 03:45:00+00:00,C007,0.46783292261951226,0.0,0.0,0.46783292261951226
2026-01-01 04:00:00+00:00,C007,0.4598362985138645,0.0,0.0,0.4598362985138645
2026-01-01 04:15:00+00:00,C007,0.5580909823317771,0.0,0.0,0.5580909823317771
2026-01-01 04:30:00+00:00,C007,0.5413712439806421,0.0,0.0,0.5413712439806421
2026-01-01 04:45:00+00:00,C007,0.59330712899075,0.0,0.0,0.59330712899075
2026-01-01 05:00:00+00:00,C007,0.5435478355054206,0.0,0.0,0.5435478355054206
2026-01-01 05:15:00+00:00,C007,0.6854725967295008,0.0,0.0,0.6854725967295008
2026-01-01 05:30:00+00:00,C007,0.7935643489373936,0.0,0.0,0.7935643489373936
2026-01-01 05:45:00+00:00,C007,0.8614819111239445,0.0,0.0,0.8614819111239445
2026-01-01 06:00:00+00:00,C007,0.844753686578948,0.0,0.0,0.844753686578948
2026-01-01 06:15:00+00:00,C007,0.9689373358016489,0.0,0.0,0.9689373358016489
2026-01-01 06:30:00+00:00,C007,0.9939531722752841,0.0,0.0,0.9939531722752841
2026-01-01 06:45:00+00:00,C007,1.1696059252963684,0.0,0.0,1.1696059252963684
2026-01-01 07:00:00+00:00,C007,1.1616423569392653,0.0,0.0,1.1616423569392653
2026-01-01 07:15:00+00:00,C007,1.1511236701823808,0.05546292665745717,0.0,1.0956607435249237
2026-01-01 07:30:00+00:00,C007,1.1618466409327373,0.12230111416436242,0.0,1.0395455267683749
2026-01-01 07:45:00+00:00,C007,1.0911266836218327,0.15855218571196295,0.0,0.9325744979098698
2026-01-01 08:00:00+00:00,C007,1.127674592832948,0.17406550219897793,0.0,0.95360909063397
2026-01-01 08:15:00+00:00,C007,1.1304684531240783,0.2921803863015516,0.0,0.8382880668225268
2026-01-01 08:30:00+00:00,C007,1.0719344957108878,0.34176686099572184,0.0,0.730167634715166
2026-01-01 08:45:00+00:00,C007,0.8962623656536843,0.31376638825114667,0.0,0.5824959774025377
2026-01-01 09:00:00+00:00,C007,0.8927149529755708,0.39693723132093717,0.0,0.49577772165463363
2026-01-01 09:15:00+00:00,C007,0.868023965195289,0.3791159030059871,0.0,0.48890806218930194
2026-01-01 09:30:00+00:00,C007,0.7199403139506053,0.4572967145727357,0.0,0.26264359937786963
2026-01-01 09:45:00+00:00,C007,0.6862377039647892,0.4340741712436828,0.0,0.2521635327211064
2026-01-01 10:00:00+00:00,C007,0.622978846261729,0.6007344006104268,0.0,0.022244445651302125
2026-01-01 10:15:00+00:00,C007,0.6261828698299728,0.5421144329938546,0.0,0.0840684368361182
2026-01-01 10:30:00+00:00,C007,0.5395492010990139,0.5813401888852436,0.0,-0.041790987786229694
2026-01-01 10:45:00+00:00,C007,0.5021488998400826,0.6934676102085071,0.0,-0.19131871036842452
2026-01-01 11:00:00+00:00,C007,0.5102588494704212,0.7441818775757321,0.0,-0.23392302810531085
2026-01-01 11:15:00+00:00,C007,0.4265045694161958,0.5370974480946245,0.0,-0.11059287867842865
2026-01-01 11:30:00+00:00,C007,0.4420795760945868,0.6459325157426115,0.0,-0.20385293964802464
2026-01-01 11:45:00+00:00,C007,0.43154218542120815,0.7166177355836983,0.0,-0.2850755501624902
2026-01-01 12:00:00+00:00,C007,0.4321417423221954,0.6225590972444847,0.0,-0.19041735492228928
2026-01-01 12:15:00+00:00,C007,0.4635854054511932,0.49477206288766856,0.0,-0.031186657436475362
2026-01-01 12:30:00+00:00,C007,0.4524336948598536,0.8274350099749047,0.0,-0.37500131511505114
2026-01-01 12:45:00+00:00,C007,0.4121796184348759,0.7352307396181852,0.0,-0.3230511211833093
2026-01-01 13:00:00+00:00,C007,0.4589001599267029,0.6617770987916877,0.0,-0.20287693886498476
2026-01-01 13:15:00+00:00,C007,0.49675169761259874,0.4184626859683755,0.0,0.07828901164422325
2026-01-01 13:30:00+00:00,C007,0.4373938634358274,0.507635638398724,0.0,-0.07024177496289663
2026-01-01 13:45:00+00:00,C007,0.4804820322812484,0.4423143790161864,0.0,0.038167653265061996
2026-01-01 14:00:00+00:00,C007,0.4832445397071442,0.5738674313216205,0.0,-0.09062289161447634
2026-01-01 14:15:00+00:00,C007,0.49081767017557293,0.5364141752971237,0.0,-0.04559650512155072
2026-01-01 14:30:00+00:00,C007,0.4912851945037094,0.38574655090780074,0.0,0.10553864359590864
2026-01-01 14:45:00+00:00,C007,0.5936888463896032,0.37878787617200405,0.0,0.21490097021759913
2026-01-01 15:00:00+00:00,C007,0.5928337199223159,0.3128552696638185,0.0,0.27997845025849744
2026-01-01 15:15:00+00:00,C007,0.6728566373575341,0.31622634878114586,0.0,0.35663028857638823
2026-01-01 15:30:00+00:00,C007,0.6637073395129438,0.25285246439290976,0.0,0.41085487512003405
2026-01-01 15:45:00+00:00,C007,0.7090952404808231,0.21733993440900842,0.0,0.4917553060718146
2026-01-01 16:00:00+00:00,C007,0.8180392844146445,0.15586237780200343,0.0,0.6621769066126411
2026-01-01 16:15:00+00:00,C007,0.8694509003358689,0.11684718002972456,0.0,0.7526037203061443
2026-01-01 16:30:00+00:00,C007,0.9290640281686913,0.1164963734161027,0.0,0.8125676547525886
2026-01-01 16:45:00+00:00,C007,1.0158212141180152,0.06334482310017434,0.0,0.9524763910178409
2026-01-01 17:00:00+00:00,C007,1.0162616108307136,5.864860721979826e-17,0.0,1.0162616108307136
2026-01-01 17:15:00+00:00,C007,1.110805032144865,0.0,0.0,1.110805032144865
2026-01-01 17:30:00+00:00,C007,1.1677598941506222,0.0,0.0,1.1677598941506222
2026-01-01 17:45:00+00:00,C007,1.28557415250737,0.0,0.0,1.28557415250737
2026-01-01 18:00:00+00:00,C007,1.2558086957225845,0.0,0.0,1.2558086957225845
2026-01-01 18:15:00+00:00,C007,1.352988285574785,0.0,0.0,1.352988285574785
2026-01-01 18:30:00+00:00,C007,1.3067947127275445,0.0,0.0,1.3067947127275445
2026-01-01 18:45:00+00:00,C007,1.3216147448591307,0.0,0.0,1.3216147448591307
2026-01-01 19:00:00+00:00,C007,1.3904367555020636,0.0,0.0,1.3904367555020636
2026-01-01 19:15:00+00:00,C007,1.329940670231102,0.0,0.0,1.329940670231102
2026-01-01 19:30:00+00:00,C007,1.2816333790476728,0.0,0.0,1.2816333790476728
2026-01-01 19:45:00+00:00,C007,1.2873394434935623,0.0,0.0,1.2873394434935623
2026-01-01 20:00:00+00:00,C007,1.2653275899262808,0.0,0.0,1.2653275899262808
2026-01-01 20:15:00+00:00,C007,1.1773055460408954,0.0,0.0,1.1773055460408954
2026-01-01 20:30:00+00:00,C007,1.1357367625434516,0.0,0.0,1.1357367625434516
2026-01-01 20:45:00+00:00,C007,1.0796340565458582,0.0,0.0,1.0796340565458582
2026-01-01 21:00:00+00:00,C007,1.0625315848515677,0.0,0.0,1.0625315848515677
2026-01-01 21:15:00+00:00,C007,0.927806666098911,0.0,0.0,0.927806666098911
2026-01-01 21:30:00+00:00,C007,0.9398883447109099,0.0,0.0,0.9398883447109099
2026-01-01 21:45:00+00:00,C007,0.8073320961022645,0.0,0.0,0.8073320961022645
2026-01-01 22:00:00+00:00,C007,0.7377108814657272,0.0,0.0,0.7377108814657272
2026-01-01 22:15:00+00:00,C007,0.6850525441414181,0.0,0.0,0.6850525441414181
2026-01-01 22:30:00+00:00,C007,0.597495511887218,0.0,0.0,0.597495511887218
2026-01-01 22:45:00+00:00,C007,0.5704422267508089,0.0,0.0,0.5704422267508089
2026-01-01 23:00:00+00:00,C007,0.5493593505853472,0.0,0.0,0.5493593505853472
2026-01-01 23:15:00+00:00,C007,0.5610914973321175,0.0,0.0,0.5610914973321175
2026-01-01 23:30:00+00:00,C007,0.5129594055510094,0.0,0.0,0.5129594055510094
2026-01-01 23:45:00+00:00,C007,0.4722870623043417,0.0,0.0,0.4722870623043417
2026-01-02 00:00:00+00:00,C007,0.4216804832401432,0.0,0.0,0.4216804832401432
2026-01-02 00:15:00+00:00,C007,0.4316029623375991,0.0,0.0,0.4316029623375991
2026-01-02 00:30:00+00:00,C007,0.4150839455275894,0.0,0.0,0.4150839455275894
2026-01-02 00:45:00+00:00,C007,0.3642421043199658,0.0,0.0,0.3642421043199658
2026-01-02 01:00:00+00:00,C007,0.37392333655883225,0.0,0.0,0.37392333655883225
2026-01-02 01:15:00+00:00,C007,0.43371567699203717,0.0,0.0,0.43371567699203717
2026-01-02 01:30:00+00:00,C007,0.40179391840184925,0.0,0.0,0.40179391840184925
2026-01-02 01:45:00+00:00,C007,0.381577989867809,0.0,0.0,0.381577989867809
2026-01-02 02:00:00+00:00,C007,0.42685019227233967,0.0,0.0,0.42685019227233967
2026-01-02 02:15:00+00:00,C007,0.4337396687630368,0.0,0.0,0.4337396687630368
2026-01-02 02:30:00+00:00,C007,0.3959964657385244,0.0,0.0,0.3959964657385244
2026-01-02 02:45:00+00:00,C007,0.42000286936990416,0.0,0.0,0.42000286936990416
2026-01-02 03:00:00+00:00,C007,0.43830824763282145,0.0,0.0,0.43830824763282145
2026-01-02 03:15:00+00:00,C007,0.4028325170203847,0.0,0.0,0.4028325170203847
2026-01-02 03:30:00+00:00,C007,0.43160295297187995,0.0,0.0,0.43160295297187995
2026-01-02 03:45:00+00:00,C007,0.41279065801727954,0.0,0.0,0.41279065801727954
2026-01-02 04:00:00+00:00,C007,0.4415233017763282,0.0,0.0,0.4415233017763282
2026-01-02 04:15:00+00:00,C007,0.4854992801760389,0.0,0.0,0.4854992801760389
2026-01-02 04:30:00+00:00,C007,0.5345598660910181,0.0,0.0,0.5345598660910181
2026-01-02 04:45:00+00:00,C007,0.5554298690899366,0.0,0.0,0.5554298690899366
2026-01-02 05:00:00+00:00,C007,0.5860370172387382,0.0,0.0,0.5860370172387382
2026-01-02 05:15:00+00:00,C007,0.666209971746148,0.0,0.0,0.666209971746148
2026-01-02 05:30:00+00:00,C007,0.6758576214957625,0.0,0.0,0.6758576214957625
2026-01-02 05:45:00+00:00,C007,0.8182530525796181,0.0,0.0,0.8182530525796181
2026-01-02 06:00:00+00:00,C007,0.9284437570557853,0.0,0.0,0.9284437570557853
2026-01-02 06:15:00+00:00,C007,0.9481730081509175,0.0,0.0,0.9481730081509175
2026-01-02 06:30:00+00:00,C007,1.0141129432010312,0.0,0.0,1.0141129432010312
2026-01-02 06:45:00+00:00,C007,1.0765569068470922,0.0,0.0,1.0765569068470922
2026-01-02 07:00:00+00:00,C007,1.0407298797210753,0.0,0.0,1.0407298797210753
2026-01-02 07:15:00+00:00,C007,1.1822572962118925,0.04886754976556036,0.0,1.133389746446332
2026-01-02 07:30:00+00:00,C007,1.274759208978636,0.09875288702994221,0.0,1.1760063219486938
2026-01-02 07:45:00+00:00,C007,1.1873599862144584,0.17181360985233599,0.0,1.0155463763621224
2026-01-02 08:00:00+00:00,C007,1.1470980942459026,0.25659519802005304,0.0,0.8905028962258495
2026-01-02 08:15:00+00:00,C007,1.1383724187214403,0.3289697928686436,0.0,0.8094026258527968
2026-01-02 08:30:00+00:00,C007,1.0980434428389256,0.3271972927025919,0.0,0.7708461501363337
2026-01-02 08:45:00+00:00,C007,1.0167918603960178,0.37749576543956415,0.0,0.6392960949564537
2026-01-02 09:00:00+00:00,C007,0.810418150178177,0.37391054919865274,0.0,0.43650760097952424
2026-01-02 09:15:00+00:00,C007,0.8306795502917336,0.4288800073714109,0.0,0.40179954292032266
2026-01-02 09:30:00+00:00,C007,0.8346315728523159,0.5586868148299795,0.0,0.2759447580223364
2026-01-02 09:45:00+00:00,C007,0.7042833854276821,0.6902356928997163,0.0,0.014047692527965783
2026-01-02 10:00:00+00:00,C007,0.5792755980180236,0.6632006460357881,0.0,-0.08392504801776446
2026-01-02 10:15:00+00:00,C007,0.569728292426467,0.6574369735280792,0.0,-0.08770868110161212
2026-01-02 10:30:00+00:00,C007,0.47405239598536925,0.7295834777695854,0.0,-0.2555310817842162
2026-01-02 10:45:00+00:00,C007,0.5120398003508113,0.7965929313646063,0.0,-0.284553131013795
2026-01-02 11:00:00+00:00,C007,0.44475084773793794,0.7454900157456649,0.0,-0.30073916800772693
2026-01-02 11:15:00+00:00,C007,0.4697861171743114,0.8418103255245171,0.0,-0.37202420835020567
2026-01-02 11:30:00+00:00,C007,0.4383117015812023,0.8728726986283979,0.0,-0.4345609970471956
2026-01-02 11:45:00+00:00,C007,0.42057434677404004,0.7919813708827907,0.0,-0.3714070241087507
2026-01-02 12:00:00+00:00,C007,0.4845495224903787,0.8719419608807508,0.0,-0.38739243839037213
2026-01-02 12:15:00+00:00,C007,0.43725772558051507,0.8097326431513511,0.0,-0.372474917570836
2026-01-02 12:30:00+00:00,C007,0.4183453485267462,0.8047697081028382,0.0,-0.386424359576092
2026-01-02 12:45:00+00:00,C007,0.39867800102395334,0.9362689897086255,0.0,-0.5375909886846721
2026-01-02 13:00:00+00:00,C007,0.3710685455402385,0.8577880741724275,0.0,-0.48671952863218904
2026-01-02 13:15:00+00:00,C007,0.40294964725536,0.6593964858037344,0.0,-0.25644683854837447
2026-01-02 13:30:00+00:00,C007,0.45529478817372565,0.8746042877325952,0.0,-0.4193094995588696
2026-01-02 13:45:00+00:00,C007,0.5009647053504945,0.9237375391835213,0.0,-0.4227728338330268
2026-01-02 14:00:00+00:00,C007,0.4765485014226846,0.8600647825336019,0.0,-0.38351628111091723
2026-01-02 14:15:00+00:00,C007,0.5499373218380273,0.6673755310620987,0.0,-0.11743820922407133
2026-01-02 14:30:00+00:00,C007,0.5017731289213534,0.6242772639162465,0.0,-0.1225041349948931
2026-01-02 14:45:00+00:00,C007,0.526490389524545,0.5865899585072801,0.0,-0.06009956898273516
2026-01-02 15:00:00+00:00,C007,0.5533456432115584,0.45502118126516294,0.0,0.09832446194639549
2026-01-02 15:15:00+00:00,C007,0.645332154640123,0.6122338048774764,0.0,0.033098349762646584
2026-01-02 15:30:00+00:00,C007,0.7429314952986892,0.3937381910047171,0.0,0.3491933042939721
2026-01-02 15:45:00+00:00,C007,0.6884988517757289,0.2888806067705637,0.0,0.3996182450051652
2026-01-02 16:00:00+00:00,C007,0.7846288630815418,0.3187492449683496,0.0,0.4658796181131922
2026-01-02 16:15:00+00:00,C007,0.8896378315792487,0.22437692401622214,0.0,0.6652609075630266
2026-01-02 16:30:00+00:00,C007,0.8193548988763262,0.15704727570760865,0.0,0.6623076231687175
2026-01-02 16:45:00+00:00,C007,1.0008146960063646,0.08028378561843394,0.0,0.9205309103879307
2026-01-02 17:00:00+00:00,C007,1.054319387526127,1.18905186228398e-16,0.0,1.0543193875261268
2026-01-02 17:15:00+00:00,C007,1.1133843937039278,0.0,0.0,1.1133843937039278
2026-01-02 17:30:00+00:00,C007,1.1475418682531968,0.0,0.0,1.1475418682531968
2026-01-02 17:45:00+00:00,C007,1.2638788770405072,0.0,0.0,1.2638788770405072
2026-01-02 18:00:00+00:00,C007,1.3341681672718844,0.0,0.0,1.3341681672718844
2026-01-02 18:15:00+00:00,C007,1.2792244983220291,0.0,0.0,1.2792244983220291
2026-01-02 18:30:00+00:00,C007,1.299973847976931,0.0,0.0,1.299973847976931
2026-01-02 18:45:00+00:00,C007,1.266842189768302,0.0,0.0,1.266842189768302
2026-01-02 19:00:00+00:00,C007,1.382794618023842,0.0,0.0,1.382794618023842
2026-01-02 19:15:00+00:00,C007,1.2848054994000262,0.0,0.0,1.2848054994000262
2026-01-02 19:30:00+00:00,C007,1.3184724006108213,0.0,0.0,1.3184724006108213
2026-01-02 19:45:00+00:00,C007,1.2640353284939476,0.0,0.0,1.2640353284939476
2026-01-02 20:00:00+00:00,C007,1.1616510597426806,0.0,0.0,1.1616510597426806
2026-01-02 20:15:00+00:00,C007,1.1818700126470008,0.0,0.0,1.1818700126470008
2026-01-02 20:30:00+00:00,C007,1.2222717143926332,0.0,0.0,1.2222717143926332
2026-01-02 20:45:00+00:00,C007,1.0475126180872638,0.0,0.0,1.0475126180872638
2026-01-02 21:00:00+00:00,C007,0.9528374470979711,0.0,0.0,0.9528374470979711
2026-01-02 21:15:00+00:00,C007,0.9589734501458025,0.0,0.0,0.9589734501458025
2026-01-02 21:30:00+00:00,C007,0.8809738303081854,0.0,0.0,0.8809738303081854
2026-01-02 21:45:00+00:00,C007,0.8285461568071296,0.0,0.0,0.8285461568071296
2026-01-02 22:00:00+00:00,C007,0.7431569870120611,0.0,0.0,0.7431569870120611
2026-01-02 22:15:00+00:00,C007,0.660526889068642,0.0,0.0,0.660526889068642
2026-01-02 22:30:00+00:00,C007,0.5839011902858813,0.0,0.0,0.5839011902858813
2026-01-02 22:45:00+00:00,C007,0.5613681376078278,0.0,0.0,0.5613681376078278
2026-01-02 23:00:00+00:00,C007,0.5161386166868123,0.0,0.0,0.5161386166868123
2026-01-02 23:15:00+00:00,C007,0.5158119287697047,0.0,0.0,0.5158119287697047
2026-01-02 23:30:00+00:00,C007,0.4353420079730518,0.0,0.0,0.4353420079730518
2026-01-02 23:45:00+00:00,C007,0.5090570615069631,0.0,0.0,0.5090570615069631
2026-01-03 00:00:00+00:00,C007,0.41369814529924265,0.0,0.0,0.41369814529924265
2026-01-03 00:15:00+00:00,C007,0.3934358246133527,0.0,0.0,0.3934358246133527
2026-01-03 00:30:00+00:00,C007,0.399398248858112,0.0,0.0,0.399398248858112
2026-01-03 00:45:00+00:00,C007,0.4448177129040188,0.0,0.0,0.4448177129040188
2026-01-03 01:00:00+00:00,C007,0.3927581587899282,0.0,0.0,0.3927581587899282
2026-01-03 01:15:00+00:00,C007,0.3991094518318255,0.0,0.0,0.3991094518318255
2026-01-03 01:30:00+00:00,C007,0.464592645809115,0.0,0.0,0.464592645809115
2026-01-03 01:45:00+00:00,C007,0.44444293854093886,0.0,0.0,0.44444293854093886
2026-01-03 02:00:00+00:00,C007,0.4264504501154388,0.0,0.0,0.4264504501154388
2026-01-03 02:15:00+00:00,C007,0.4480985634798115,0.0,0.0,0.4480985634798115
2026-01-03 02:30:00+00:00,C007,0.4444692178753642,0.0,0.0,0.4444692178753642
2026-01-03 02:45:00+00:00,C007,0.456549998359047,0.0,0.0,0.456549998359047
2026-01-03 03:00:00+00:00,C007,0.4494840438774546,0.0,0.0,0.4494840438774546
2026-01-03 03:15:00+00:00,C007,0.5280598652303456,0.0,0.0,0.5280598652303456
2026-01-03 03:30:00+00:00,C007,0.46655558464126023,0.0,0.0,0.46655558464126023
2026-01-03 03:45:00+00:00,C007,0.5490410733969147,0.0,0.0,0.5490410733969147
2026-01-03 04:00:00+00:00,C007,0.5139328225557442,0.0,0.0,0.5139328225557442
2026-01-03 04:15:00+00:00,C007,0.5653600989144151,0.0,0.0,0.5653600989144151
2026-01-03 04:30:00+00:00,C007,0.5849811503628037,0.0,0.0,0.5849811503628037
2026-01-03 04:45:00+00:00,C007,0.6636854345592783,0.0,0.0,0.6636854345592783
2026-01-03 05:00:00+00:00,C007,0.642444965829805,0.0,0.0,0.642444965829805
2026-01-03 05:15:00+00:00,C007,0.7691671327326204,0.0,0.0,0.7691671327326204
2026-01-03 05:30:00+00:00,C007,0.8627049071268665,0.0,0.0,0.8627049071268665
2026-01-03 05:45:00+00:00,C007,0.8592281384001943,0.0,0.0,0.8592281384001943
2026-01-03 06:00:00+00:00,C007,0.958018556054823,0.0,0.0,0.958018556054823
2026-01-03 06:15:00+00:00,C007,1.0068631082819557,0.0,0.0,1.0068631082819557
2026-01-03 06:30:00+00:00,C007,1.1174627461576514,0.0,0.0,1.1174627461576514
2026-01-03 06:45:00+00:00,C007,1.2836819764241125,0.0,0.0,1.2836819764241125
2026-01-03 07:00:00+00:00,C007,1.211611980635435,0.0,0.0,1.211611980635435
2026-01-03 07:15:00+00:00,C007,1.2383655951757144,0.08460227287521757,0.0,1.1537633223004968
2026-01-03 07:30:00+00:00,C007,1.3677860408270541,0.17411109914284925,0.0,1.193674941684205
2026-01-03 07:45:00+00:00,C007,1.3404462378656614,0.22757332097998226,0.0,1.1128729168856792
2026-01-03 08:00:00+00:00,C007,1.3474289058885305,0.3547786499921291,0.0,0.9926502558964014
2026-01-03 08:15:00+00:00,C007,1.1810765261650102,0.44616142385568985,0.0,0.7349151023093203
2026-01-03 08:30:00+00:00,C007,1.0945966313323614,0.4673278710509657,0.0,0.6272687602813958
2026-01-03 08:45:00+00:00,C007,1.0031683970058987,0.6434314334206965,0.0,0.35973696358520213
2026-01-03 09:00:00+00:00,C007,0.996491983324118,0.6088060294502121,0.0,0.3876859538739059
2026-01-03 09:15:00+00:00,C007,0.8432624886814943,0.6905325302353539,0.0,0.15272995844614046
2026-01-03 09:30:00+00:00,C007,0.8565789277199599,0.7685504463258667,0.0,0.08802848139409325
2026-01-03 09:45:00+00:00,C007,0.7614011339882121,0.6919678051495665,0.0,0.06943332883864561
2026-01-03 10:00:00+00:00,C007,0.6763465399547622,0.915219333058012,0.0,-0.23887279310324971
2026-01-03 10:15:00+00:00,C007,0.6045148672070026,0.7320700147655842,0.0,-0.12755514755858155
2026-01-03 10:30:00+00:00,C007,0.5667924555900046,0.9687354027802704,0.0,-0.4019429471902658
2026-01-03 10:45:00+00:00,C007,0.5808124226870305,1.1005350420183273,0.0,-0.5197226193312968
2026-01-03 11:00:00+00:00,C007,0.5115618891650505,1.0014567765049134,0.0,-0.48989488733986286
2026-01-03 11:15:00+00:00,C007,0.5252030858095459,1.1340696181087198,0.0,-0.6088665322991739
2026-01-03 11:30:00+00:00,C007,0.5663534617925788,1.1171305280508568,0.0,-0.5507770662582779
2026-01-03 11:45:00+00:00,C007,0.5349275095368765,1.0093935522947335,0.0,-0.474466042757857
2026-01-03 12:00:00+00:00,C007,0.442395998896897,0.9938124571832598,0.0,-0.5514164582863628
2026-01-03 12:15:00+00:00,C007,0.46193714865793023,1.1064558520660792,0.0,-0.644518703408149
2026-01-03 12:30:00+00:00,C007,0.5042977042610671,0.932889405882299,0.0,-0.42859170162123184
2026-01-03 12:45:00+00:00,C007,0.4890599351490944,0.8988019487602518,0.0,-0.40974201361115736
2026-01-03 13:00:00+00:00,C007,0.422376251153086,0.8493840270529299,0.0,-0.4270077758998439
2026-01-03 13:15:00+00:00,C007,0.5127950631498169,0.9067139196158285,0.0,-0.39391885646601155
2026-01-03 13:30:00+00:00,C007,0.5095027648659035,0.7965069311871644,0.0,-0.2870041663212609
2026-01-03 13:45:00+00:00,C007,0.5534103860163794,1.0384972582736434,0.0,-0.485086872257264
2026-01-03 14:00:00+00:00,C007,0.4947600841823171,0.8549248830317435,0.0,-0.3601647988494264
2026-01-03 14:15:00+00:00,C007,0.6003216227781123,0.8429716390151932,0.0,-0.24265001623708093
2026-01-03 14:30:00+00:00,C007,0.5466016186583229,0.7109021110760738,0.0,-0.1643004924177509
2026-01-03 14:45:00+00:00,C007,0.5788153986491622,0.6957624576839353,0.0,-0.1169470590347731
2026-01-03 15:00:00+00:00,C007,0.6527408390925993,0.6033957491581392,0.0,0.049345089934460074
2026-01-03 15:15:00+00:00,C007,0.7435014103265079,0.4263000962810014,0.0,0.31720131404550644
2026-01-03 15:30:00+00:00,C007,0.7238092466014987,0.4626005823124728,0.0,0.2612086642890259
2026-01-03 15:45:00+00:00,C007,0.7944930076284127,0.3658351404406604,0.0,0.4286578671877523
2026-01-03 16:00:00+00:00,C007,0.8191641397266672,0.3142707675511178,0.0,0.5048933721755494
2026-01-03 16:15:00+00:00,C007,0.9356841665023536,0.22916444981855144,0.0,0.7065197166838022
2026-01-03 16:30:00+00:00,C007,1.0364826894008532,0.15398877897364782,0.0,0.8824939104272054
2026-01-03 16:45:00+00:00,C007,1.0882713718981614,0.07338444030683654,0.0,1.014886931591325
2026-01-03 17:00:00+00:00,C007,1.1420103700166908,1.0513374586013259e-16,0.0,1.1420103700166908
2026-01-03 17:15:00+00:00,C007,1.1737437758926477,0.0,0.0,1.1737437758926477
2026-01-03 17:30:00+00:00,C007,1.2453924837548467,0.0,0.0,1.2453924837548467
2026-01-03 17:45:00+00:00,C007,1.4375313428273686,0.0,0.0,1.4375313428273686
2026-01-03 18:00:00+00:00,C007,1.3796213789640692,0.0,0.0,1.3796213789640692
2026-01-03 18:15:00+00:00,C007,1.3512509500843035,0.0,0.0,1.3512509500843035
2026-01-03 18:30:00+00:00,C007,1.4387746990944117,0.0,0.0,1.4387746990944117
2026-01-03 18:45:00+00:00,C007,1.3836599061444763,0.0,0.0,1.3836599061444763
2026-01-03 19:00:00+00:00,C007,1.4260455478331917,0.0,0.0,1.4260455478331917
2026-01-03 19:15:00+00:00,C007,1.5407710293015497,0.0,0.0,1.5407710293015497
2026-01-03 19:30:00+00:00,C007,1.4628749980106872,0.0,0.0,1.4628749980106872
2026-01-03 19:45:00+00:00,C007,1.4977460969504042,0.0,0.0,1.4977460969504042
2026-01-03 20:00:00+00:00,C007,1.3670945031723811,0.0,0.0,1.3670945031723811
2026-01-03 20:15:00+00:00,C007,1.2556044391998218,0.0,0.0,1.2556044391998218
2026-01-03 20:30:00+00:00,C007,1.238751886617779,0.0,0.0,1.238751886617779
2026-01-03 20:45:00+00:00,C007,1.0657219712247066,0.0,0.0,1.0657219712247066
2026-01-03 21:00:00+00:00,C007,1.1401643793128886,0.0,0.0,1.1401643793128886
2026-01-03 21:15:00+00:00,C007,1.0644011122892545,0.0,0.0,1.0644011122892545
2026-01-03 21:30:00+00:00,C007,0.9960620612770931,0.0,0.0,0.9960620612770931
2026-01-03 21:45:00+00:00,C007,0.9264371129786585,0.0,0.0,0.9264371129786585
2026-01-03 22:00:00+00:00,C007,0.7927724076794997,0.0,0.0,0.7927724076794997
2026-01-03 22:15:00+00:00,C007,0.8381908152056249,0.0,0.0,0.8381908152056249
2026-01-03 22:30:00+00:00,C007,0.696146331293798,0.0,0.0,0.696146331293798
2026-01-03 22:45:00+00:00,C007,0.6340981098646142,0.0,0.0,0.6340981098646142
2026-01-03 23:00:00+00:00,C007,0.6430674241973195,0.0,0.0,0.6430674241973195
2026-01-03 23:15:00+00:00,C007,0.5848392550839523,0.0,0.0,0.5848392550839523
2026-01-03 23:30:00+00:00,C007,0.5967387730602102,0.0,0.0,0.5967387730602102
2026-01-03 23:45:00+00:00,C007,0.5367037045119356,0.0,0.0,0.5367037045119356
2026-01-04 00:00:00+00:00,C007,0.426468372176868,0.0,0.0,0.426468372176868
2026-01-04 00:15:00+00:00,C007,0.44884856339828255,0.0,0.0,0.44884856339828255
2026-01-04 00:30:00+00:00,C007,0.4589879214303083,0.0,0.0,0.4589879214303083
2026-01-04 00:45:00+00:00,C007,0.4496779960050125,0.0,0.0,0.4496779960050125
2026-01-04 01:00:00+00:00,C007,0.46137281442067274,0.0,0.0,0.46137281442067274
2026-01-04 01:15:00+00:00,C007,0.47332017619050887,0.0,0.0,0.47332017619050887
2026-01-04 01:30:00+00:00,C007,0.4446764043720979,0.0,0.0,0.4446764043720979
2026-01-04 01:45:00+00:00,C007,0.47712870146284136,0.0,0.0,0.47712870146284136
2026-01-04 02:00:00+00:00,C007,0.4401258601389245,0.0,0.0,0.4401258601389245
2026-01-04 02:15:00+00:00,C007,0.45349367272402535,0.0,0.0,0.45349367272402535
2026-01-04 02:30:00+00:00,C007,0.5202009042961093,0.0,0.0,0.5202009042961093
2026-01-04 02:45:00+00:00,C007,0.5056831434706417,0.0,0.0,0.5056831434706417
2026-01-04 03:00:00+00:00,C007,0.4519904815982099,0.0,0.0,0.4519904815982099
2026-01-04 03:15:00+00:00,C007,0.47450462956954886,0.0,0.0,0.47450462956954886
2026-01-04 03:30:00+00:00,C007,0.5232805922964592,0.0,0.0,0.5232805922964592
2026-01-04 03:45:00+00:00,C007,0.5289213184337207,0.0,0.0,0.5289213184337207
2026-01-04 04:00:00+00:00,C007,0.5324572292015365,0.0,0.0,0.5324572292015365
2026-01-04 04:15:00+00:00,C007,0.5496060781727217,0.0,0.0,0.5496060781727217
2026-01-04 04:30:00+00:00,C007,0.5974525547154427,0.0,0.0,0.5974525547154427
2026-01-04 04:45:00+00:00,C007,0.6136791067696049,0.0,0.0,0.6136791067696049
2026-01-04 05:00:00+00:00,C007,0.655574027418846,0.0,0.0,0.655574027418846
2026-01-04 05:15:00+00:00,C007,0.728573910883071,0.0,0.0,0.728573910883071
2026-01-04 05:30:00+00:00,C007,0.8118192253816313,0.0,0.0,0.8118192253816313
2026-01-04 05:45:00+00:00,C007,0.8827042099861576,0.0,0.0,0.8827042099861576
2026-01-04 06:00:00+00:00,C007,0.9882430794831417,0.0,0.0,0.9882430794831417
2026-01-04 06:15:00+00:00,C007,1.1122580784829177,0.0,0.0,1.1122580784829177
2026-01-04 06:30:00+00:00,C007,1.175629248691199,0.0,0.0,1.175629248691199
2026-01-04 06:45:00+00:00,C007,1.2173432443332817,0.0,0.0,1.2173432443332817
2026-01-04 07:00:00+00:00,C007,1.3108738500509884,0.0,0.0,1.3108738500509884
2026-01-04 07:15:00+00:00,C007,1.332752329085119,0.057345456385299524,0.0,1.2754068726998196
2026-01-04 07:30:00+00:00,C007,1.2494443185073925,0.09228085898805143,0.0,1.157163459519341
2026-01-04 07:45:00+00:00,C007,1.3741100384521385,0.12235651061269882,0.0,1.2517535278394396
2026-01-04 08:00:00+00:00,C007,1.274494467675623,0.15082376503471637,0.0,1.1236707026409065
2026-01-04 08:15:00+00:00,C007,1.3477458554959592,0.20370224849333884,0.0,1.1440436070026203
2026-01-04 08:30:00+00:00,C007,1.1993748532389952,0.3050717372484831,0.0,0.8943031159905122
2026-01-04 08:45:00+00:00,C007,1.0977598059971412,0.3246208099452125,0.0,0.7731389960519287
2026-01-04 09:00:00+00:00,C007,0.978788403558561,0.3383033214554543,0.0,0.6404850821031067
2026-01-04 09:15:00+00:00,C007,0.9097841483240008,0.4136142910472196,0.0,0.4961698572767812
2026-01-04 09:30:00+00:00,C007,0.8265045183714256,0.4469904646333303,0.0,0.37951405373809527
2026-01-04 09:45:00+00:00,C007,0.7105267024797074,0.4247041790991446,0.0,0.2858225233805628
2026-01-04 10:00:00+00:00,C007,0.6852498266030705,0.5210575984534702,0.0,0.16419222814960033
2026-01-04 10:15:00+00:00,C007,0.6482828728239171,0.60383400495362,0.0,0.044448867870297004
2026-01-04 10:30:00+00:00,C007,0.5223249551214884,0.5996660503490853,0.0,-0.07734109522759691
2026-01-04 10:45:00+00:00,C007,0.5439706302265147,0.5209808040705801,0.0,0.02298982615593459
2026-01-04 11:00:00+00:00,C007,0.5391770766896843,0.5938177617122755,0.0,-0.05464068502259123
2026-01-04 11:15:00+00:00,C007,0.5235274876503847,0.5710087228171546,0.0,-0.04748123516676994
2026-01-04 11:30:00+00:00,C007,0.4873354489607619,0.5441496733784333,0.0,-0.05681422441767142
2026-01-04 11:45:00+00:00,C007,0.4983049510215879,0.6514738984132301,0.0,-0.15316894739164222
2026-01-04 12:00:00+00:00,C007,0.5498824429767619,0.536524584704009,0.0,0.013357858272752932
2026-01-04 12:15:00+00:00,C007,0.5068856163587712,0.5701524918673478,0.0,-0.06326687550857668
2026-01-04 12:30:00+00:00,C007,0.4626979843737435,0.7231706637303636,0.0,-0.26047267935662016
2026-01-04 12:45:00+00:00,C007,0.48406249792821693,0.44680221798917225,0.0,0.03726027993904468
2026-01-04 13:00:00+00:00,C007,0.5149089654073851,0.6212561101986187,0.0,-0.10634714479123364
2026-01-04 13:15:00+00:00,C007,0.47735796789926493,0.7090431850644372,0.0,-0.23168521716517226
2026-01-04 13:30:00+00:00,C007,0.4897813829643158,0.627027197069447,0.0,-0.1372458141051312
2026-01-04 13:45:00+00:00,C007,0.5539812307899733,0.5962137239090697,0.0,-0.04223249311909638
2026-01-04 14:00:00+00:00,C007,0.5173441429714934,0.4765095502052565,0.0,0.040834592766236966
2026-01-04 14:15:00+00:00,C007,0.557345086028663,0.47151042580697816,0.0,0.08583466022168479
2026-01-04 14:30:00+00:00,C007,0.602408714891995,0.4417447482286725,0.0,0.1606639666633225
2026-01-04 14:45:00+00:00,C007,0.6280915049340459,0.34198738157490743,0.0,0.28610412335913843
2026-01-04 15:00:00+00:00,C007,0.6322675578998521,0.32524599136109344,0.0,0.3070215665387587
2026-01-04 15:15:00+00:00,C007,0.6973987992000229,0.28966263642196444,0.0,0.40773616277805846
2026-01-04 15:30:00+00:00,C007,0.7920841498534332,0.246818570909199,0.0,0.5452655789442342
2026-01-04 15:45:00+00:00,C007,0.8305804418458457,0.19964962744821302,0.0,0.6309308143976327
2026-01-04 16:00:00+00:00,C007,0.9750103236988987,0.24586436891708016,0.0,0.7291459547818185
2026-01-04 16:15:00+00:00,C007,0.9900100070669179,0.14444807593537204,0.0,0.8455619311315459
2026-01-04 16:30:00+00:00,C007,1.0656317866532579,0.1253434141181159,0.0,0.940288372535142
2026-01-04 16:45:00+00:00,C007,1.2124487263557042,0.04526362741418456,0.0,1.1671850989415196
2026-01-04 17:00:00+00:00,C007,1.20864989382602,7.108766827708682e-17,0.0,1.20864989382602
2026-01-04 17:15:00+00:00,C007,1.254730776700166,0.0,0.0,1.254730776700166
2026-01-04 17:30:00+00:00,C007,1.3897365896209803,0.0,0.0,1.3897365896209803
2026-01-04 17:45:00+00:00,C007,1.3592011003618076,0.0,0.0,1.3592011003618076
2026-01-04 18:00:00+00:00,C007,1.4445223256534516,0.0,0.0,1.4445223256534516
2026-01-04 18:15:00+00:00,C007,1.4324723014113465,0.0,0.0,1.4324723014113465
2026-01-04 18:30:00+00:00,C007,1.4979357305083367,0.0,0.0,1.4979357305083367
2026-01-04 18:45:00+00:00,C007,1.521957593746134,0.0,0.0,1.521957593746134
2026-01-04 19:00:00+00:00,C007,1.4962421752183277,0.0,0.0,1.4962421752183277
2026-01-04 19:15:00+00:00,C007,1.4957540427023879,0.0,0.0,1.4957540427023879
2026-01-04 19:30:00+00:00,C007,1.5118926166957056,0.0,0.0,1.5118926166957056
2026-01-04 19:45:00+00:00,C007,1.3853798369354748,0.0,0.0,1.3853798369354748
2026-01-04 20:00:00+00:00,C007,1.337203993278496,0.0,0.0,1.337203993278496
2026-01-04 20:15:00+00:00,C007,1.2817768789982236,0.0,0.0,1.2817768789982236
2026-01-04 20:30:00+00:00,C007,1.2542261722382497,0.0,0.0,1.2542261722382497
2026-01-04 20:45:00+00:00,C007,1.2095128889744762,0.0,0.0,1.2095128889744762
2026-01-04 21:00:00+00:00,C007,1.1406489081304827,0.0,0.0,1.1406489081304827
2026-01-04 21:15:00+00:00,C007,1.0984893123428288,0.0,0.0,1.0984893123428288
2026-01-04 21:30:00+00:00,C007,1.018026397521242,0.0,0.0,1.018026397521242
2026-01-04 21:45:00+00:00,C007,0.9212997069506754,0.0,0.0,0.9212997069506754
2026-01-04 22:00:00+00:00,C007,0.8845584270421885,0.0,0.0,0.8845584270421885
2026-01-04 22:15:00+00:00,C007,0.8367998613867275,0.0,0.0,0.8367998613867275
2026-01-04 22:30:00+00:00,C007,0.7507389259691165,0.0,0.0,0.7507389259691165
2026-01-04 22:45:00+00:00,C007,0.7228490927779949,0.0,0.0,0.7228490927779949
2026-01-04 23:00:00+00:00,C007,0.6535140251878961,0.0,0.0,0.6535140251878961
2026-01-04 23:15:00+00:00,C007,0.6272566575647097,0.0,0.0,0.6272566575647097
2026-01-04 23:30:00+00:00,C007,0.5183457104540419,0.0,0.0,0.5183457104540419
2026-01-04 23:45:00+00:00,C007,0.548036993069854,0.0,0.0,0.548036993069854
2026-01-05 00:00:00+00:00,C007,0.3946176934507911,0.0,0.0,0.3946176934507911
2026-01-05 00:15:00+00:00,C007,0.4351917690698524,0.0,0.0,0.4351917690698524
2026-01-05 00:30:00+00:00,C007,0.44151015623951473,0.0,0.0,0.44151015623951473
2026-01-05 00:45:00+00:00,C007,0.35319675351117275,0.0,0.0,0.35319675351117275
2026-01-05 01:00:00+00:00,C007,0.4439065672756654,0.0,0.0,0.4439065672756654
2026-01-05 01:15:00+00:00,C007,0.38203240519308407,0.0,0.0,0.38203240519308407
2026-01-05 01:30:00+00:00,C007,0.3927884092979617,0.0,0.0,0.3927884092979617
2026-01-05 01:45:00+00:00,C007,0.4058460421527101,0.0,0.0,0.4058460421527101
2026-01-05 02:00:00+00:00,C007,0.41074957029595294,0.0,0.0,0.41074957029595294
2026-01-05 02:15:00+00:00,C007,0.37046806423550405,0.0,0.0,0.37046806423550405
2026-01-05 02:30:00+00:00,C007,0.43921513325206746,0.0,0.0,0.43921513325206746
2026-01-05 02:45:00+00:00,C007,0.44937253937066174,0.0,0.0,0.44937253937066174
2026-01-05 03:00:00+00:00,C007,0.46219734536147244,0.0,0.0,0.46219734536147244
2026-01-05 03:15:00+00:00,C007,0.4296068525511984,0.0,0.0,0.4296068525511984
2026-01-05 03:30:00+00:00,C007,0.44969236019331754,0.0,0.0,0.44969236019331754
2026-01-05 03:45:00+00:00,C007,0.47385865542798977,0.0,0.0,0.47385865542798977
2026-01-05 04:00:00+00:00,C007,0.5402493962652176,0.0,0.0,0.5402493962652176
2026-01-05 04:15:00+00:00,C007,0.42645106251322173,0.0,0.0,0.42645106251322173
2026-01-05 04:30:00+00:00,C007,0.5094520691728384,0.0,0.0,0.5094520691728384
2026-01-05 04:45:00+00:00,C007,0.5905651609360553,0.0,0.0,0.5905651609360553
2026-01-05 05:00:00+00:00,C007,0.5988977846276474,0.0,0.0,0.5988977846276474
2026-01-05 05:15:00+00:00,C007,0.6920074527016015,0.0,0.0,0.6920074527016015
2026-01-05 05:30:00+00:00,C007,0.7629641711283063,0.0,0.0,0.7629641711283063
2026-01-05 05:45:00+00:00,C007,0.8097541382710264,0.0,0.0,0.8097541382710264
2026-01-05 06:00:00+00:00,C007,0.9521159952466285,0.0,0.0,0.9521159952466285
2026-01-05 06:15:00+00:00,C007,1.0433566943533124,0.0,0.0,1.0433566943533124
2026-01-05 06:30:00+00:00,C007,1.0916737584488565,0.0,0.0,1.0916737584488565
2026-01-05 06:45:00+00:00,C007,1.1646815019485661,0.0,0.0,1.1646815019485661
2026-01-05 07:00:00+00:00,C007,1.1981133387605267,0.0,0.0,1.1981133387605267
2026-01-05 07:15:00+00:00,C007,1.2103405245479621,0.060488822713342445,0.0,1.1498517018346197
2026-01-05 07:30:00+00:00,C007,1.1674202748494067,0.13702398534209037,0.0,1.0303962895073164
2026-01-05 07:45:00+00:00,C007,1.243805939749798,0.20910039728108057,0.0,1.0347055424687175
2026-01-05 08:00:00+00:00,C007,1.1579297273888323,0.2098654154605102,0.0,0.9480643119283221
2026-01-05 08:15:00+00:00,C007,1.1734646749738056,0.29780042678990326,0.0,0.8756642481839023
2026-01-05 08:30:00+00:00,C007,1.107954853820101,0.37030059085189587,0.0,0.737654262968205
2026-01-05 08:45:00+00:00,C007,1.029320272687268,0.39704862610473085,0.0,0.6322716465825371
2026-01-05 09:00:00+00:00,C007,0.8977024009472201,0.40312186883348705,0.0,0.49458053211373304
2026-01-05 09:15:00+00:00,C007,0.8533614587144924,0.4891590367351513,0.0,0.3642024219793411
2026-01-05 09:30:00+00:00,C007,0.7482914548067081,0.5960709845004579,0.0,0.1522204703062502
2026-01-05 09:45:00+00:00,C007,0.7056288691683033,0.5006325104265498,0.0,0.20499635874175348
2026-01-05 10:00:00+00:00,C007,0.6971972319339897,0.5081990611289202,0.0,0.18899817080506953
2026-01-05 10:15:00+00:00,C007,0.6483474928019047,0.6335714490304892,0.0,0.014776043771415504
2026-01-05 10:30:00+00:00,C007,0.5178732138576077,0.6238505818062248,0.0,-0.10597736794861712
2026-01-05 10:45:00+00:00,C007,0.49917148426294594,0.6268985853406045,0.0,-0.12772710107765856
2026-01-05 11:00:00+00:00,C007,0.5125213628214546,0.6612870124340676,0.0,-0.14876564961261307
2026-01-05 11:15:00+00:00,C007,0.5000043579081881,0.7320839880900888,0.0,-0.2320796301819007
2026-01-05 11:30:00+00:00,C007,0.42820360825202375,0.7506161383220616,0.0,-0.3224125300700379
2026-01-05 11:45:00+00:00,C007,0.4125430592452042,0.7710319766588769,0.0,-0.3584889174136727
2026-01-05 12:00:00+00:00,C007,0.4746570230253986,0.9421223624738374,0.0,-0.4674653394484388
2026-01-05 12:15:00+00:00,C007,0.41186258198056724,0.7637886901439032,0.0,-0.3519261081633359
2026-01-05 12:30:00+00:00,C007,0.4354434388837402,0.9671604487262745,0.0,-0.5317170098425343
2026-01-05 12:45:00+00:00,C007,0.4674758921444225,0.902427346683815,0.0,-0.4349514545393925
2026-01-05 13:00:00+00:00,C007,0.47882081612282573,0.6864661894768805,0.0,-0.2076453733540548
2026-01-05 13:15:00+00:00,C007,0.4733048886717238,0.7151163406263766,0.0,-0.2418114519546528
2026-01-05 13:30:00+00:00,C007,0.4731016434946198,0.6363412780868689,0.0,-0.1632396345922491
2026-01-05 13:45:00+00:00,C007,0.5134367393450203,0.7649659036321409,0.0,-0.2515291642871206
2026-01-05 14:00:00+00:00,C007,0.5190677303060544,0.8021239877532877,0.0,-0.2830562574472334
2026-01-05 14:15:00+00:00,C007,0.5078239595752218,0.6880624447930926,0.0,-0.1802384852178709
2026-01-05 14:30:00+00:00,C007,0.554325807386691,0.6192020344728906,0.0,-0.06487622708619956
2026-01-05 14:45:00+00:00,C007,0.5862012353063537,0.5737032371680797,0.0,0.012497998138274014
2026-01-05 15:00:00+00:00,C007,0.6817091787523367,0.4597973587886462,0.0,0.22191181996369053
2026-01-05 15:15:00+00:00,C007,0.7114060559267578,0.49033302629778763,0.0,0.22107302962897013
2026-01-05 15:30:00+00:00,C007,0.741573132627693,0.39574969467486215,0.0,0.3458234379528308
2026-01-05 15:45:00+00:00,C007,0.7606052660044302,0.3873738469534539,0.0,0.37323141905097634
2026-01-05 16:00:00+00:00,C007,0.8011939339173053,0.2695303567647922,0.0,0.5316635771525131
2026-01-05 16:15:00+00:00,C007,0.8845586890569659,0.2153549170721082,0.0,0.6692037719848577
2026-01-05 16:30:00+00:00,C007,0.9630076397169435,0.15699866877783486,0.0,0.8060089709391086
2026-01-05 16:45:00+00:00,C007,0.9911161377869434,0.07506913117108914,0.0,0.9160470066158543
2026-01-05 17:00:00+00:00,C007,1.1088708923587856,1.1714896839037106e-16,0.0,1.1088708923587853
2026-01-05 17:15:00+00:00,C007,1.1575826591541012,0.0,0.0,1.1575826591541012
2026-01-05 17:30:00+00:00,C007,1.217070640460509,0.0,0.0,1.217070640460509
2026-01-05 17:45:00+00:00,C007,1.3133660572387131,0.0,0.0,1.3133660572387131
2026-01-05 18:00:00+00:00,C007,1.3196088851791539,0.0,0.0,1.3196088851791539
2026-01-05 18:15:00+00:00,C007,1.4343876280201182,0.0,0.0,1.4343876280201182
2026-01-05 18:30:00+00:00,C007,1.329981305902612,0.0,0.0,1.329981305902612
2026-01-05 18:45:00+00:00,C007,1.4145047427715227,0.0,0.0,1.4145047427715227
2026-01-05 19:00:00+00:00,C007,1.4130326042328005,0.0,0.0,1.4130326042328005
2026-01-05 19:15:00+00:00,C007,1.470106260939071,0.0,0.0,1.470106260939071
2026-01-05 19:30:00+00:00,C007,1.405904693206095,0.0,0.0,1.405904693206095
2026-01-05 19:45:00+00:00,C007,1.2923027146558579,0.0,0.0,1.2923027146558579
2026-01-05 20:00:00+00:00,C007,1.2950252772446342,0.0,0.0,1.2950252772446342
2026-01-05 20:15:00+00:00,C007,1.2730639076015946,0.0,0.0,1.2730639076015946
2026-01-05 20:30:00+00:00,C007,1.214213405138876,0.0,0.0,1.214213405138876
2026-01-05 20:45:00+00:00,C007,1.160796903318579,0.0,0.0,1.160796903318579
2026-01-05 21:00:00+00:00,C007,1.0693453177601664,0.0,0.0,1.0693453177601664
2026-01-05 21:15:00+00:00,C007,1.0232223569685848,0.0,0.0,1.0232223569685848
2026-01-05 21:30:00+00:00,C007,0.924911896829672,0.0,0.0,0.924911896829672
2026-01-05 21:45:00+00:00,C007,0.9056443520543503,0.0,0.0,0.9056443520543503
2026-01-05 22:00:00+00:00,C007,0.7880481645547989,0.0,0.0,0.7880481645547989
2026-01-05 22:15:00+00:00,C007,0.7351804058303499,0.0,0.0,0.7351804058303499
2026-01-05 22:30:00+00:00,C007,0.6471088641345923,0.0,0.0,0.6471088641345923
2026-01-05 22:45:00+00:00,C007,0.6862651718876066,0.0,0.0,0.6862651718876066
2026-01-05 23:00:00+00:00,C007,0.596814241006465,0.0,0.0,0.596814241006465
2026-01-05 23:15:00+00:00,C007,0.5513438276533404,0.0,0.0,0.5513438276533404
2026-01-05 23:30:00+00:00,C007,0.5261028875822742,0.0,0.0,0.5261028875822742
2026-01-05 23:45:00+00:00,C007,0.49492696543226694,0.0,0.0,0.49492696543226694
2026-01-06 00:00:00+00:00,C007,0.39028372436420455,0.0,0.0,0.39028372436420455
2026-01-06 00:15:00+00:00,C007,0.3755241451033486,0.0,0.0,0.3755241451033486
2026-01-06 00:30:00+00:00,C007,0.3846342514590925,0.0,0.0,0.3846342514590925
2026-01-06 00:45:00+00:00,C007,0.41368453601710437,0.0,0.0,0.41368453601710437
2026-01-06 01:00:00+00:00,C007,0.4004341257636141,0.0,0.0,0.4004341257636141
2026-01-06 01:15:00+00:00,C007,0.40143039889828375,0.0,0.0,0.40143039889828375
2026-01-06 01:30:00+00:00,C007,0.3825865675284106,0.0,0.0,0.3825865675284106
2026-01-06 01:45:00+00:00,C007,0.41929654847091963,0.0,0.0,0.41929654847091963
2026-01-06 02:00:00+00:00,C007,0.4244595527916692,0.0,0.0,0.4244595527916692
2026-01-06 02:15:00+00:00,C007,0.41274708975881846,0.0,0.0,0.41274708975881846
2026-01-06 02:30:00+00:00,C007,0.4294602558434509,0.0,0.0,0.4294602558434509
2026-01-06 02:45:00+00:00,C007,0.4562894993079738,0.0,0.0,0.4562894993079738
2026-01-06 03:00:00+00:00,C007,0.4660168026769347,0.0,0.0,0.4660168026769347
2026-01-06 03:15:00+00:00,C007,0.46397356233935866,0.0,0.0,0.46397356233935866
2026-01-06 03:30:00+00:00,C007,0.45665620414364116,0.0,0.0,0.45665620414364116
2026-01-06 03:45:00+00:00,C007,0.45130814336081476,0.0,0.0,0.45130814336081476
2026-01-06 04:00:00+00:00,C007,0.47850975130256806,0.0,0.0,0.47850975130256806
2026-01-06 04:15:00+00:00,C007,0.5051039453123709,0.0,0.0,0.5051039453123709
2026-01-06 04:30:00+00:00,C007,0.5713450172929884,0.0,0.0,0.5713450172929884
2026-01-06 04:45:00+00:00,C007,0.5849711910868556,0.0,0.0,0.5849711910868556
2026-01-06 05:00:00+00:00,C007,0.6334842728581564,0.0,0.0,0.6334842728581564
2026-01-06 05:15:00+00:00,C007,0.666075114056425,0.0,0.0,0.666075114056425
2026-01-06 05:30:00+00:00,C007,0.7335469728235963,0.0,0.0,0.7335469728235963
2026-01-06 05:45:00+00:00,C007,0.89605578846875,0.0,0.0,0.89605578846875
2026-01-06 06:00:00+00:00,C007,0.9587157635300638,0.0,0.0,0.9587157635300638
2026-01-06 06:15:00+00:00,C007,0.9900536086428975,0.0,0.0,0.9900536086428975
2026-01-06 06:30:00+00:00,C007,1.0051300908181542,0.0,0.0,1.0051300908181542
2026-01-06 06:45:00+00:00,C007,1.1619842945298722,0.0,0.0,1.1619842945298722
2026-01-06 07:00:00+00:00,C007,1.2737149779764432,0.0,0.0,1.2737149779764432
2026-01-06 07:15:00+00:00,C007,1.2113190776573157,0.07813971296864652,0.0,1.1331793646886692
2026-01-06 07:30:00+00:00,C007,1.2709033190671337,0.18182335930004437,0.0,1.0890799597670893
2026-01-06 07:45:00+00:00,C007,1.292316991609312,0.2373862041124613,0.0,1.0549307874968508
2026-01-06 08:00:00+00:00,C007,1.1302085797767614,0.33402632949879785,0.0,0.7961822502779635
2026-01-06 08:15:00+00:00,C007,1.2401312307222523,0.46601674819480265,0.0,0.7741144825274496
2026-01-06 08:30:00+00:00,C007,1.1728508648648002,0.5037587254771465,0.0,0.6690921393876537
2026-01-06 08:45:00+00:00,C007,0.9179037636110244,0.543181521346401,0.0,0.3747222422646235
2026-01-06 09:00:00+00:00,C007,0.9268821406535102,0.5955604287021838,0.0,0.3313217119513263
2026-01-06 09:15:00+00:00,C007,0.8478128159878703,0.7064961766437176,0.0,0.14131663934415273
2026-01-06 09:30:00+00:00,C007,0.7653685608582317,0.6487086220659843,0.0,0.11665993879224734
2026-01-06 09:45:00+00:00,C007,0.6844351788880686,0.7365397573676276,0.0,-0.05210457847955896
2026-01-06 10:00:00+00:00,C007,0.6898654373188838,0.8853707416073474,0.0,-0.19550530428846358
2026-01-06 10:15:00+00:00,C007,0.6099876264632457,0.8448185735148854,0.0,-0.23483094705163976
2026-01-06 10:30:00+00:00,C007,0.5242483368981226,0.7745599954957915,0.0,-0.2503116585976689
2026-01-06 10:45:00+00:00,C007,0.5279165609198287,0.798650610055093,0.0,-0.2707340491352642
2026-01-06 11:00:00+00:00,C007,0.5107914630413134,1.1260428572900096,0.0,-0.6152513942486962
2026-01-06 11:15:00+00:00,C007,0.45682618850810697,1.1193768426862856,0.0,-0.6625506541781786
2026-01-06 11:30:00+00:00,C007,0.4151907373146868,0.8941647586239092,0.0,-0.4789740213092224
2026-01-06 11:45:00+00:00,C007,0.5259625976591266,1.1558240077420932,0.0,-0.6298614100829666
2026-01-06 12:00:00+00:00,C007,0.4404866836949412,1.1833693304758377,0.0,-0.7428826467808964
2026-01-06 12:15:00+00:00,C007,0.4428670223757633,1.092774497445271,0.0,-0.6499074750695077
2026-01-06 12:30:00+00:00,C007,0.449405783695524,0.9894293130893368,0.0,-0.5400235293938128
2026-01-06 12:45:00+00:00,C007,0.48414103887270676,1.0224492337338793,0.0,-0.5383081948611725
2026-01-06 13:00:00+00:00,C007,0.5212509211479118,1.0497002917298037,0.0,-0.5284493705818919
2026-01-06 13:15:00+00:00,C007,0.48498702100738045,1.0189473696067506,0.0,-0.5339603485993701
2026-01-06 13:30:00+00:00,C007,0.4483475913097677,0.9831769990685931,0.0,-0.5348294077588254
2026-01-06 13:45:00+00:00,C007,0.44698753828842275,0.9523303325068153,0.0,-0.5053427942183926
2026-01-06 14:00:00+00:00,C007,0.5038375719424313,0.642664224598473,0.0,-0.13882665265604177
2026-01-06 14:15:00+00:00,C007,0.513632834866796,0.7535985947322252,0.0,-0.23996575986542923
2026-01-06 14:30:00+00:00,C007,0.5310010262815591,0.6561251893851834,0.0,-0.1251241631036243
2026-01-06 14:45:00+00:00,C007,0.6236412543742595,0.6903631488612798,0.0,-0.06672189448702026
2026-01-06 15:00:00+00:00,C007,0.6148493300632963,0.6045703053015568,0.0,0.010279024761739586
2026-01-06 15:15:00+00:00,C007,0.7267186494234952,0.563186363803328,0.0,0.1635322856201672
2026-01-06 15:30:00+00:00,C007,0.7725621362405505,0.5763271652631957,0.0,0.19623497097735476
2026-01-06 15:45:00+00:00,C007,0.771254364975441,0.4350413451663505,0.0,0.33621301980909046
2026-01-06 16:00:00+00:00,C007,0.8531674034136645,0.36349749370690565,0.0,0.48966990970675883
2026-01-06 16:15:00+00:00,C007,0.8638761631297875,0.2839563678196335,0.0,0.579919795310154
2026-01-06 16:30:00+00:00,C007,0.9844849233899602,0.17295700526958324,0.0,0.811527918120377
2026-01-06 16:45:00+00:00,C007,1.0369971197449774,0.06644257982966272,0.0,0.9705545399153147
2026-01-06 17:00:00+00:00,C007,1.0477459289803395,1.2008644778502843e-16,0.0,1.0477459289803392
2026-01-06 17:15:00+00:00,C007,1.1438005791946295,0.0,0.0,1.1438005791946295
2026-01-06 17:30:00+00:00,C007,1.2035386245333202,0.0,0.0,1.2035386245333202
2026-01-06 17:45:00+00:00,C007,1.2605297540456224,0.0,0.0,1.2605297540456224
2026-01-06 18:00:00+00:00,C007,1.3737907106224059,0.0,0.0,1.3737907106224059
2026-01-06 18:15:00+00:00,C007,1.2853073744081827,0.0,0.0,1.2853073744081827
2026-01-06 18:30:00+00:00,C007,1.4917261852022472,0.0,0.0,1.4917261852022472
2026-01-06 18:45:00+00:00,C007,1.362059597038245,0.0,0.0,1.362059597038245
2026-01-06 19:00:00+00:00,C007,1.525659798202213,0.0,0.0,1.525659798202213
2026-01-06 19:15:00+00:00,C007,1.3908097224984148,0.0,0.0,1.3908097224984148
2026-01-06 19:30:00+00:00,C007,1.425518197693231,0.0,0.0,1.425518197693231
2026-01-06 19:45:00+00:00,C007,1.3579727399157313,0.0,0.0,1.3579727399157313
2026-01-06 20:00:00+00:00,C007,1.2998878207478306,0.0,0.0,1.2998878207478306
2026-01-06 20:15:00+00:00,C007,1.2878097131255546,0.0,0.0,1.2878097131255546
2026-01-06 20:30:00+00:00,C007,1.2627417116517001,0.0,0.0,1.2627417116517001
2026-01-06 20:45:00+00:00,C007,1.2009182917364185,0.0,0.0,1.2009182917364185
2026-01-06 21:00:00+00:00,C007,1.0336097318095598,0.0,0.0,1.0336097318095598
2026-01-06 21:15:00+00:00,C007,0.989509439803047,0.0,0.0,0.989509439803047
2026-01-06 21:30:00+00:00,C007,0.9058246081491919,0.0,0.0,0.9058246081491919
2026-01-06 21:45:00+00:00,C007,0.8419845361591487,0.0,0.0,0.8419845361591487
2026-01-06 22:00:00+00:00,C007,0.7547021862482158,0.0,0.0,0.7547021862482158
2026-01-06 22:15:00+00:00,C007,0.7225447884585388,0.0,0.0,0.7225447884585388
2026-01-06 22:30:00+00:00,C007,0.7109348459814091,0.0,0.0,0.7109348459814091
2026-01-06 22:45:00+00:00,C007,0.5795294849709589,0.0,0.0,0.5795294849709589
2026-01-06 23:00:00+00:00,C007,0.5893023803025865,0.0,0.0,0.5893023803025865
2026-01-06 23:15:00+00:00,C007,0.6121355739164418,0.0,0.0,0.6121355739164418
2026-01-06 23:30:00+00:00,C007,0.5580738846295563,0.0,0.0,0.5580738846295563
2026-01-06 23:45:00+00:00,C007,0.4968635859858494,0.0,0.0,0.4968635859858494
2026-01-07 00:00:00+00:00,C007,0.3449959152771541,0.0,0.0,0.3449959152771541
2026-01-07 00:15:00+00:00,C007,0.40393696117488653,0.0,0.0,0.40393696117488653
2026-01-07 00:30:00+00:00,C007,0.3343876640507018,0.0,0.0,0.3343876640507018
2026-01-07 00:45:00+00:00,C007,0.4354226967733952,0.0,0.0,0.4354226967733952
2026-01-07 01:00:00+00:00,C007,0.4190499669706161,0.0,0.0,0.4190499669706161
2026-01-07 01:15:00+00:00,C007,0.47404951603121565,0.0,0.0,0.47404951603121565
2026-01-07 01:30:00+00:00,C007,0.36393650564547675,0.0,0.0,0.36393650564547675
2026-01-07 01:45:00+00:00,C007,0.45218756504646995,0.0,0.0,0.45218756504646995
2026-01-07 02:00:00+00:00,C007,0.4117319492354816,0.0,0.0,0.4117319492354816
2026-01-07 02:15:00+00:00,C007,0.39892099720345,0.0,0.0,0.39892099720345
2026-01-07 02:30:00+00:00,C007,0.3954444078971243,0.0,0.0,0.3954444078971243
2026-01-07 02:45:00+00:00,C007,0.45681091745632474,0.0,0.0,0.45681091745632474
2026-01-07 03:00:00+00:00,C007,0.45728120880035306,0.0,0.0,0.45728120880035306
2026-01-07 03:15:00+00:00,C007,0.4879348024701765,0.0,0.0,0.4879348024701765
2026-01-07 03:30:00+00:00,C007,0.49681001490245447,0.0,0.0,0.49681001490245447
2026-01-07 03:45:00+00:00,C007,0.45134416677937106,0.0,0.0,0.45134416677937106
2026-01-07 04:00:00+00:00,C007,0.4448813494825768,0.0,0.0,0.4448813494825768
2026-01-07 04:15:00+00:00,C007,0.4879073295373968,0.0,0.0,0.4879073295373968
2026-01-07 04:30:00+00:00,C007,0.6028830677303804,0.0,0.0,0.6028830677303804
2026-01-07 04:45:00+00:00,C007,0.5686700598930338,0.0,0.0,0.5686700598930338
2026-01-07 05:00:00+00:00,C007,0.6879184569873306,0.0,0.0,0.6879184569873306
2026-01-07 05:15:00+00:00,C007,0.7041619854899949,0.0,0.0,0.7041619854899949
2026-01-07 05:30:00+00:00,C007,0.7728523444732769,0.0,0.0,0.7728523444732769
2026-01-07 05:45:00+00:00,C007,0.8560591409474004,0.0,0.0,0.8560591409474004
2026-01-07 06:00:00+00:00,C007,0.9337944033188854,0.0,0.0,0.9337944033188854
2026-01-07 06:15:00+00:00,C007,1.0083522247833274,0.0,0.0,1.0083522247833274
2026-01-07 06:30:00+00:00,C007,1.0386667406412367,0.0,0.0,1.0386667406412367
2026-01-07 06:45:00+00:00,C007,1.1788292491463574,0.0,0.0,1.1788292491463574
2026-01-07 07:00:00+00:00,C007,1.1961661628770948,0.0,0.0,1.1961661628770948
2026-01-07 07:15:00+00:00,C007,1.1781818530691492,0.040693348763838025,0.0,1.1374885043053111
2026-01-07 07:30:00+00:00,C007,1.2448461902408003,0.1002835074066913,0.0,1.1445626828341091
2026-01-07 07:45:00+00:00,C007,1.212672745286335,0.16234732511951844,0.0,1.0503254201668166
2026-01-07 08:00:00+00:00,C007,1.2461370306462132,0.1695604463199269,0.0,1.0765765843262862
2026-01-07 08:15:00+00:00,C007,1.1157534839745364,0.33832257585771935,0.0,0.7774309081168171
2026-01-07 08:30:00+00:00,C007,1.050987855738872,0.3923313313026567,0.0,0.6586565244362155
2026-01-07 08:45:00+00:00,C007,1.0628290567306733,0.30125286987858724,0.0,0.7615761868520861
2026-01-07 09:00:00+00:00,C007,0.9996166470068739,0.3802074495440739,0.0,0.6194091974628
2026-01-07 09:15:00+00:00,C007,0.868771788320452,0.40514100088763366,0.0,0.4636307874328183
2026-01-07 09:30:00+00:00,C007,0.7718070846365619,0.5509843451102929,0.0,0.22082273952626896
2026-01-07 09:45:00+00:00,C007,0.710850766524586,0.4897078126368695,0.0,0.2211429538877165
2026-01-07 10:00:00+00:00,C007,0.6797613066257261,0.3663924705144924,0.0,0.3133688361112337
2026-01-07 10:15:00+00:00,C007,0.5827969547966174,0.470147139728737,0.0,0.11264981506788041
2026-01-07 10:30:00+00:00,C007,0.5417435244089522,0.5471317765543374,0.0,-0.005388252145385186
2026-01-07 10:45:00+00:00,C007,0.5669527338360165,0.6210305677535609,0.0,-0.05407783391754439
2026-01-07 11:00:00+00:00,C007,0.501144550142815,0.6319797656539564,0.0,-0.1308352155111414
2026-01-07 11:15:00+00:00,C007,0.5338044006916243,0.8133569219887483,0.0,-0.27955252129712405
2026-01-07 11:30:00+00:00,C007,0.4241528501402277,0.5852641643768428,0.0,-0.16111131423661512
2026-01-07 11:45:00+00:00,C007,0.47978941425172533,0.528687585836881,0.0,-0.04889817158515569
2026-01-07 12:00:00+00:00,C007,0.5124927948901754,0.7718773588589058,0.0,-0.25938456396873044
2026-01-07 12:15:00+00:00,C007,0.45608894084048734,0.6748210616914855,0.0,-0.21873212085099814
2026-01-07 12:30:00+00:00,C007,0.4458104888183829,0.7154600841740447,0.0,-0.2696495953556618
2026-01-07 12:45:00+00:00,C007,0.40657210722631787,0.6830900748670227,0.0,-0.2765179676407048
2026-01-07 13:00:00+00:00,C007,0.49682823314918656,0.5680564368679775,0.0,-0.0712282037187909
2026-01-07 13:15:00+00:00,C007,0.4589557627558206,0.7490743823328321,0.0,-0.29011861957701146
2026-01-07 13:30:00+00:00,C007,0.4557003121001606,0.4778079122444951,0.0,-0.022107600144334494
2026-01-07 13:45:00+00:00,C007,0.4256612832669601,0.44347287978969013,0.0,-0.01781159652273001
2026-01-07 14:00:00+00:00,C007,0.5514214135884242,0.5012729921444036,0.0,0.05014842144402065
2026-01-07 14:15:00+00:00,C007,0.5747903707935205,0.6408799859391145,0.0,-0.06608961514559408
2026-01-07 14:30:00+00:00,C007,0.5498245383987923,0.4888177960784541,0.0,0.0610067423203382
2026-01-07 14:45:00+00:00,C007,0.5471040094499376,0.3017933107035035,0.0,0.24531069874643413
2026-01-07 15:00:00+00:00,C007,0.6635442356150562,0.5102120713644434,0.0,0.1533321642506128
2026-01-07 15:15:00+00:00,C007,0.6602834675133556,0.32465619737793255,0.0,0.3356272701354231
2026-01-07 15:30:00+00:00,C007,0.6649636781610186,0.31966574310911133,0.0,0.3452979350519073
2026-01-07 15:45:00+00:00,C007,0.6988943714785193,0.19237152529743698,0.0,0.5065228461810823
2026-01-07 16:00:00+00:00,C007,0.8213677045489242,0.20117591495964132,0.0,0.6201917895892828
2026-01-07 16:15:00+00:00,C007,0.8239890608753975,0.12634369428205086,0.0,0.6976453665933466
2026-01-07 16:30:00+00:00,C007,0.8880617004913977,0.08199269458016262,0.0,0.806069005911235
2026-01-07 16:45:00+00:00,C007,1.0346524556051182,0.03553302602780083,0.0,0.9991194295773174
2026-01-07 17:00:00+00:00,C007,1.0709686522391586,7.353881138382082e-17,0.0,1.0709686522391586
2026-01-07 17:15:00+00:00,C007,1.1599637239436498,0.0,0.0,1.1599637239436498
2026-01-07 17:30:00+00:00,C007,1.1583004284821863,0.0,0.0,1.1583004284821863
2026-01-07 17:45:00+00:00,C007,1.3034814988911103,0.0,0.0,1.3034814988911103
2026-01-07 18:00:00+00:00,C007,1.387466033951197,0.0,0.0,1.387466033951197
2026-01-07 18:15:00+00:00,C007,1.3357574397058596,0.0,0.0,1.3357574397058596
2026-01-07 18:30:00+00:00,C007,1.3356776708428282,0.0,0.0,1.3356776708428282
2026-01-07 18:45:00+00:00,C007,1.312398839972665,0.0,0.0,1.312398839972665
2026-01-07 19:00:00+00:00,C007,1.4111355486819466,0.0,0.0,1.4111355486819466
2026-01-07 19:15:00+00:00,C007,1.38396546158902,0.0,0.0,1.38396546158902
2026-01-07 19:30:00+00:00,C007,1.3882589133293204,0.0,0.0,1.3882589133293204
2026-01-07 19:45:00+00:00,C007,1.307931897565231,0.0,0.0,1.307931897565231
2026-01-07 20:00:00+00:00,C007,1.3294324622540379,0.0,0.0,1.3294324622540379
2026-01-07 20:15:00+00:00,C007,1.2516631454067202,0.0,0.0,1.2516631454067202
2026-01-07 20:30:00+00:00,C007,1.1220129079877266,0.0,0.0,1.1220129079877266
2026-01-07 20:45:00+00:00,C007,1.1549029782120868,0.0,0.0,1.1549029782120868
2026-01-07 21:00:00+00:00,C007,1.0454086041997974,0.0,0.0,1.0454086041997974
2026-01-07 21:15:00+00:00,C007,0.9973051048002831,0.0,0.0,0.9973051048002831
2026-01-07 21:30:00+00:00,C007,0.9069428739502174,0.0,0.0,0.9069428739502174
2026-01-07 21:45:00+00:00,C007,0.8539965096682575,0.0,0.0,0.8539965096682575
2026-01-07 22:00:00+00:00,C007,0.7631608561565323,0.0,0.0,0.7631608561565323
2026-01-07 22:15:00+00:00,C007,0.7439856813267125,0.0,0.0,0.7439856813267125
2026-01-07 22:30:00+00:00,C007,0.6546413794118556,0.0,0.0,0.6546413794118556
2026-01-07 22:45:00+00:00,C007,0.6201497735887562,0.0,0.0,0.6201497735887562
2026-01-07 23:00:00+00:00,C007,0.5846163171264164,0.0,0.0,0.5846163171264164
2026-01-07 23:15:00+00:00,C007,0.5527698544586654,0.0,0.0,0.5527698544586654
2026-01-07 23:30:00+00:00,C007,0.5024432296962082,0.0,0.0,0.5024432296962082
2026-01-07 23:45:00+00:00,C007,0.4885278147903597,0.0,0.0,0.4885278147903597
2026-01-01 00:00:00+00:00,C008,7.712054538010563,0.0,7.4,7.712054538010563
2026-01-01 00:15:00+00:00,C008,0.24661468601343822,0.0,0.0,0.24661468601343822
2026-01-01 00:30:00+00:00,C008,7.691092682334465,0.0,7.4,7.691092682334465
2026-01-01 00:45:00+00:00,C008,7.738314580099461,0.0,7.4,7.738314580099461
2026-01-01 01:00:00+00:00,C008,7.727416859816742,0.0,7.4,7.727416859816742
2026-01-01 01:15:00+00:00,C008,0.332977411872088,0.0,0.0,0.332977411872088
2026-01-01 01:30:00+00:00,C008,0.23211005276309793,0.0,0.0,0.23211005276309793
2026-01-01 01:45:00+00:00,C008,0.31653567834792296,0.0,0.0,0.31653567834792296
2026-01-01 02:00:00+00:00,C008,0.33936771686807815,0.0,0.0,0.33936771686807815
2026-01-01 02:15:00+00:00,C008,0.3518896522790174,0.0,0.0,0.3518896522790174
2026-01-01 02:30:00+00:00,C008,0.35877785362918596,0.0,0.0,0.35877785362918596
2026-01-01 02:45:00+00:00,C008,0.328388712190248,0.0,0.0,0.328388712190248
2026-01-01 03:00:00+00:00,C008,0.33957202109936274,0.0,0.0,0.33957202109936274
2026-01-01 03:15:00+00:00,C008,0.30380262453220896,0.0,0.0,0.30380262453220896
2026-01-01 03:30:00+00:00,C008,0.3505960136602463,0.0,0.0,0.3505960136602463
2026-01-01 03:45:00+00:00,C008,0.3395828635616554,0.0,0.0,0.3395828635616554
2026-01-01 04:00:00+00:00,C008,0.3282550069704582,0.0,0.0,0.3282550069704582
2026-01-01 04:15:00+00:00,C008,0.3811207643416881,0.0,0.0,0.3811207643416881
2026-01-01 04:30:00+00:00,C008,0.4701704692849595,0.0,0.0,0.4701704692849595
2026-01-01 04:45:00+00:00,C008,0.4568944278185824,0.0,0.0,0.4568944278185824
2026-01-01 05:00:00+00:00,C008,0.5128233687461184,0.0,0.0,0.5128233687461184
2026-01-01 05:15:00+00:00,C008,0.5434558549059707,0.0,0.0,0.5434558549059707
2026-01-01 05:30:00+00:00,C008,0.5388301905989954,0.0,0.0,0.5388301905989954
2026-01-01 05:45:00+00:00,C008,0.6959825470142795,0.0,0.0,0.6959825470142795
2026-01-01 06:00:00+00:00,C008,0.6695264689091497,0.0,0.0,0.6695264689091497
2026-01-01 06:15:00+00:00,C008,0.780451086271551,0.0,0.0,0.780451086271551
2026-01-01 06:30:00+00:00,C008,0.8415067629515739,0.0,0.0,0.8415067629515739
2026-01-01 06:45:00+00:00,C008,0.9044141994936811,0.0,0.0,0.9044141994936811
2026-01-01 07:00:00+00:00,C008,0.9127019130039717,0.0,0.0,0.9127019130039717
2026-01-01 07:15:00+00:00,C008,0.9000321959466437,0.15647715429594383,0.0,0.7435550416507
2026-01-01 07:30:00+00:00,C008,0.9145103906761956,0.345047249847745,0.0,0.5694631408284505
2026-01-01 07:45:00+00:00,C008,0.9522488117986225,0.44732213611511984,0.0,0.5049266756835027
2026-01-01 08:00:00+00:00,C008,0.9289802843597977,0.4910897438465462,0.0,0.43789054051325155
2026-01-01 08:15:00+00:00,C008,0.9513103612062789,0.8243264130636931,0.0,0.12698394814258573
2026-01-01 08:30:00+00:00,C008,0.809905796307223,0.964224375889071,0.0,-0.15431857958184791
2026-01-01 08:45:00+00:00,C008,0.7898904265322938,0.885226844419585,0.0,-0.09533641788729119
2026-01-01 09:00:00+00:00,C008,0.7409144839918921,1.1198761431183855,0.0,-0.3789616591264934
2026-01-01 09:15:00+00:00,C008,0.7110991327827072,1.0695969582906557,0.0,-0.3584978255079485
2026-01-01 09:30:00+00:00,C008,0.6176372548291627,1.2901679171595815,0.0,-0.6725306623304188
2026-01-01 09:45:00+00:00,C008,0.5752969791970738,1.224650323432748,0.0,-0.6493533442356741
2026-01-01 10:00:00+00:00,C008,0.4987422668773058,1.694847624535881,0.0,-1.1961053576585752
2026-01-01 10:15:00+00:00,C008,0.4793858452569828,1.5294635333895064,0.0,-1.0500776881325236
2026-01-01 10:30:00+00:00,C008,0.3990499801871394,1.6401308751058965,0.0,-1.241080894918757
2026-01-01 10:45:00+00:00,C008,0.3323110073183637,1.9564751588392104,0.0,-1.6241641515208467
2026-01-01 11:00:00+00:00,C008,0.404256683634915,2.0995549549855257,0.0,-1.6952982713506106
2026-01-01 11:15:00+00:00,C008,0.39072765572795676,1.5153091501376859,0.0,-1.1245814944097292
2026-01-01 11:30:00+00:00,C008,0.3771355026001457,1.8223647402320067,0.0,-1.445229237631861
2026-01-01 11:45:00+00:00,C008,0.34450325910858787,2.021788440315986,0.0,-1.677285181207398
2026-01-01 12:00:00+00:00,C008,0.397183641125542,1.7564214834806373,0.0,-1.3592378423550953
2026-01-01 12:15:00+00:00,C008,0.3403305479172138,1.395896846626046,0.0,-1.0555662987088321
2026-01-01 12:30:00+00:00,C008,0.36445549727787635,2.3344364159748268,0.0,-1.9699809186969504
2026-01-01 12:45:00+00:00,C008,0.3682048137884797,2.074301174131915,0.0,-1.7060963603434351
2026-01-01 13:00:00+00:00,C008,0.4193932374191552,1.8670669479217958,0.0,-1.4476737105026407
2026-01-01 13:15:00+00:00,C008,0.35497590226406256,1.1806057528081164,0.0,-0.8256298505440538
2026-01-01 13:30:00+00:00,C008,0.35299020843174334,1.4321887592846134,0.0,-1.07919855085287
2026-01-01 13:45:00+00:00,C008,0.33855681631357415,1.247898362091294,0.0,-0.9093415457777199
2026-01-01 14:00:00+00:00,C008,0.43982397675270785,1.619048038177348,0.0,-1.17922406142464
2026-01-01 14:15:00+00:00,C008,0.40692186020192966,1.513381437530288,0.0,-1.1064595773283585
2026-01-01 14:30:00+00:00,C008,0.447752104582631,1.0883039573140234,0.0,-0.6405518527313925
2026-01-01 14:45:00+00:00,C008,0.5343979000176733,1.068671498553715,0.0,-0.5342735985360416
2026-01-01 15:00:00+00:00,C008,0.5048638698318993,0.8826563121313815,0.0,-0.37779244229948217
2026-01-01 15:15:00+00:00,C008,0.47493909041429266,0.8921671132912937,0.0,-0.41722802287700106
2026-01-01 15:30:00+00:00,C008,0.5392285227365118,0.7133708311009089,0.0,-0.17414230836439715
2026-01-01 15:45:00+00:00,C008,0.5510775410625286,0.6131795868117272,0.0,-0.06210204574919864
2026-01-01 16:00:00+00:00,C008,0.6105509988652696,0.4397334004908234,0.0,0.17081759837444627
2026-01-01 16:15:00+00:00,C008,0.6557716670391218,0.32966010487473624,0.0,0.3261115621643856
2026-01-01 16:30:00+00:00,C008,0.7174879548391492,0.32867037671006927,0.0,0.3888175781290799
2026-01-01 16:45:00+00:00,C008,0.7463797995915334,0.17871429178832457,0.0,0.5676655078032089
2026-01-01 17:00:00+00:00,C008,0.8621033298307914,1.6546489185205444e-16,0.0,0.8621033298307913
2026-01-01 17:15:00+00:00,C008,0.8923536750118121,0.0,0.0,0.8923536750118121
2026-01-01 17:30:00+00:00,C008,0.9445849796865999,0.0,0.0,0.9445849796865999
2026-01-01 17:45:00+00:00,C008,1.017778870276979,0.0,0.0,1.017778870276979
2026-01-01 18:00:00+00:00,C008,1.0397237030748356,0.0,0.0,1.0397237030748356
2026-01-01 18:15:00+00:00,C008,1.027491101708848,0.0,0.0,1.027491101708848
2026-01-01 18:30:00+00:00,C008,1.0711587145107455,0.0,0.0,1.0711587145107455
2026-01-01 18:45:00+00:00,C008,1.0483124913851063,0.0,0.0,1.0483124913851063
2026-01-01 19:00:00+00:00,C008,1.0982560620701929,0.0,0.0,1.0982560620701929
2026-01-01 19:15:00+00:00,C008,1.0784451639626782,0.0,0.0,1.0784451639626782
2026-01-01 19:30:00+00:00,C008,1.0283297421262871,0.0,0.0,1.0283297421262871
2026-01-01 19:45:00+00:00,C008,1.0121005164907457,0.0,0.0,1.0121005164907457
2026-01-01 20:00:00+00:00,C008,1.0208174356661095,0.0,0.0,1.0208174356661095
2026-01-01 20:15:00+00:00,C008,0.9388299877497713,0.0,0.0,0.9388299877497713
2026-01-01 20:30:00+00:00,C008,0.9154031278062409,0.0,0.0,0.9154031278062409
2026-01-01 20:45:00+00:00,C008,0.866916483380001,0.0,0.0,0.866916483380001
2026-01-01 21:00:00+00:00,C008,0.8002539064754237,0.0,0.0,0.8002539064754237
2026-01-01 21:15:00+00:00,C008,0.7115273327320399,0.0,0.0,0.7115273327320399
2026-01-01 21:30:00+00:00,C008,0.6900320577991081,0.0,0.0,0.6900320577991081
2026-01-01 21:45:00+00:00,C008,0.6283058687214068,0.0,0.0,0.6283058687214068
2026-01-01 22:00:00+00:00,C008,7.945650706821199,0.0,7.4,7.945650706821199
2026-01-01 22:15:00+00:00,C008,7.926960501597233,0.0,7.4,7.926960501597233
2026-01-01 22:30:00+00:00,C008,7.912386428766814,0.0,7.4,7.912386428766814
2026-01-01 22:45:00+00:00,C008,0.5156103300344907,0.0,0.0,0.5156103300344907
2026-01-01 23:00:00+00:00,C008,7.866164115506182,0.0,7.4,7.866164115506182
2026-01-01 23:15:00+00:00,C008,7.741057278498137,0.0,7.4,7.741057278498137
2026-01-01 23:30:00+00:00,C008,7.82983914778737,0.0,7.4,7.82983914778737
2026-01-01 23:45:00+00:00,C008,0.372258807075849,0.0,0.0,0.372258807075849
2026-01-02 00:00:00+00:00,C008,0.32129226798578864,0.0,0.0,0.32129226798578864
2026-01-02 00:15:00+00:00,C008,0.3074399424811442,0.0,0.0,0.3074399424811442
2026-01-02 00:30:00+00:00,C008,0.29522104467858,0.0,0.0,0.29522104467858
2026-01-02 00:45:00+00:00,C008,7.709073549076401,0.0,7.4,7.709073549076401
2026-01-02 01:00:00+00:00,C008,7.710519157984545,0.0,7.4,7.710519157984545
2026-01-02 01:15:00+00:00,C008,7.743012654642441,0.0,7.4,7.743012654642441
2026-01-02 01:30:00+00:00,C008,0.31577293894019665,0.0,0.0,0.31577293894019665
2026-01-02 01:45:00+00:00,C008,0.34446405654611745,0.0,0.0,0.34446405654611745
2026-01-02 02:00:00+00:00,C008,0.35414466532141936,0.0,0.0,0.35414466532141936
2026-01-02 02:15:00+00:00,C008,0.34430024863455766,0.0,0.0,0.34430024863455766
2026-01-02 02:30:00+00:00,C008,0.2792181994008353,0.0,0.0,0.2792181994008353
2026-01-02 02:45:00+00:00,C008,0.3663919875183738,0.0,0.0,0.3663919875183738
2026-01-02 03:00:00+00:00,C008,0.31626499463966407,0.0,0.0,0.31626499463966407
2026-01-02 03:15:00+00:00,C008,0.37538582163668704,0.0,0.0,0.37538582163668704
2026-01-02 03:30:00+00:00,C008,0.3183256172619895,0.0,0.0,0.3183256172619895
2026-01-02 03:45:00+00:00,C008,0.32443608076925157,0.0,0.0,0.32443608076925157
2026-01-02 04:00:00+00:00,C008,0.44017520985689723,0.0,0.0,0.44017520985689723
2026-01-02 04:15:00+00:00,C008,0.3784405145431401,0.0,0.0,0.3784405145431401
2026-01-02 04:30:00+00:00,C008,0.45506026540751293,0.0,0.0,0.45506026540751293
2026-01-02 04:45:00+00:00,C008,0.46127434031348796,0.0,0.0,0.46127434031348796
2026-01-02 05:00:00+00:00,C008,0.4774090639465735,0.0,0.0,0.4774090639465735
2026-01-02 05:15:00+00:00,C008,0.537040864407397,0.0,0.0,0.537040864407397
2026-01-02 05:30:00+00:00,C008,0.5348441476353524,0.0,0.0,0.5348441476353524
2026-01-02 05:45:00+00:00,C008,0.652848824086504,0.0,0.0,0.652848824086504
2026-01-02 06:00:00+00:00,C008,0.693180387170902,0.0,0.0,0.693180387170902
2026-01-02 06:15:00+00:00,C008,0.7593151825180817,0.0,0.0,0.7593151825180817
2026-01-02 06:30:00+00:00,C008,0.8563375947211145,0.0,0.0,0.8563375947211145
2026-01-02 06:45:00+00:00,C008,0.8681682490803722,0.0,0.0,0.8681682490803722
2026-01-02 07:00:00+00:00,C008,0.8611007127113053,0.0,0.0,0.8611007127113053
2026-01-02 07:15:00+00:00,C008,0.9698204759145037,0.13786966511804485,0.0,0.8319508107964588
2026-01-02 07:30:00+00:00,C008,0.9311982686315202,0.27861080675367733,0.0,0.6525874618778429
2026-01-02 07:45:00+00:00,C008,0.9520814666432541,0.484736496237389,0.0,0.4673449704058651
2026-01-02 08:00:00+00:00,C008,0.9610859329078859,0.7239301784444082,0.0,0.2371557544634777
2026-01-02 08:15:00+00:00,C008,0.8972598599110759,0.928120100032447,0.0,-0.03086024012137112
2026-01-02 08:30:00+00:00,C008,0.8087727299665629,0.9231193581190997,0.0,-0.11434662815253682
2026-01-02 08:45:00+00:00,C008,0.8557182849910057,1.0650260758789225,0.0,-0.20930779088791684
2026-01-02 09:00:00+00:00,C008,0.7103058983386161,1.0549111311992407,0.0,-0.3446052328606246
2026-01-02 09:15:00+00:00,C008,0.6583431522366653,1.2099960664242848,0.0,-0.5516529141876195
2026-01-02 09:30:00+00:00,C008,0.604083751758775,1.576219074539334,0.0,-0.972135322780559
2026-01-02 09:45:00+00:00,C008,0.5925696574471521,1.947356973884371,0.0,-1.354787316437219
2026-01-02 10:00:00+00:00,C008,0.4818027419610981,1.8710831914773944,0.0,-1.3892804495162963
2026-01-02 10:15:00+00:00,C008,0.4079078734948771,1.8548221838700942,0.0,-1.4469143103752171
2026-01-02 10:30:00+00:00,C008,0.3932799712574616,2.0583685950761685,0.0,-1.6650886238187068
2026-01-02 10:45:00+00:00,C008,0.4223255005840413,2.2474218824050873,0.0,-1.8250963818210462
2026-01-02 11:00:00+00:00,C008,0.40785753851789985,2.103245595753929,0.0,-1.6953880572360291
2026-01-02 11:15:00+00:00,C008,0.37127595665134683,2.3749933898828584,0.0,-2.0037174332315115
2026-01-02 11:30:00+00:00,C008,0.41783514391982385,2.4626294387158607,0.0,-2.044794294796037
2026-01-02 11:45:00+00:00,C008,0.3752884346917629,2.234411320133197,0.0,-1.8591228854414341
2026-01-02 12:00:00+00:00,C008,0.3477755349660948,2.4600035550323844,0.0,-2.1122280200662895
2026-01-02 12:15:00+00:00,C008,0.3455781813500712,2.284492856343356,0.0,-1.9389146749932848
2026-01-02 12:30:00+00:00,C008,0.3610916799342567,2.2704909635448898,0.0,-1.909399283610633
2026-01-02 12:45:00+00:00,C008,0.3239683797647088,2.641488936744487,0.0,-2.3175205569797783
2026-01-02 13:00:00+00:00,C008,0.34321299900474256,2.4200712967146054,0.0,-2.0768582977098626
2026-01-02 13:15:00+00:00,C008,0.36337551361376624,1.8603505416972281,0.0,-1.496975028083462
2026-01-02 13:30:00+00:00,C008,0.3126438757798971,2.4675147585459536,0.0,-2.1548708827660565
2026-01-02 13:45:00+00:00,C008,0.3737205057080931,2.6061340459094025,0.0,-2.232413540201309
2026-01-02 14:00:00+00:00,C008,0.388038277690112,2.4264945575662837,0.0,-2.0384562798761716
2026-01-02 14:15:00+00:00,C008,0.4341983478914513,1.8828617644413588,0.0,-1.4486634165499075
2026-01-02 14:30:00+00:00,C008,0.3636512184608806,1.7612689346990682,0.0,-1.3976177162381875
2026-01-02 14:45:00+00:00,C008,0.41353391095506015,1.6549420122144558,0.0,-1.2414081012593956
2026-01-02 15:00:00+00:00,C008,0.45343696743308737,1.2837479714781406,0.0,-0.8303110040450532
2026-01-02 15:15:00+00:00,C008,0.5190578863065725,1.7272908107189637,0.0,-1.2082329244123913
2026-01-02 15:30:00+00:00,C008,0.5416968317800316,1.1108507137851713,0.0,-0.5691538820051397
2026-01-02 15:45:00+00:00,C008,0.6463140474950447,0.8150167689116286,0.0,-0.16870272141658382
2026-01-02 16:00:00+00:00,C008,0.6542915987052258,0.8992849420780055,0.0,-0.24499334337277967
2026-01-02 16:15:00+00:00,C008,0.6663668004027676,0.6330329947529918,0.0,0.03333380564977584
2026-01-02 16:30:00+00:00,C008,0.6890971237076674,0.44307634439180854,0.0,0.24602077931585886
2026-01-02 16:45:00+00:00,C008,0.7702764058209525,0.22650406436835738,0.0,0.5437723414525951
2026-01-02 17:00:00+00:00,C008,0.8261660432597484,3.354663428953282e-16,0.0,0.8261660432597481
2026-01-02 17:15:00+00:00,C008,0.8412668383546498,0.0,0.0,0.8412668383546498
2026-01-02 17:30:00+00:00,C008,0.863997791474604,0.0,0.0,0.863997791474604
2026-01-02 17:45:00+00:00,C008,0.9565687945368506,0.0,0.0,0.9565687945368506
2026-01-02 18:00:00+00:00,C008,1.031124637603109,0.0,0.0,1.031124637603109
2026-01-02 18:15:00+00:00,C008,0.9358199886747935,0.0,0.0,0.9358199886747935
2026-01-02 18:30:00+00:00,C008,1.0994639341215833,0.0,0.0,1.0994639341215833
2026-01-02 18:45:00+00:00,C008,1.0278755169824267,0.0,0.0,1.0278755169824267
2026-01-02 19:00:00+00:00,C008,0.9877480701085841,0.0,0.0,0.9877480701085841
2026-01-02 19:15:00+00:00,C008,0.9570410464007973,0.0,0.0,0.9570410464007973
2026-01-02 19:30:00+00:00,C008,0.9975848732491185,0.0,0.0,0.9975848732491185
2026-01-02 19:45:00+00:00,C008,0.9930887752724112,0.0,0.0,0.9930887752724112
2026-01-02 20:00:00+00:00,C008,0.926857870640862,0.0,0.0,0.926857870640862
2026-01-02 20:15:00+00:00,C008,0.9439797883112743,0.0,0.0,0.9439797883112743
2026-01-02 20:30:00+00:00,C008,0.868786563067815,0.0,0.0,0.868786563067815
2026-01-02 20:45:00+00:00,C008,0.7967955699483046,0.0,0.0,0.7967955699483046
2026-01-02 21:00:00+00:00,C008,0.7489396904079813,0.0,0.0,0.7489396904079813
2026-01-02 21:15:00+00:00,C008,0.732286243706768,0.0,0.0,0.732286243706768
2026-01-02 21:30:00+00:00,C008,0.6983306298380543,0.0,0.0,0.6983306298380543
2026-01-02 21:45:00+00:00,C008,0.5954676523705036,0.0,0.0,0.5954676523705036
2026-01-02 22:00:00+00:00,C008,0.6104919381138942,0.0,0.0,0.6104919381138942
2026-01-02 22:15:00+00:00,C008,7.907935027752481,0.0,7.4,7.907935027752481
2026-01-02 22:30:00+00:00,C008,7.8786835444512615,0.0,7.4,7.8786835444512615
2026-01-02 22:45:00+00:00,C008,0.4689139211564385,0.0,0.0,0.4689139211564385
2026-01-02 23:00:00+00:00,C008,0.4871000608456041,0.0,0.0,0.4871000608456041
2026-01-02 23:15:00+00:00,C008,0.39478910905415726,0.0,0.0,0.39478910905415726
2026-01-02 23:30:00+00:00,C008,7.755888980417926,0.0,7.4,7.755888980417926
2026-01-02 23:45:00+00:00,C008,0.4029319220735887,0.0,0.0,0.4029319220735887
2026-01-03 00:00:00+00:00,C008,0.3932546489729244,0.0,0.0,0.3932546489729244
2026-01-03 00:15:00+00:00,C008,0.32446581507729044,0.0,0.0,0.32446581507729044
2026-01-03 00:30:00+00:00,C008,0.3766876789028161,0.0,0.0,0.3766876789028161
2026-01-03 00:45:00+00:00,C008,0.3720421431762388,0.0,0.0,0.3720421431762388
2026-01-03 01:00:00+00:00,C008,0.3144793994122967,0.0,0.0,0.3144793994122967
2026-01-03 01:15:00+00:00,C008,7.744012350617304,0.0,7.4,7.744012350617304
2026-01-03 01:30:00+00:00,C008,0.3049690749783853,0.0,0.0,0.3049690749783853
2026-01-03 01:45:00+00:00,C008,0.3416396442968848,0.0,0.0,0.3416396442968848
2026-01-03 02:00:00+00:00,C008,0.328688875794673,0.0,0.0,0.328688875794673
2026-01-03 02:15:00+00:00,C008,0.33115298907686147,0.0,0.0,0.33115298907686147
2026-01-03 02:30:00+00:00,C008,0.334399617390048,0.0,0.0,0.334399617390048
2026-01-03 02:45:00+00:00,C008,0.34886165303317335,0.0,0.0,0.34886165303317335
2026-01-03 03:00:00+00:00,C008,0.3990977587091762,0.0,0.0,0.3990977587091762
2026-01-03 03:15:00+00:00,C008,0.37184740536772287,0.0,0.0,0.37184740536772287
2026-01-03 03:30:00+00:00,C008,0.33492627157737137,0.0,0.0,0.33492627157737137
2026-01-03 03:45:00+00:00,C008,0.38393933530244184,0.0,0.0,0.38393933530244184
2026-01-03 04:00:00+00:00,C008,0.3747048754896845,0.0,0.0,0.3747048754896845
2026-01-03 04:15:00+00:00,C008,0.44487942371482325,0.0,0.0,0.44487942371482325
2026-01-03 04:30:00+00:00,C008,0.46948259965074635,0.0,0.0,0.46948259965074635
2026-01-03 04:45:00+00:00,C008,0.5180835402468802,0.0,0.0,0.5180835402468802
2026-01-03 05:00:00+00:00,C008,0.516850411008182,0.0,0.0,0.516850411008182
2026-01-03 05:15:00+00:00,C008,0.6048071676548247,0.0,0.0,0.6048071676548247
2026-01-03 05:30:00+00:00,C008,0.6405133807775661,0.0,0.0,0.6405133807775661
2026-01-03 05:45:00+00:00,C008,0.6675235535994851,0.0,0.0,0.6675235535994851
2026-01-03 06:00:00+00:00,C008,0.7975724045285862,0.0,0.0,0.7975724045285862
2026-01-03 06:15:00+00:00,C008,0.8546750646911045,0.0,0.0,0.8546750646911045
2026-01-03 06:30:00+00:00,C008,0.9488336815069495,0.0,0.0,0.9488336815069495
2026-01-03 06:45:00+00:00,C008,0.9634791399959919,0.0,0.0,0.9634791399959919
2026-01-03 07:00:00+00:00,C008,1.0621979140113609,0.0,0.0,1.0621979140113609
2026-01-03 07:15:00+00:00,C008,1.0216433672549778,0.23868778126772408,0.0,0.7829555859872538
2026-01-03 07:30:00+00:00,C008,1.0754340275949827,0.4912183861748827,0.0,0.5842156414201001
2026-01-03 07:45:00+00:00,C008,1.0484967404360066,0.6420509664150071,0.0,0.40644577402099946
2026-01-03 08:00:00+00:00,C008,1.0108392062554872,1.0009344421831172,0.0,0.009904764072369954
2026-01-03 08:15:00+00:00,C008,0.8918653406315259,1.258752001904646,0.0,-0.3668866612731202
2026-01-03 08:30:00+00:00,C008,0.8718658926411533,1.3184687464631808,0.0,-0.44660285382202747
2026-01-03 08:45:00+00:00,C008,0.8339962246172636,1.8153084547458436,0.0,-0.9813122301285799
2026-01-03 09:00:00+00:00,C008,0.7941196871550987,1.7176200526694196,0.0,-0.9235003655143209
2026-01-03 09:15:00+00:00,C008,0.7830802750562877,1.948194438914953,0.0,-1.1651141638586653
2026-01-03 09:30:00+00:00,C008,0.6455079729660306,2.1683058219535862,0.0,-1.5227978489875555
2026-01-03 09:45:00+00:00,C008,0.5937596252931863,1.9522437696615147,0.0,-1.3584841443683284
2026-01-03 10:00:00+00:00,C008,0.522642301422621,2.582101692505874,0.0,-2.0594593910832533
2026-01-03 10:15:00+00:00,C008,0.4817151504650891,2.0653838439394048,0.0,-1.5836686934743156
2026-01-03 10:30:00+00:00,C008,0.5127957631149146,2.733086193395288,0.0,-2.2202904302803734
2026-01-03 10:45:00+00:00,C008,0.4978028528248853,3.1049315634129235,0.0,-2.607128710588038
2026-01-03 11:00:00+00:00,C008,0.4234268893508098,2.825402768694471,0.0,-2.401975879343661
2026-01-03 11:15:00+00:00,C008,0.39111830027432576,3.19954242067175,0.0,-2.808424120397424
2026-01-03 11:30:00+00:00,C008,0.3739063659287201,3.1517522882651554,0.0,-2.7778459223364353
2026-01-03 11:45:00+00:00,C008,0.4360272466281469,2.8477947368923666,0.0,-2.4117674902642197
2026-01-03 12:00:00+00:00,C008,0.4282012642978395,2.8038359058174103,0.0,-2.3756346415195706
2026-01-03 12:15:00+00:00,C008,0.38285329542365215,3.1216359020267332,0.0,-2.738782606603081
2026-01-03 12:30:00+00:00,C008,0.356136626842064,2.631954141310517,0.0,-2.275817514468453
2026-01-03 12:45:00+00:00,C008,0.3579278657161763,2.535783444791281,0.0,-2.177855579075105
2026-01-03 13:00:00+00:00,C008,0.37749355800327566,2.3963610192900155,0.0,-2.0188674612867397
2026-01-03 13:15:00+00:00,C008,0.42099965814945106,2.5581054310073945,0.0,-2.1371057728579435
2026-01-03 13:30:00+00:00,C008,0.34896864453678345,2.2471792507257646,0.0,-1.8982106061889812
2026-01-03 13:45:00+00:00,C008,0.38729769538395264,2.929904812315755,0.0,-2.5426071169318023
2026-01-03 14:00:00+00:00,C008,0.44918774461631455,2.4119933962340445,0.0,-1.96280565161773
2026-01-03 14:15:00+00:00,C008,0.44809700212141623,2.378269795244386,0.0,-1.9301727931229697
2026-01-03 14:30:00+00:00,C008,0.5136392645398742,2.0056629901842085,0.0,-1.4920237256443343
2026-01-03 14:45:00+00:00,C008,0.507287816989536,1.96294959544289,0.0,-1.4556617784533539
2026-01-03 15:00:00+00:00,C008,0.47028924485490087,1.7023560679670697,0.0,-1.2320668231121688
2026-01-03 15:15:00+00:00,C008,0.5608545882554845,1.2027173819030534,0.0,-0.6418627936475689
2026-01-03 15:30:00+00:00,C008,0.597503306504765,1.3051316808967866,0.0,-0.7076283743920215
2026-01-03 15:45:00+00:00,C008,0.603606672888758,1.0321280388097718,0.0,-0.42852136592101375
2026-01-03 16:00:00+00:00,C008,0.6564511466558162,0.8866498460947889,0.0,-0.23019869943897275
2026-01-03 16:15:00+00:00,C008,0.7960456364942436,0.6465400067124151,0.0,0.14950562978182858
2026-01-03 16:30:00+00:00,C008,0.7724890189659575,0.4344474296518886,0.0,0.33804158931406886
2026-01-03 16:45:00+00:00,C008,0.9152632693804214,0.20703899128392667,0.0,0.7082242780964947
2026-01-03 17:00:00+00:00,C008,0.9021911716634176,2.9661307767383417e-16,0.0,0.9021911716634172
2026-01-03 17:15:00+00:00,C008,0.9703989379831655,0.0,0.0,0.9703989379831655
2026-01-03 17:30:00+00:00,C008,1.0306768964563693,0.0,0.0,1.0306768964563693
2026-01-03 17:45:00+00:00,C008,1.0532399696297725,0.0,0.0,1.0532399696297725
2026-01-03 18:00:00+00:00,C008,1.1112247403630733,0.0,0.0,1.1112247403630733
2026-01-03 18:15:00+00:00,C008,1.0272846691593758,0.0,0.0,1.0272846691593758
2026-01-03 18:30:00+00:00,C008,1.1695443443173799,0.0,0.0,1.1695443443173799
2026-01-03 18:45:00+00:00,C008,1.0591498433941295,0.0,0.0,1.0591498433941295
2026-01-03 19:00:00+00:00,C008,1.16088038462591,0.0,0.0,1.16088038462591
2026-01-03 19:15:00+00:00,C008,1.1987297365474183,0.0,0.0,1.1987297365474183
2026-01-03 19:30:00+00:00,C008,1.1910320461973871,0.0,0.0,1.1910320461973871
2026-01-03 19:45:00+00:00,C008,1.0600298215422477,0.0,0.0,1.0600298215422477
2026-01-03 20:00:00+00:00,C008,1.0411434969123294,0.0,0.0,1.0411434969123294
2026-01-03 20:15:00+00:00,C008,0.9648734991338744,0.0,0.0,0.9648734991338744
2026-01-03 20:30:00+00:00,C008,0.960715025441269,0.0,0.0,0.960715025441269
2026-01-03 20:45:00+00:00,C008,0.8635375313878976,0.0,0.0,0.8635375313878976
2026-01-03 21:00:00+00:00,C008,0.8978148813728714,0.0,0.0,0.8978148813728714
2026-01-03 21:15:00+00:00,C008,0.8564332287564154,0.0,0.0,0.8564332287564154
2026-01-03 21:30:00+00:00,C008,0.7393160137906023,0.0,0.0,0.7393160137906023
2026-01-03 21:45:00+00:00,C008,0.7257848134656048,0.0,0.0,0.7257848134656048
2026-01-03 22:00:00+00:00,C008,0.6617391676938956,0.0,0.0,0.6617391676938956
2026-01-03 22:15:00+00:00,C008,0.6223550247888642,0.0,0.0,0.6223550247888642
2026-01-03 22:30:00+00:00,C008,7.899735171903235,0.0,7.4,7.899735171903235
2026-01-03 22:45:00+00:00,C008,7.928978719720408,0.0,7.4,7.928978719720408
2026-01-03 23:00:00+00:00,C008,0.4796675931230447,0.0,0.0,0.4796675931230447
2026-01-03 23:15:00+00:00,C008,7.853653225417175,0.0,7.4,7.853653225417175
2026-01-03 23:30:00+00:00,C008,7.852783084778025,0.0,7.4,7.852783084778025
2026-01-03 23:45:00+00:00,C008,7.862324509677967,0.0,7.4,7.862324509677967
2026-01-04 00:00:00+00:00,C008,7.734568826187323,0.0,7.4,7.734568826187323
2026-01-04 00:15:00+00:00,C008,0.35370594083025586,0.0,0.0,0.35370594083025586
2026-01-04 00:30:00+00:00,C008,0.2976734167462173,0.0,0.0,0.2976734167462173
2026-01-04 00:45:00+00:00,C008,0.3483433661660282,0.0,0.0,0.3483433661660282
2026-01-04 01:00:00+00:00,C008,7.732552943850451,0.0,7.4,7.732552943850451
2026-01-04 01:15:00+00:00,C008,7.803774679655778,0.0,7.4,7.803774679655778
2026-01-04 01:30:00+00:00,C008,0.3368393329884675,0.0,0.0,0.3368393329884675
2026-01-04 01:45:00+00:00,C008,0.3460578345139498,0.0,0.0,0.3460578345139498
2026-01-04 02:00:00+00:00,C008,0.3876347747675208,0.0,0.0,0.3876347747675208
2026-01-04 02:15:00+00:00,C008,0.36169651402992864,0.0,0.0,0.36169651402992864
2026-01-04 02:30:00+00:00,C008,0.34548788935009855,0.0,0.0,0.34548788935009855
2026-01-04 02:45:00+00:00,C008,0.4447630921853761,0.0,0.0,0.4447630921853761
2026-01-04 03:00:00+00:00,C008,0.3312486323304046,0.0,0.0,0.3312486323304046
2026-01-04 03:15:00+00:00,C008,0.3933830969962316,0.0,0.0,0.3933830969962316
2026-01-04 03:30:00+00:00,C008,0.3971665097498432,0.0,0.0,0.3971665097498432
2026-01-04 03:45:00+00:00,C008,0.4166385189767888,0.0,0.0,0.4166385189767888
2026-01-04 04:00:00+00:00,C008,0.41763794237919294,0.0,0.0,0.41763794237919294
2026-01-04 04:15:00+00:00,C008,0.44827341334098186,0.0,0.0,0.44827341334098186
2026-01-04 04:30:00+00:00,C008,0.46936669072044773,0.0,0.0,0.46936669072044773
2026-01-04 04:45:00+00:00,C008,0.4634916112736428,0.0,0.0,0.4634916112736428
2026-01-04 05:00:00+00:00,C008,0.6120161063986871,0.0,0.0,0.6120161063986871
2026-01-04 05:15:00+00:00,C008,0.57985620291768,0.0,0.0,0.57985620291768
2026-01-04 05:30:00+00:00,C008,0.669423626754415,0.0,0.0,0.669423626754415
2026-01-04 05:45:00+00:00,C008,0.7162024677272112,0.0,0.0,0.7162024677272112
2026-01-04 06:00:00+00:00,C008,0.7656440220925239,0.0,0.0,0.7656440220925239
2026-01-04 06:15:00+00:00,C008,0.8509906869851521,0.0,0.0,0.8509906869851521
2026-01-04 06:30:00+00:00,C008,0.8734876779433769,0.0,0.0,0.8734876779433769
2026-01-04 06:45:00+00:00,C008,0.995053323201991,0.0,0.0,0.995053323201991
2026-01-04 07:00:00+00:00,C008,1.0244402800891308,0.0,0.0,1.0244402800891308
2026-01-04 07:15:00+00:00,C008,1.127575968113718,0.16178832181708083,0.0,0.9657876462966373
2026-01-04 07:30:00+00:00,C008,1.0169315070088274,0.2603513207951869,0.0,0.7565801862136405
2026-01-04 07:45:00+00:00,C008,1.0730438690610669,0.345203539447234,0.0,0.7278403296138329
2026-01-04 08:00:00+00:00,C008,0.9986707335505498,0.42551799869110096,0.0,0.5731527348594488
2026-01-04 08:15:00+00:00,C008,1.0571956939733587,0.5747036820610549,0.0,0.48249201191230373
2026-01-04 08:30:00+00:00,C008,0.8990836864418104,0.8606966883588383,0.0,0.03838699808297208
2026-01-04 08:45:00+00:00,C008,0.8880608790209946,0.9158503459290787,0.0,-0.027789466908084037
2026-01-04 09:00:00+00:00,C008,0.8165051340579744,0.9544527168058825,0.0,-0.13794758274790808
2026-01-04 09:15:00+00:00,C008,0.7309567223439916,1.1669270112434864,0.0,-0.43597028889949485
2026-01-04 09:30:00+00:00,C008,0.6575529551127737,1.261090968661335,0.0,-0.6035380135485613
2026-01-04 09:45:00+00:00,C008,0.579614614665184,1.1982148322873207,0.0,-0.6186002176221367
2026-01-04 10:00:00+00:00,C008,0.6055167011315707,1.4700560382223382,0.0,-0.8645393370907675
2026-01-04 10:15:00+00:00,C008,0.49086725301172507,1.7035925158767533,0.0,-1.2127252628650282
2026-01-04 10:30:00+00:00,C008,0.48630483412683245,1.6918334956616778,0.0,-1.2055286615348453
2026-01-04 10:45:00+00:00,C008,0.4580764218987025,1.4698393787846784,0.0,-1.0117629568859758
2026-01-04 11:00:00+00:00,C008,0.4556846544463765,1.6753337611806407,0.0,-1.219649106734264
2026-01-04 11:15:00+00:00,C008,0.4450357442068621,1.610982784525965,0.0,-1.1659470403191028
2026-01-04 11:30:00+00:00,C008,0.3833630026582931,1.5352055423832607,0.0,-1.1518425397249676
2026-01-04 11:45:00+00:00,C008,0.3838973488366483,1.8379986031278206,0.0,-1.4541012542911722
2026-01-04 12:00:00+00:00,C008,0.42554681104853587,1.5136929347922994,0.0,-1.0881461237437635
2026-01-04 12:15:00+00:00,C008,0.37521388980640735,1.6085671063329738,0.0,-1.2333532165265666
2026-01-04 12:30:00+00:00,C008,0.3046128386508877,2.040276169155627,0.0,-1.735663330504739
2026-01-04 12:45:00+00:00,C008,0.41205303346470507,1.2605598697641285,0.0,-0.8485068362994235
2026-01-04 13:00:00+00:00,C008,0.3874192167968944,1.7527453755413502,0.0,-1.3653261587444558
2026-01-04 13:15:00+00:00,C008,0.4177806207755477,2.0004184156570815,0.0,-1.5826377948815338
2026-01-04 13:30:00+00:00,C008,0.45547688548033693,1.7690273012377555,0.0,-1.3135504157574185
2026-01-04 13:45:00+00:00,C008,0.4222875541376946,1.6820934720172236,0.0,-1.259805917879529
2026-01-04 14:00:00+00:00,C008,0.4552660474563013,1.344372951529659,0.0,-0.8891069040733577
2026-01-04 14:15:00+00:00,C008,0.48158841009838693,1.3302689579801439,0.0,-0.848680547881757
2026-01-04 14:30:00+00:00,C008,0.533705415275172,1.2462912668656845,0.0,-0.7125858515905125
2026-01-04 14:45:00+00:00,C008,0.46932223247927757,0.9648465290060126,0.0,-0.4955242965267351
2026-01-04 15:00:00+00:00,C008,0.5567433178859125,0.9176141657411838,0.0,-0.36087084785527135
2026-01-04 15:15:00+00:00,C008,0.5787288043337725,0.8172231035174816,0.0,-0.23849429918370912
2026-01-04 15:30:00+00:00,C008,0.6077805928531697,0.6963474510061812,0.0,-0.08856685815301157
2026-01-04 15:45:00+00:00,C008,0.6876364171354999,0.5632700515839318,0.0,0.1243663655515681
2026-01-04 16:00:00+00:00,C008,0.7117524078979677,0.6936553678192908,0.0,0.01809704007867685
2026-01-04 16:15:00+00:00,C008,0.8190452239613039,0.40753031309523213,0.0,0.4115149108660717
2026-01-04 16:30:00+00:00,C008,0.8719497963100428,0.3536304687286768,0.0,0.518319327581366
2026-01-04 16:45:00+00:00,C008,0.8898971090719844,0.12770194502404925,0.0,0.7621951640479352
2026-01-04 17:00:00+00:00,C008,0.9571044182430875,2.0055912494904344e-16,0.0,0.9571044182430872
2026-01-04 17:15:00+00:00,C008,1.0356615918843197,0.0,0.0,1.0356615918843197
2026-01-04 17:30:00+00:00,C008,1.0286918088160584,0.0,0.0,1.0286918088160584
2026-01-04 17:45:00+00:00,C008,1.0538939896394584,0.0,0.0,1.0538939896394584
2026-01-04 18:00:00+00:00,C008,1.1965012572533429,0.0,0.0,1.1965012572533429
2026-01-04 18:15:00+00:00,C008,1.1763429058727675,0.0,0.0,1.1763429058727675
2026-01-04 18:30:00+00:00,C008,1.1627696298869978,0.0,0.0,1.1627696298869978
2026-01-04 18:45:00+00:00,C008,1.242271893313035,0.0,0.0,1.242271893313035
2026-01-04 19:00:00+00:00,C008,1.1173399557811834,0.0,0.0,1.1173399557811834
2026-01-04 19:15:00+00:00,C008,1.1594396472161739,0.0,0.0,1.1594396472161739
2026-01-04 19:30:00+00:00,C008,1.177748025171647,0.0,0.0,1.177748025171647
2026-01-04 19:45:00+00:00,C008,1.2210465527655856,0.0,0.0,1.2210465527655856
2026-01-04 20:00:00+00:00,C008,1.1580465706957521,0.0,0.0,1.1580465706957521
2026-01-04 20:15:00+00:00,C008,1.08027353779942,0.0,0.0,1.08027353779942
2026-01-04 20:30:00+00:00,C008,1.042910188172751,0.0,0.0,1.042910188172751
2026-01-04 20:45:00+00:00,C008,0.8949839743657348,0.0,0.0,0.8949839743657348
2026-01-04 21:00:00+00:00,C008,0.9167355068425587,0.0,0.0,0.9167355068425587
2026-01-04 21:15:00+00:00,C008,0.8594880505288721,0.0,0.0,0.8594880505288721
2026-01-04 21:30:00+00:00,C008,0.8256186606429083,0.0,0.0,0.8256186606429083
2026-01-04 21:45:00+00:00,C008,0.7662179101332386,0.0,0.0,0.7662179101332386
2026-01-04 22:00:00+00:00,C008,8.039552094460113,0.0,7.4,8.039552094460113
2026-01-04 22:15:00+00:00,C008,8.05350147024051,0.0,7.4,8.05350147024051
2026-01-04 22:30:00+00:00,C008,0.5478870923222054,0.0,0.0,0.5478870923222054
2026-01-04 22:45:00+00:00,C008,7.960698574890208,0.0,7.4,7.960698574890208
2026-01-04 23:00:00+00:00,C008,0.5132184635589188,0.0,0.0,0.5132184635589188
2026-01-04 23:15:00+00:00,C008,7.862367453063325,0.0,7.4,7.862367453063325
2026-01-04 23:30:00+00:00,C008,0.503463934096605,0.0,0.0,0.503463934096605
2026-01-04 23:45:00+00:00,C008,0.41392622637131815,0.0,0.0,0.41392622637131815
2026-01-05 00:00:00+00:00,C008,0.2934355671403253,0.0,0.0,0.2934355671403253
2026-01-05 00:15:00+00:00,C008,7.69108793592837,0.0,7.4,7.69108793592837
2026-01-05 00:30:00+00:00,C008,0.30540103978761074,0.0,0.0,0.30540103978761074
2026-01-05 00:45:00+00:00,C008,0.28144646801590084,0.0,0.0,0.28144646801590084
2026-01-05 01:00:00+00:00,C008,0.3212146788766022,0.0,0.0,0.3212146788766022
2026-01-05 01:15:00+00:00,C008,0.3317067554639925,0.0,0.0,0.3317067554639925
2026-01-05 01:30:00+00:00,C008,0.3219053422674868,0.0,0.0,0.3219053422674868
2026-01-05 01:45:00+00:00,C008,0.3589942429488682,0.0,0.0,0.3589942429488682
2026-01-05 02:00:00+00:00,C008,0.3376216653964168,0.0,0.0,0.3376216653964168
2026-01-05 02:15:00+00:00,C008,0.3684641992018348,0.0,0.0,0.3684641992018348
2026-01-05 02:30:00+00:00,C008,0.33286989775729803,0.0,0.0,0.33286989775729803
2026-01-05 02:45:00+00:00,C008,0.3461422330397247,0.0,0.0,0.3461422330397247
2026-01-05 03:00:00+00:00,C008,0.33112695035988376,0.0,0.0,0.33112695035988376
2026-01-05 03:15:00+00:00,C008,0.3581627166125852,0.0,0.0,0.3581627166125852
2026-01-05 03:30:00+00:00,C008,0.3865023068335047,0.0,0.0,0.3865023068335047
2026-01-05 03:45:00+00:00,C008,0.3732716306148089,0.0,0.0,0.3732716306148089
2026-01-05 04:00:00+00:00,C008,0.4131107312781687,0.0,0.0,0.4131107312781687
2026-01-05 04:15:00+00:00,C008,0.39092255835738265,0.0,0.0,0.39092255835738265
2026-01-05 04:30:00+00:00,C008,0.45952683055272814,0.0,0.0,0.45952683055272814
2026-01-05 04:45:00+00:00,C008,0.463039292865174,0.0,0.0,0.463039292865174
2026-01-05 05:00:00+00:00,C008,0.5388763923338161,0.0,0.0,0.5388763923338161
2026-01-05 05:15:00+00:00,C008,0.5717122851445856,0.0,0.0,0.5717122851445856
2026-01-05 05:30:00+00:00,C008,0.6701973596349973,0.0,0.0,0.6701973596349973
2026-01-05 05:45:00+00:00,C008,0.6402658102702327,0.0,0.0,0.6402658102702327
2026-01-05 06:00:00+00:00,C008,0.7324400936940522,0.0,0.0,0.7324400936940522
2026-01-05 06:15:00+00:00,C008,0.8156106357296073,0.0,0.0,0.8156106357296073
2026-01-05 06:30:00+00:00,C008,0.856250463834275,0.0,0.0,0.856250463834275
2026-01-05 06:45:00+00:00,C008,0.9220284251919039,0.0,0.0,0.9220284251919039
2026-01-05 07:00:00+00:00,C008,1.0057751295356536,0.0,0.0,1.0057751295356536
2026-01-05 07:15:00+00:00,C008,0.9866667962393025,0.17065667852965816,0.0,0.8160101177096444
2026-01-05 07:30:00+00:00,C008,0.9980577933829313,0.3865847799385212,0.0,0.6114730134444102
2026-01-05 07:45:00+00:00,C008,0.9852892443683551,0.5899334402378775,0.0,0.39535580413047755
2026-01-05 08:00:00+00:00,C008,0.9386481299987556,0.5920917805007552,0.0,0.3465563494980004
2026-01-05 08:15:00+00:00,C008,0.9682951460685315,0.8401821926924269,0.0,0.12811295337610462
2026-01-05 08:30:00+00:00,C008,0.863334364046346,1.0447263817950827,0.0,-0.1813920177487367
2026-01-05 08:45:00+00:00,C008,0.7656332099405211,1.1201904204171493,0.0,-0.35455721047662825
2026-01-05 09:00:00+00:00,C008,0.7832459523549746,1.1373248162526517,0.0,-0.35407886389767707
2026-01-05 09:15:00+00:00,C008,0.6999260696013397,1.3800608564923282,0.0,-0.6801347868909885
2026-01-05 09:30:00+00:00,C008,0.7026127850968171,1.6816907623549044,0.0,-0.9790779772580873
2026-01-05 09:45:00+00:00,C008,0.578339333074756,1.4124308849296576,0.0,-0.8340915518549016
2026-01-05 10:00:00+00:00,C008,0.5639635232573507,1.433778339762961,0.0,-0.8698148165056104
2026-01-05 10:15:00+00:00,C008,0.5248222702994515,1.7874905520175783,0.0,-1.2626682817181267
2026-01-05 10:30:00+00:00,C008,0.43376111761391317,1.7600651395445581,0.0,-1.326304021930645
2026-01-05 10:45:00+00:00,C008,0.394218378187184,1.7686644498963064,0.0,-1.3744460717091225
2026-01-05 11:00:00+00:00,C008,0.44227378723631094,1.8656842708215902,0.0,-1.4234104835852792
2026-01-05 11:15:00+00:00,C008,0.40952590263559013,2.065423266778882,0.0,-1.655897364143292
2026-01-05 11:30:00+00:00,C008,0.34953464517324745,2.1177078883458926,0.0,-1.7681732431726451
2026-01-05 11:45:00+00:00,C008,0.34023711067374396,2.1753069455547025,0.0,-1.8350698348809584
2026-01-05 12:00:00+00:00,C008,0.2976335824970931,2.6580030150402565,0.0,-2.3603694325431634
2026-01-05 12:15:00+00:00,C008,0.4008890451122601,2.154871513637932,0.0,-1.7539824685256722
2026-01-05 12:30:00+00:00,C008,0.35567661079729307,2.7286427869007444,0.0,-2.3729661761034513
2026-01-05 12:45:00+00:00,C008,0.3706075343437159,2.546011753761942,0.0,-2.175404219418226
2026-01-05 13:00:00+00:00,C008,0.32745552796784616,1.9367221011096785,0.0,-1.6092665731418323
2026-01-05 13:15:00+00:00,C008,0.35444657227500115,2.0175525655694737,0.0,-1.6631059932944725
2026-01-05 13:30:00+00:00,C008,0.3777588333818198,1.7953050507241703,0.0,-1.4175462173423505
2026-01-05 13:45:00+00:00,C008,0.37407702175769264,2.1581927775477134,0.0,-1.7841157557900207
2026-01-05 14:00:00+00:00,C008,0.4160597310554488,2.263026611836272,0.0,-1.846966880780823
2026-01-05 14:15:00+00:00,C008,0.44277186027390203,1.9412256047014251,0.0,-1.4984537444275232
2026-01-05 14:30:00+00:00,C008,0.513906688676234,1.7469502265356838,0.0,-1.2330435378594498
2026-01-05 14:45:00+00:00,C008,0.4612445181981888,1.6185847983981565,0.0,-1.1573402801999677
2026-01-05 15:00:00+00:00,C008,0.5412276248411647,1.2972229666204391,0.0,-0.7559953417792744
2026-01-05 15:15:00+00:00,C008,0.5301637051299911,1.3833730247641005,0.0,-0.8532093196341094
2026-01-05 15:30:00+00:00,C008,0.5153096946704783,1.116525754557976,0.0,-0.6012160598874978
2026-01-05 15:45:00+00:00,C008,0.6155820294238946,1.0928950358914935,0.0,-0.4773130064675989
2026-01-05 16:00:00+00:00,C008,0.6061543051713715,0.7604240483630259,0.0,-0.15426974319165443
2026-01-05 16:15:00+00:00,C008,0.7152047257580838,0.60757927173956,0.0,0.10762545401852386
2026-01-05 16:30:00+00:00,C008,0.7525609555089804,0.4429392100119904,0.0,0.30962174549699
2026-01-05 16:45:00+00:00,C008,0.7635666913517789,0.21179199744847202,0.0,0.5517746939033069
2026-01-05 17:00:00+00:00,C008,0.8979963221949493,3.3051153819640807e-16,0.0,0.897996322194949
2026-01-05 17:15:00+00:00,C008,0.8768362887501948,0.0,0.0,0.8768362887501948
2026-01-05 17:30:00+00:00,C008,0.9269623084045165,0.0,0.0,0.9269623084045165
2026-01-05 17:45:00+00:00,C008,1.0581784953017002,0.0,0.0,1.0581784953017002
2026-01-05 18:00:00+00:00,C008,1.0163222049146832,0.0,0.0,1.0163222049146832
2026-01-05 18:15:00+00:00,C008,1.1617939227284633,0.0,0.0,1.1617939227284633
2026-01-05 18:30:00+00:00,C008,1.084153926545273,0.0,0.0,1.084153926545273
2026-01-05 18:45:00+00:00,C008,1.1126769541945813,0.0,0.0,1.1126769541945813
2026-01-05 19:00:00+00:00,C008,1.141844693337679,0.0,0.0,1.141844693337679
2026-01-05 19:15:00+00:00,C008,1.1732247045641249,0.0,0.0,1.1732247045641249
2026-01-05 19:30:00+00:00,C008,1.181239949157996,0.0,0.0,1.181239949157996
2026-01-05 19:45:00+00:00,C008,1.13086098346718,0.0,0.0,1.13086098346718
2026-01-05 20:00:00+00:00,C008,1.0956614622749044,0.0,0.0,1.0956614622749044
2026-01-05 20:15:00+00:00,C008,1.0446648091092907,0.0,0.0,1.0446648091092907
2026-01-05 20:30:00+00:00,C008,0.9732992398698753,0.0,0.0,0.9732992398698753
2026-01-05 20:45:00+00:00,C008,0.8653707701028311,0.0,0.0,0.8653707701028311
2026-01-05 21:00:00+00:00,C008,0.7901232518700319,0.0,0.0,0.7901232518700319
2026-01-05 21:15:00+00:00,C008,0.8338411720775535,0.0,0.0,0.8338411720775535
2026-01-05 21:30:00+00:00,C008,0.7396251835945626,0.0,0.0,0.7396251835945626
2026-01-05 21:45:00+00:00,C008,0.6844418216740932,0.0,0.0,0.6844418216740932
2026-01-05 22:00:00+00:00,C008,8.082395522914757,0.0,7.4,8.082395522914757
2026-01-05 22:15:00+00:00,C008,0.5478330945628801,0.0,0.0,0.5478330945628801
2026-01-05 22:30:00+00:00,C008,0.59212729291925,0.0,0.0,0.59212729291925
2026-01-05 22:45:00+00:00,C008,0.5147977663012686,0.0,0.0,0.5147977663012686
2026-01-05 23:00:00+00:00,C008,7.876792803484806,0.0,7.4,7.876792803484806
2026-01-05 23:15:00+00:00,C008,7.84807656615331,0.0,7.4,7.84807656615331
2026-01-05 23:30:00+00:00,C008,0.37457418875160764,0.0,0.0,0.37457418875160764
2026-01-05 23:45:00+00:00,C008,7.778362854756258,0.0,7.4,7.778362854756258
2026-01-06 00:00:00+00:00,C008,0.32933891097323725,0.0,0.0,0.32933891097323725
2026-01-06 00:15:00+00:00,C008,0.33397620870310474,0.0,0.0,0.33397620870310474
2026-01-06 00:30:00+00:00,C008,0.3191500556677402,0.0,0.0,0.3191500556677402
2026-01-06 00:45:00+00:00,C008,0.25864325896216217,0.0,0.0,0.25864325896216217
2026-01-06 01:00:00+00:00,C008,0.2850419287814122,0.0,0.0,0.2850419287814122
2026-01-06 01:15:00+00:00,C008,0.39631797605873703,0.0,0.0,0.39631797605873703
2026-01-06 01:30:00+00:00,C008,0.30881472643584035,0.0,0.0,0.30881472643584035
2026-01-06 01:45:00+00:00,C008,0.3792660276716375,0.0,0.0,0.3792660276716375
2026-01-06 02:00:00+00:00,C008,0.32000069437605466,0.0,0.0,0.32000069437605466
2026-01-06 02:15:00+00:00,C008,0.3357566168099701,0.0,0.0,0.3357566168099701
2026-01-06 02:30:00+00:00,C008,0.36086877108469545,0.0,0.0,0.36086877108469545
2026-01-06 02:45:00+00:00,C008,0.3266232553278166,0.0,0.0,0.3266232553278166
2026-01-06 03:00:00+00:00,C008,0.4086955202360788,0.0,0.0,0.4086955202360788
2026-01-06 03:15:00+00:00,C008,0.36493717268720866,0.0,0.0,0.36493717268720866
2026-01-06 03:30:00+00:00,C008,0.3906254613691465,0.0,0.0,0.3906254613691465
2026-01-06 03:45:00+00:00,C008,0.37179142448914254,0.0,0.0,0.37179142448914254
2026-01-06 04:00:00+00:00,C008,0.435465722276787,0.0,0.0,0.435465722276787
2026-01-06 04:15:00+00:00,C008,0.4729186170275216,0.0,0.0,0.4729186170275216
2026-01-06 04:30:00+00:00,C008,0.4620714422072761,0.0,0.0,0.4620714422072761
2026-01-06 04:45:00+00:00,C008,0.5486275338913101,0.0,0.0,0.5486275338913101
2026-01-06 05:00:00+00:00,C008,0.4942041623853827,0.0,0.0,0.4942041623853827
2026-01-06 05:15:00+00:00,C008,0.5885711559704344,0.0,0.0,0.5885711559704344
2026-01-06 05:30:00+00:00,C008,0.6541681666816502,0.0,0.0,0.6541681666816502
2026-01-06 05:45:00+00:00,C008,0.680157573266633,0.0,0.0,0.680157573266633
2026-01-06 06:00:00+00:00,C008,0.8055157977144669,0.0,0.0,0.8055157977144669
2026-01-06 06:15:00+00:00,C008,0.8334404025002858,0.0,0.0,0.8334404025002858
2026-01-06 06:30:00+00:00,C008,0.8243311081100786,0.0,0.0,0.8243311081100786
2026-01-06 06:45:00+00:00,C008,0.9461436278341153,0.0,0.0,0.9461436278341153
2026-01-06 07:00:00+00:00,C008,0.9985400807464517,0.0,0.0,0.9985400807464517
2026-01-06 07:15:00+00:00,C008,1.0004154816616575,0.22045500769101037,0.0,0.7799604739706472
2026-01-06 07:30:00+00:00,C008,1.0461711793777397,0.5129769300404294,0.0,0.5331942493373103
2026-01-06 07:45:00+00:00,C008,1.014964956096833,0.669735982705119,0.0,0.345228973391714
2026-01-06 08:00:00+00:00,C008,0.9730789107738556,0.9423860702969887,0.0,0.030692840476866823
2026-01-06 08:15:00+00:00,C008,0.9527419119937008,1.3147696850210782,0.0,-0.3620277730273773
2026-01-06 08:30:00+00:00,C008,0.8617255093083832,1.4212508528670829,0.0,-0.5595253435586997
2026-01-06 08:45:00+00:00,C008,0.9075481181058125,1.5324741020495418,0.0,-0.6249259839437293
2026-01-06 09:00:00+00:00,C008,0.7165666491278663,1.6802503349696594,0.0,-0.9636836858417931
2026-01-06 09:15:00+00:00,C008,0.6934314336222951,1.9932325592001463,0.0,-1.2998011255778512
2026-01-06 09:30:00+00:00,C008,0.6152795768757624,1.8301969489466174,0.0,-1.214917372070855
2026-01-06 09:45:00+00:00,C008,0.6285961718587474,2.0779942964516334,0.0,-1.449398124592886
2026-01-06 10:00:00+00:00,C008,0.5042561041541778,2.4978900770823267,0.0,-1.993633972928149
2026-01-06 10:15:00+00:00,C008,0.5137878427260946,2.383480538205495,0.0,-1.8696926954794004
2026-01-06 10:30:00+00:00,C008,0.4561873617875335,2.1852605196117008,0.0,-1.7290731578241672
2026-01-06 10:45:00+00:00,C008,0.44461010162204284,2.253227196429198,0.0,-1.8086170948071554
2026-01-06 11:00:00+00:00,C008,0.4396580141264943,3.1768965783619287,0.0,-2.7372385642354344
2026-01-06 11:15:00+00:00,C008,0.43764092710848546,3.1580897995179615,0.0,-2.720448872409476
2026-01-06 11:30:00+00:00,C008,0.3635868446289806,2.522700573760231,0.0,-2.15911372913125
2026-01-06 11:45:00+00:00,C008,0.3848894624841382,3.2609179229833964,0.0,-2.876028460499258
2026-01-06 12:00:00+00:00,C008,0.3176160606203487,3.3386313430154813,0.0,-3.0210152823951324
2026-01-06 12:15:00+00:00,C008,0.36504665724945967,3.083036795073731,0.0,-2.7179901378242715
2026-01-06 12:30:00+00:00,C008,0.35092379595504686,2.791469773050525,0.0,-2.4405459770954785
2026-01-06 12:45:00+00:00,C008,0.374444696133853,2.884628636618017,0.0,-2.510183940484164
2026-01-06 13:00:00+00:00,C008,0.32917818290792783,2.961511849671157,0.0,-2.6323336667632296
2026-01-06 13:15:00+00:00,C008,0.3905898660375154,2.8747488526547866,0.0,-2.4841589866172713
2026-01-06 13:30:00+00:00,C008,0.3500179381868878,2.773830164672609,0.0,-2.423812226485721
2026-01-06 13:45:00+00:00,C008,0.3990647711538632,2.686802687148506,0.0,-2.2877379159946427
2026-01-06 14:00:00+00:00,C008,0.38048180605245685,1.8131439340382776,0.0,-1.4326621279858207
2026-01-06 14:15:00+00:00,C008,0.39479320659508943,2.126122271069624,0.0,-1.7313290644745347
2026-01-06 14:30:00+00:00,C008,0.5069060450102161,1.8511212567445097,0.0,-1.3442152117342936
2026-01-06 14:45:00+00:00,C008,0.5013414980044817,1.9477165644679455,0.0,-1.4463750664634638
2026-01-06 15:00:00+00:00,C008,0.5577479569998947,1.705669834729107,0.0,-1.1479218777292124
2026-01-06 15:15:00+00:00,C008,0.596562268329507,1.5889136195515947,0.0,-0.9923513512220877
2026-01-06 15:30:00+00:00,C008,0.5538671966068986,1.625987667776773,0.0,-1.0721204711698744
2026-01-06 15:45:00+00:00,C008,0.6709214132277255,1.2273790042335821,0.0,-0.5564575910058567
2026-01-06 16:00:00+00:00,C008,0.6308344314107185,1.0255328529677719,0.0,-0.39469842155705337
2026-01-06 16:15:00+00:00,C008,0.7469277017490614,0.8011240491337189,0.0,-0.054196347384657506
2026-01-06 16:30:00+00:00,C008,0.7572099025071843,0.48796234946779765,0.0,0.2692475530393867
2026-01-06 16:45:00+00:00,C008,0.8194499638852322,0.187453970469999,0.0,0.6319959934152332
2026-01-06 17:00:00+00:00,C008,0.8892009574424635,3.3879902759122095e-16,0.0,0.8892009574424632
2026-01-06 17:15:00+00:00,C008,0.9534655619579399,0.0,0.0,0.9534655619579399
2026-01-06 17:30:00+00:00,C008,1.0085712186925084,0.0,0.0,1.0085712186925084
2026-01-06 17:45:00+00:00,C008,1.0250740782012222,0.0,0.0,1.0250740782012222
2026-01-06 18:00:00+00:00,C008,1.065951063482533,0.0,0.0,1.065951063482533
2026-01-06 18:15:00+00:00,C008,1.0688861972757722,0.0,0.0,1.0688861972757722
2026-01-06 18:30:00+00:00,C008,1.1342320240830723,0.0,0.0,1.1342320240830723
2026-01-06 18:45:00+00:00,C008,1.1616245484597045,0.0,0.0,1.1616245484597045
2026-01-06 19:00:00+00:00,C008,1.1616895300432517,0.0,0.0,1.1616895300432517
2026-01-06 19:15:00+00:00,C008,1.1864187621525304,0.0,0.0,1.1864187621525304
2026-01-06 19:30:00+00:00,C008,1.0746696691229911,0.0,0.0,1.0746696691229911
2026-01-06 19:45:00+00:00,C008,1.0983537579102083,0.0,0.0,1.0983537579102083
2026-01-06 20:00:00+00:00,C008,0.9978048569756833,0.0,0.0,0.9978048569756833
2026-01-06 20:15:00+00:00,C008,1.0070087330505275,0.0,0.0,1.0070087330505275
2026-01-06 20:30:00+00:00,C008,1.0109123316447295,0.0,0.0,1.0109123316447295
2026-01-06 20:45:00+00:00,C008,0.905311978713361,0.0,0.0,0.905311978713361
2026-01-06 21:00:00+00:00,C008,0.8377445587849709,0.0,0.0,0.8377445587849709
2026-01-06 21:15:00+00:00,C008,0.8052251183307602,0.0,0.0,0.8052251183307602
2026-01-06 21:30:00+00:00,C008,0.6811350744707716,0.0,0.0,0.6811350744707716
2026-01-06 21:45:00+00:00,C008,0.6814641233929277,0.0,0.0,0.6814641233929277
2026-01-06 22:00:00+00:00,C008,8.040045112028976,0.0,7.4,8.040045112028976
2026-01-06 22:15:00+00:00,C008,0.5004222480762612,0.0,0.0,0.5004222480762612
2026-01-06 22:30:00+00:00,C008,0.5347372900266176,0.0,0.0,0.5347372900266176
2026-01-06 22:45:00+00:00,C008,0.5423759697963547,0.0,0.0,0.5423759697963547
2026-01-06 23:00:00+00:00,C008,0.5024314800309655,0.0,0.0,0.5024314800309655
2026-01-06 23:15:00+00:00,C008,7.865848880175482,0.0,7.4,7.865848880175482
2026-01-06 23:30:00+00:00,C008,0.44645702562019474,0.0,0.0,0.44645702562019474
2026-01-06 23:45:00+00:00,C008,7.820221454628947,0.0,7.4,7.820221454628947
2026-01-07 00:00:00+00:00,C008,7.726172600926442,0.0,7.4,7.726172600926442
2026-01-07 00:15:00+00:00,C008,7.702948758291199,0.0,7.4,7.702948758291199
2026-01-07 00:30:00+00:00,C008,7.728249550167473,0.0,7.4,7.728249550167473
2026-01-07 00:45:00+00:00,C008,7.70419396610136,0.0,7.4,7.70419396610136
2026-01-07 01:00:00+00:00,C008,0.38201447681128403,0.0,0.0,0.38201447681128403
2026-01-07 01:15:00+00:00,C008,0.3840547128928524,0.0,0.0,0.3840547128928524
2026-01-07 01:30:00+00:00,C008,0.37677471680389135,0.0,0.0,0.37677471680389135
2026-01-07 01:45:00+00:00,C008,0.3311004930865816,0.0,0.0,0.3311004930865816
2026-01-07 02:00:00+00:00,C008,0.30581353569021713,0.0,0.0,0.30581353569021713
2026-01-07 02:15:00+00:00,C008,0.3673834939632795,0.0,0.0,0.3673834939632795
2026-01-07 02:30:00+00:00,C008,0.37013568820467113,0.0,0.0,0.37013568820467113
2026-01-07 02:45:00+00:00,C008,0.36565413260161594,0.0,0.0,0.36565413260161594
2026-01-07 03:00:00+00:00,C008,0.3347644147456452,0.0,0.0,0.3347644147456452
2026-01-07 03:15:00+00:00,C008,0.36375786216810124,0.0,0.0,0.36375786216810124
2026-01-07 03:30:00+00:00,C008,0.3466578875983098,0.0,0.0,0.3466578875983098
2026-01-07 03:45:00+00:00,C008,0.3995980532565112,0.0,0.0,0.3995980532565112
2026-01-07 04:00:00+00:00,C008,0.4258101636863081,0.0,0.0,0.4258101636863081
2026-01-07 04:15:00+00:00,C008,0.4799282413589354,0.0,0.0,0.4799282413589354
2026-01-07 04:30:00+00:00,C008,0.4764334366179813,0.0,0.0,0.4764334366179813
2026-01-07 04:45:00+00:00,C008,0.44042652712398833,0.0,0.0,0.44042652712398833
2026-01-07 05:00:00+00:00,C008,0.5300580042167895,0.0,0.0,0.5300580042167895
2026-01-07 05:15:00+00:00,C008,0.6238890882318086,0.0,0.0,0.6238890882318086
2026-01-07 05:30:00+00:00,C008,0.5951077478279794,0.0,0.0,0.5951077478279794
2026-01-07 05:45:00+00:00,C008,0.7053051614936426,0.0,0.0,0.7053051614936426
2026-01-07 06:00:00+00:00,C008,0.7856692354300956,0.0,0.0,0.7856692354300956
2026-01-07 06:15:00+00:00,C008,0.8418291050394675,0.0,0.0,0.8418291050394675
2026-01-07 06:30:00+00:00,C008,0.9307232991640271,0.0,0.0,0.9307232991640271
2026-01-07 06:45:00+00:00,C008,0.9155078885449986,0.0,0.0,0.9155078885449986
2026-01-07 07:00:00+00:00,C008,0.9477652938829839,0.0,0.0,0.9477652938829839
2026-01-07 07:15:00+00:00,C008,1.0303942051117718,0.11480785088504873,0.0,0.9155863542267231
2026-01-07 07:30:00+00:00,C008,0.9520662630671973,0.28292913496488575,0.0,0.6691371281023115
2026-01-07 07:45:00+00:00,C008,0.9842389651777551,0.4580293355082993,0.0,0.5262096296694558
2026-01-07 08:00:00+00:00,C008,1.0000681186430966,0.47837966224101053,0.0,0.521688456402086
2026-01-07 08:15:00+00:00,C008,0.9578374194883469,0.9545070391118927,0.0,0.0033303803764541673
2026-01-07 08:30:00+00:00,C008,0.9161362678952233,1.1068815506713736,0.0,-0.19074528277615033
2026-01-07 08:45:00+00:00,C008,0.8308165546171152,0.8499225454369269,0.0,-0.01910599081981168
2026-01-07 09:00:00+00:00,C008,0.7631342270964414,1.0726765306528627,0.0,-0.3095423035564213
2026-01-07 09:15:00+00:00,C008,0.7227967327863998,1.1430213789301302,0.0,-0.42022464614373045
2026-01-07 09:30:00+00:00,C008,0.7603181428931582,1.5544881523644007,0.0,-0.7941700094712425
2026-01-07 09:45:00+00:00,C008,0.6086492806156177,1.381609113979305,0.0,-0.7729598333636872
2026-01-07 10:00:00+00:00,C008,0.5224188060833213,1.0337004301207353,0.0,-0.5112816240374141
2026-01-07 10:15:00+00:00,C008,0.44416622394173255,1.3264227288164367,0.0,-0.8822565048747042
2026-01-07 10:30:00+00:00,C008,0.43781858755212655,1.5436189285297277,0.0,-1.1058003409776012
2026-01-07 10:45:00+00:00,C008,0.40817928212764315,1.7521090542705031,0.0,-1.34392977214286
2026-01-07 11:00:00+00:00,C008,0.3930160259557265,1.7829999472062192,0.0,-1.3899839212504927
2026-01-07 11:15:00+00:00,C008,0.39028489784120207,2.2947180080443017,0.0,-1.9044331102030996
2026-01-07 11:30:00+00:00,C008,0.4318264158041345,1.6512015588122335,0.0,-1.219375143008099
2026-01-07 11:45:00+00:00,C008,0.4147459512319834,1.4915824665055732,0.0,-1.07683651527359
2026-01-07 12:00:00+00:00,C008,0.36033821706885116,2.1776920162483204,0.0,-1.8173537991794693
2026-01-07 12:15:00+00:00,C008,0.3331930213967589,1.903867786217043,0.0,-1.5706747648202841
2026-01-07 12:30:00+00:00,C008,0.40803527256276007,2.0185223667571908,0.0,-1.6104870941944307
2026-01-07 12:45:00+00:00,C008,0.3551449330744533,1.9271970933510676,0.0,-1.5720521602766144
2026-01-07 13:00:00+00:00,C008,0.32461517826408315,1.602653521505853,0.0,-1.27803834324177
2026-01-07 13:15:00+00:00,C008,0.4128042264953352,2.1133581433116406,0.0,-1.7005539168163053
2026-01-07 13:30:00+00:00,C008,0.3999547640944402,1.348036010971161,0.0,-0.9480812468767209
2026-01-07 13:45:00+00:00,C008,0.29866964929395745,1.2511668319541829,0.0,-0.9524971826602254
2026-01-07 14:00:00+00:00,C008,0.382585117584472,1.4142378713731842,0.0,-1.0316527537887121
2026-01-07 14:15:00+00:00,C008,0.4335405748202077,1.808110074398567,0.0,-1.3745694995783593
2026-01-07 14:30:00+00:00,C008,0.4656798144544095,1.379098116692825,0.0,-0.9134183022384155
2026-01-07 14:45:00+00:00,C008,0.4526752847525972,0.8514472872319377,0.0,-0.3987720024793405
2026-01-07 15:00:00+00:00,C008,0.47140726158246904,1.4394576309977833,0.0,-0.9680503694153143
2026-01-07 15:15:00+00:00,C008,0.5620196190704473,0.9159501842373611,0.0,-0.3539305651669138
2026-01-07 15:30:00+00:00,C008,0.5452108839529598,0.9018706516614474,0.0,-0.3566597677084876
2026-01-07 15:45:00+00:00,C008,0.618031121108418,0.5427363945653926,0.0,0.07529472654302538
2026-01-07 16:00:00+00:00,C008,0.6421258648105501,0.5675761555135128,0.0,0.0745497092970373
2026-01-07 16:15:00+00:00,C008,0.6529091729775598,0.3564525519288279,0.0,0.2964566210487319
2026-01-07 16:30:00+00:00,C008,0.7447640463943398,0.23132539687635237,0.0,0.5134386495179875
2026-01-07 16:45:00+00:00,C008,0.8127332379656687,0.1002490696297651,0.0,0.7124841683359036
2026-01-07 17:00:00+00:00,C008,0.8949100106017225,2.074745172881941e-16,0.0,0.8949100106017223
2026-01-07 17:15:00+00:00,C008,0.8971035562852618,0.0,0.0,0.8971035562852618
2026-01-07 17:30:00+00:00,C008,0.9194460828930375,0.0,0.0,0.9194460828930375
2026-01-07 17:45:00+00:00,C008,1.0898307792354431,0.0,0.0,1.0898307792354431
2026-01-07 18:00:00+00:00,C008,0.9793971206345224,0.0,0.0,0.9793971206345224
2026-01-07 18:15:00+00:00,C008,1.1241864661564347,0.0,0.0,1.1241864661564347
2026-01-07 18:30:00+00:00,C008,1.091180192194705,0.0,0.0,1.091180192194705
2026-01-07 18:45:00+00:00,C008,1.1375257529067773,0.0,0.0,1.1375257529067773
2026-01-07 19:00:00+00:00,C008,1.034447496828008,0.0,0.0,1.034447496828008
2026-01-07 19:15:00+00:00,C008,1.089285967547319,0.0,0.0,1.089285967547319
2026-01-07 19:30:00+00:00,C008,1.0540889915471796,0.0,0.0,1.0540889915471796
2026-01-07 19:45:00+00:00,C008,0.9950734699570893,0.0,0.0,0.9950734699570893
2026-01-07 20:00:00+00:00,C008,1.0010304438761048,0.0,0.0,1.0010304438761048
2026-01-07 20:15:00+00:00,C008,0.9925671975600638,0.0,0.0,0.9925671975600638
2026-01-07 20:30:00+00:00,C008,0.9229062723666471,0.0,0.0,0.9229062723666471
2026-01-07 20:45:00+00:00,C008,0.8517650055951864,0.0,0.0,0.8517650055951864
2026-01-07 21:00:00+00:00,C008,0.8770710751162196,0.0,0.0,0.8770710751162196
2026-01-07 21:15:00+00:00,C008,0.7851214772626531,0.0,0.0,0.7851214772626531
2026-01-07 21:30:00+00:00,C008,0.7778577047858327,0.0,0.0,0.7778577047858327
2026-01-07 21:45:00+00:00,C008,0.6884017007967128,0.0,0.0,0.6884017007967128
2026-01-07 22:00:00+00:00,C008,8.050033520867911,0.0,7.4,8.050033520867911
2026-01-07 22:15:00+00:00,C008,8.007760478115273,0.0,7.4,8.007760478115273
2026-01-07 22:30:00+00:00,C008,0.5785724909455214,0.0,0.0,0.5785724909455214
2026-01-07 22:45:00+00:00,C008,7.84905189170669,0.0,7.4,7.84905189170669
2026-01-07 23:00:00+00:00,C008,0.4620455324401071,0.0,0.0,0.4620455324401071
2026-01-07 23:15:00+00:00,C008,7.85553177009038,0.0,7.4,7.85553177009038
2026-01-07 23:30:00+00:00,C008,7.794438800126238,0.0,7.4,7.794438800126238
2026-01-07 23:45:00+00:00,C008,7.800238877534846,0.0,7.4,7.800238877534846
2026-01-01 00:00:00+00:00,C009,0.24986569533620562,0.0,0.0,0.24986569533620562
2026-01-01 00:15:00+00:00,C009,0.24478012702140226,0.0,0.0,0.24478012702140226
2026-01-01 00:30:00+00:00,C009,0.22585722343670797,0.0,0.0,0.22585722343670797
2026-01-01 00:45:00+00:00,C009,0.20932770862969202,0.0,0.0,0.20932770862969202
2026-01-01 01:00:00+00:00,C009,0.2685429197917175,0.0,0.0,0.2685429197917175
2026-01-01 01:15:00+00:00,C009,0.24580744126814347,0.0,0.0,0.24580744126814347
2026-01-01 01:30:00+00:00,C009,0.20347512999900608,0.0,0.0,0.20347512999900608
2026-01-01 01:45:00+00:00,C009,0.22941931223445639,0.0,0.0,0.22941931223445639
2026-01-01 02:00:00+00:00,C009,0.18326870903236248,0.0,0.0,0.18326870903236248
2026-01-01 02:15:00+00:00,C009,0.23860273155838968,0.0,0.0,0.23860273155838968
2026-01-01 02:30:00+00:00,C009,0.23050968406560068,0.0,0.0,0.23050968406560068
2026-01-01 02:45:00+00:00,C009,0.22095107024619737,0.0,0.0,0.22095107024619737
2026-01-01 03:00:00+00:00,C009,0.2889106441223383,0.0,0.0,0.2889106441223383
2026-01-01 03:15:00+00:00,C009,0.20852189783597894,0.0,0.0,0.20852189783597894
2026-01-01 03:30:00+00:00,C009,0.26991568119210857,0.0,0.0,0.26991568119210857
2026-01-01 03:45:00+00:00,C009,0.3227350820464631,0.0,0.0,0.3227350820464631
2026-01-01 04:00:00+00:00,C009,0.2968879452518335,0.0,0.0,0.2968879452518335
2026-01-01 04:15:00+00:00,C009,0.27798670475127346,0.0,0.0,0.27798670475127346
2026-01-01 04:30:00+00:00,C009,0.2584245741671043,0.0,0.0,0.2584245741671043
2026-01-01 04:45:00+00:00,C009,0.27391557387370824,0.0,0.0,0.27391557387370824
2026-01-01 05:00:00+00:00,C009,0.3284448382660569,0.0,0.0,0.3284448382660569
2026-01-01 05:15:00+00:00,C009,0.35190162945474013,0.0,0.0,0.35190162945474013
2026-01-01 05:30:00+00:00,C009,0.3821475862260688,0.0,0.0,0.3821475862260688
2026-01-01 05:45:00+00:00,C009,0.43576647258031326,0.0,0.0,0.43576647258031326
2026-01-01 06:00:00+00:00,C009,0.48406563443457024,0.0,0.0,0.48406563443457024
2026-01-01 06:15:00+00:00,C009,0.5423910663652961,0.0,0.0,0.5423910663652961
2026-01-01 06:30:00+00:00,C009,0.5265037281695426,0.0,0.0,0.5265037281695426
2026-01-01 06:45:00+00:00,C009,0.5770056754246774,0.0,0.0,0.5770056754246774
2026-01-01 07:00:00+00:00,C009,0.6184404785860492,0.0,0.0,0.6184404785860492
2026-01-01 07:15:00+00:00,C009,0.6337887796618696,0.0,0.0,0.6337887796618696
2026-01-01 07:30:00+00:00,C009,0.6945972693843336,0.0,0.0,0.6945972693843336
2026-01-01 07:45:00+00:00,C009,0.6497244512263749,0.0,0.0,0.6497244512263749
2026-01-01 08:00:00+00:00,C009,0.5783817901852785,0.0,0.0,0.5783817901852785
2026-01-01 08:15:00+00:00,C009,0.614471531708236,0.0,0.0,0.614471531708236
2026-01-01 08:30:00+00:00,C009,0.580628740398404,0.0,0.0,0.580628740398404
2026-01-01 08:45:00+00:00,C009,0.520934752574641,0.0,0.0,0.520934752574641
2026-01-01 09:00:00+00:00,C009,0.4510329812789853,0.0,0.0,0.4510329812789853
2026-01-01 09:15:00+00:00,C009,0.5011195507847631,0.0,0.0,0.5011195507847631
2026-01-01 09:30:00+00:00,C009,0.37733296479041545,0.0,0.0,0.37733296479041545
2026-01-01 09:45:00+00:00,C009,0.39098534699609494,0.0,0.0,0.39098534699609494
2026-01-01 10:00:00+00:00,C009,0.34645279418149083,0.0,0.0,0.34645279418149083
2026-01-01 10:15:00+00:00,C009,0.3332374543334421,0.0,0.0,0.3332374543334421
2026-01-01 10:30:00+00:00,C009,0.34766244188961953,0.0,0.0,0.34766244188961953
2026-01-01 10:45:00+00:00,C009,0.2957715618831015,0.0,0.0,0.2957715618831015
2026-01-01 11:00:00+00:00,C009,0.25024537337717234,0.0,0.0,0.25024537337717234
2026-01-01 11:15:00+00:00,C009,0.29134465497019635,0.0,0.0,0.29134465497019635
2026-01-01 11:30:00+00:00,C009,0.23240845658173684,0.0,0.0,0.23240845658173684
2026-01-01 11:45:00+00:00,C009,0.2534022013392941,0.0,0.0,0.2534022013392941
2026-01-01 12:00:00+00:00,C009,0.20713769491247544,0.0,0.0,0.20713769491247544
2026-01-01 12:15:00+00:00,C009,0.21525982451249653,0.0,0.0,0.21525982451249653
2026-01-01 12:30:00+00:00,C009,0.24831331566284323,0.0,0.0,0.24831331566284323
2026-01-01 12:45:00+00:00,C009,0.25941014456021316,0.0,0.0,0.25941014456021316
2026-01-01 13:00:00+00:00,C009,0.20353911910628258,0.0,0.0,0.20353911910628258
2026-01-01 13:15:00+00:00,C009,0.27281059496605947,0.0,0.0,0.27281059496605947
2026-01-01 13:30:00+00:00,C009,0.24006468520032967,0.0,0.0,0.24006468520032967
2026-01-01 13:45:00+00:00,C009,0.31180013847202365,0.0,0.0,0.31180013847202365
2026-01-01 14:00:00+00:00,C009,0.27308192231274186,0.0,0.0,0.27308192231274186
2026-01-01 14:15:00+00:00,C009,0.2604126580953096,0.0,0.0,0.2604126580953096
2026-01-01 14:30:00+00:00,C009,0.3166184996318475,0.0,0.0,0.3166184996318475
2026-01-01 14:45:00+00:00,C009,0.3030518522146659,0.0,0.0,0.3030518522146659
2026-01-01 15:00:00+00:00,C009,0.3966227505383482,0.0,0.0,0.3966227505383482
2026-01-01 15:15:00+00:00,C009,0.3824262576770407,0.0,0.0,0.3824262576770407
2026-01-01 15:30:00+00:00,C009,0.4068163548502159,0.0,0.0,0.4068163548502159
2026-01-01 15:45:00+00:00,C009,0.46151964255536865,0.0,0.0,0.46151964255536865
2026-01-01 16:00:00+00:00,C009,0.44978251358876736,0.0,0.0,0.44978251358876736
2026-01-01 16:15:00+00:00,C009,0.48013748471736056,0.0,0.0,0.48013748471736056
2026-01-01 16:30:00+00:00,C009,0.5757561627448406,0.0,0.0,0.5757561627448406
2026-01-01 16:45:00+00:00,C009,0.5733824643147757,0.0,0.0,0.5733824643147757
2026-01-01 17:00:00+00:00,C009,0.6111639340818698,0.0,0.0,0.6111639340818698
2026-01-01 17:15:00+00:00,C009,0.7146352315717458,0.0,0.0,0.7146352315717458
2026-01-01 17:30:00+00:00,C009,0.7490445765338406,0.0,0.0,0.7490445765338406
2026-01-01 17:45:00+00:00,C009,0.7310830865218343,0.0,0.0,0.7310830865218343
2026-01-01 18:00:00+00:00,C009,0.7804382896721309,0.0,0.0,0.7804382896721309
2026-01-01 18:15:00+00:00,C009,0.7907246511104051,0.0,0.0,0.7907246511104051
2026-01-01 18:30:00+00:00,C009,0.8913727181482066,0.0,0.0,0.8913727181482066
2026-01-01 18:45:00+00:00,C009,0.873812818803497,0.0,0.0,0.873812818803497
2026-01-01 19:00:00+00:00,C009,0.8428337713141955,0.0,0.0,0.8428337713141955
2026-01-01 19:15:00+00:00,C009,0.8653425230998736,0.0,0.0,0.8653425230998736
2026-01-01 19:30:00+00:00,C009,0.7928158573423398,0.0,0.0,0.7928158573423398
2026-01-01 19:45:00+00:00,C009,0.798103659008207,0.0,0.0,0.798103659008207
2026-01-01 20:00:00+00:00,C009,0.7916740048629126,0.0,0.0,0.7916740048629126
2026-01-01 20:15:00+00:00,C009,0.7751342681939831,0.0,0.0,0.7751342681939831
2026-01-01 20:30:00+00:00,C009,0.7208326862458441,0.0,0.0,0.7208326862458441
2026-01-01 20:45:00+00:00,C009,0.6914107469837658,0.0,0.0,0.6914107469837658
2026-01-01 21:00:00+00:00,C009,0.6473330678516735,0.0,0.0,0.6473330678516735
2026-01-01 21:15:00+00:00,C009,0.5912773694512236,0.0,0.0,0.5912773694512236
2026-01-01 21:30:00+00:00,C009,0.5479251587219405,0.0,0.0,0.5479251587219405
2026-01-01 21:45:00+00:00,C009,0.5012083567523598,0.0,0.0,0.5012083567523598
2026-01-01 22:00:00+00:00,C009,0.4804686814050341,0.0,0.0,0.4804686814050341
2026-01-01 22:15:00+00:00,C009,0.4495174193903903,0.0,0.0,0.4495174193903903
2026-01-01 22:30:00+00:00,C009,0.40940543492936093,0.0,0.0,0.40940543492936093
2026-01-01 22:45:00+00:00,C009,0.3399816220394306,0.0,0.0,0.3399816220394306
2026-01-01 23:00:00+00:00,C009,0.31972630740259933,0.0,0.0,0.31972630740259933
2026-01-01 23:15:00+00:00,C009,0.3382553936443002,0.0,0.0,0.3382553936443002
2026-01-01 23:30:00+00:00,C009,0.3539099483068515,0.0,0.0,0.3539099483068515
2026-01-01 23:45:00+00:00,C009,0.2976568520587109,0.0,0.0,0.2976568520587109
2026-01-02 00:00:00+00:00,C009,0.21869246312108356,0.0,0.0,0.21869246312108356
2026-01-02 00:15:00+00:00,C009,0.23780598108481366,0.0,0.0,0.23780598108481366
2026-01-02 00:30:00+00:00,C009,0.1956402412948846,0.0,0.0,0.1956402412948846
2026-01-02 00:45:00+00:00,C009,0.27118430868098664,0.0,0.0,0.27118430868098664
2026-01-02 01:00:00+00:00,C009,0.2373418758886571,0.0,0.0,0.2373418758886571
2026-01-02 01:15:00+00:00,C009,0.2100306229719164,0.0,0.0,0.2100306229719164
2026-01-02 01:30:00+00:00,C009,0.2278170874954941,0.0,0.0,0.2278170874954941
2026-01-02 01:45:00+00:00,C009,0.21623023132997787,0.0,0.0,0.21623023132997787
2026-01-02 02:00:00+00:00,C009,0.27428182431597015,0.0,0.0,0.27428182431597015
2026-01-02 02:15:00+00:00,C009,0.22882286771229468,0.0,0.0,0.22882286771229468
2026-01-02 02:30:00+00:00,C009,0.2416875758024344,0.0,0.0,0.2416875758024344
2026-01-02 02:45:00+00:00,C009,0.2550463473017758,0.0,0.0,0.2550463473017758
2026-01-02 03:00:00+00:00,C009,0.21632363778220864,0.0,0.0,0.21632363778220864
2026-01-02 03:15:00+00:00,C009,0.25099019418256013,0.0,0.0,0.25099019418256013
2026-01-02 03:30:00+00:00,C009,0.25516295886806356,0.0,0.0,0.25516295886806356
2026-01-02 03:45:00+00:00,C009,0.20712139318280026,0.0,0.0,0.20712139318280026
2026-01-02 04:00:00+00:00,C009,0.2716051106402158,0.0,0.0,0.2716051106402158
2026-01-02 04:15:00+00:00,C009,0.27629155277399436,0.0,0.0,0.27629155277399436
2026-01-02 04:30:00+00:00,C009,0.2955229027651153,0.0,0.0,0.2955229027651153
2026-01-02 04:45:00+00:00,C009,0.31442949989242813,0.0,0.0,0.31442949989242813
2026-01-02 05:00:00+00:00,C009,0.345414975659813,0.0,0.0,0.345414975659813
2026-01-02 05:15:00+00:00,C009,0.4086523210461639,0.0,0.0,0.4086523210461639
2026-01-02 05:30:00+00:00,C009,0.3647200259338875,0.0,0.0,0.3647200259338875
2026-01-02 05:45:00+00:00,C009,0.43244624891491495,0.0,0.0,0.43244624891491495
2026-01-02 06:00:00+00:00,C009,0.5053765251035996,0.0,0.0,0.5053765251035996
2026-01-02 06:15:00+00:00,C009,0.537225246661991,0.0,0.0,0.537225246661991
2026-01-02 06:30:00+00:00,C009,0.5745885427107907,0.0,0.0,0.5745885427107907
2026-01-02 06:45:00+00:00,C009,0.6729541039712486,0.0,0.0,0.6729541039712486
2026-01-02 07:00:00+00:00,C009,0.6361543943744559,0.0,0.0,0.6361543943744559
2026-01-02 07:15:00+00:00,C009,0.6696637745429374,0.0,0.0,0.6696637745429374
2026-01-02 07:30:00+00:00,C009,0.6284533857931665,0.0,0.0,0.6284533857931665
2026-01-02 07:45:00+00:00,C009,0.6115357680415697,0.0,0.0,0.6115357680415697
2026-01-02 08:00:00+00:00,C009,0.6138211469465219,0.0,0.0,0.6138211469465219
2026-01-02 08:15:00+00:00,C009,0.6198776219929583,0.0,0.0,0.6198776219929583
2026-01-02 08:30:00+00:00,C009,0.5759638915933183,0.0,0.0,0.5759638915933183
2026-01-02 08:45:00+00:00,C009,0.5405612768163183,0.0,0.0,0.5405612768163183
2026-01-02 09:00:00+00:00,C009,0.47607913451922373,0.0,0.0,0.47607913451922373
2026-01-02 09:15:00+00:00,C009,0.43298483212959793,0.0,0.0,0.43298483212959793
2026-01-02 09:30:00+00:00,C009,0.40298530054074755,0.0,0.0,0.40298530054074755
2026-01-02 09:45:00+00:00,C009,0.39398637273548587,0.0,0.0,0.39398637273548587
2026-01-02 10:00:00+00:00,C009,0.3644369832248011,0.0,0.0,0.3644369832248011
2026-01-02 10:15:00+00:00,C009,0.2826746928649579,0.0,0.0,0.2826746928649579
2026-01-02 10:30:00+00:00,C009,0.31339925198071206,0.0,0.0,0.31339925198071206
2026-01-02 10:45:00+00:00,C009,0.253776399633973,0.0,0.0,0.253776399633973
2026-01-02 11:00:00+00:00,C009,0.2791221649249465,0.0,0.0,0.2791221649249465
2026-01-02 11:15:00+00:00,C009,0.2526263758079283,0.0,0.0,0.2526263758079283
2026-01-02 11:30:00+00:00,C009,0.30099093167252455,0.0,0.0,0.30099093167252455
2026-01-02 11:45:00+00:00,C009,0.23451471322117376,0.0,0.0,0.23451471322117376
2026-01-02 12:00:00+00:00,C009,0.25192631729655823,0.0,0.0,0.25192631729655823
2026-01-02 12:15:00+00:00,C009,0.2637618995749893,0.0,0.0,0.2637618995749893
2026-01-02 12:30:00+00:00,C009,0.22043303093098315,0.0,0.0,0.22043303093098315
2026-01-02 12:45:00+00:00,C009,0.24590180233473552,0.0,0.0,0.24590180233473552
2026-01-02 13:00:00+00:00,C009,0.24180213641525647,0.0,0.0,0.24180213641525647
2026-01-02 13:15:00+00:00,C009,0.24046264921634705,0.0,0.0,0.24046264921634705
2026-01-02 13:30:00+00:00,C009,0.24964182939776755,0.0,0.0,0.24964182939776755
2026-01-02 13:45:00+00:00,C009,0.3059728326232727,0.0,0.0,0.3059728326232727
2026-01-02 14:00:00+00:00,C009,0.26643788589808115,0.0,0.0,0.26643788589808115
2026-01-02 14:15:00+00:00,C009,0.3128777706019263,0.0,0.0,0.3128777706019263
2026-01-02 14:30:00+00:00,C009,0.320832889449638,0.0,0.0,0.320832889449638
2026-01-02 14:45:00+00:00,C009,0.28553565742880244,0.0,0.0,0.28553565742880244
2026-01-02 15:00:00+00:00,C009,0.36883829435046245,0.0,0.0,0.36883829435046245
2026-01-02 15:15:00+00:00,C009,0.33538820629880695,0.0,0.0,0.33538820629880695
2026-01-02 15:30:00+00:00,C009,0.4298007750304771,0.0,0.0,0.4298007750304771
2026-01-02 15:45:00+00:00,C009,0.430903661642903,0.0,0.0,0.430903661642903
2026-01-02 16:00:00+00:00,C009,0.48251397504464544,0.0,0.0,0.48251397504464544
2026-01-02 16:15:00+00:00,C009,0.48208752974644764,0.0,0.0,0.48208752974644764
2026-01-02 16:30:00+00:00,C009,0.5568385493089761,0.0,0.0,0.5568385493089761
2026-01-02 16:45:00+00:00,C009,0.6327661582997244,0.0,0.0,0.6327661582997244
2026-01-02 17:00:00+00:00,C009,0.6172450258367502,0.0,0.0,0.6172450258367502
2026-01-02 17:15:00+00:00,C009,0.6711803912747429,0.0,0.0,0.6711803912747429
2026-01-02 17:30:00+00:00,C009,0.7347926449156669,0.0,0.0,0.7347926449156669
2026-01-02 17:45:00+00:00,C009,0.7733808177809359,0.0,0.0,0.7733808177809359
2026-01-02 18:00:00+00:00,C009,0.7193490679748942,0.0,0.0,0.7193490679748942
2026-01-02 18:15:00+00:00,C009,0.8775784247510985,0.0,0.0,0.8775784247510985
2026-01-02 18:30:00+00:00,C009,0.8545075177463684,0.0,0.0,0.8545075177463684
2026-01-02 18:45:00+00:00,C009,0.8655032341675042,0.0,0.0,0.8655032341675042
2026-01-02 19:00:00+00:00,C009,0.8481187284399585,0.0,0.0,0.8481187284399585
2026-01-02 19:15:00+00:00,C009,0.7960196849971661,0.0,0.0,0.7960196849971661
2026-01-02 19:30:00+00:00,C009,0.8598651651037755,0.0,0.0,0.8598651651037755
2026-01-02 19:45:00+00:00,C009,0.7962361641375804,0.0,0.0,0.7962361641375804
2026-01-02 20:00:00+00:00,C009,0.7970874274922328,0.0,0.0,0.7970874274922328
2026-01-02 20:15:00+00:00,C009,0.7489220913418936,0.0,0.0,0.7489220913418936
2026-01-02 20:30:00+00:00,C009,0.7275521464738938,0.0,0.0,0.7275521464738938
2026-01-02 20:45:00+00:00,C009,0.6559658052589158,0.0,0.0,0.6559658052589158
2026-01-02 21:00:00+00:00,C009,0.6597953350118767,0.0,0.0,0.6597953350118767
2026-01-02 21:15:00+00:00,C009,0.5596617738725082,0.0,0.0,0.5596617738725082
2026-01-02 21:30:00+00:00,C009,0.6223806424169788,0.0,0.0,0.6223806424169788
2026-01-02 21:45:00+00:00,C009,0.576483648251804,0.0,0.0,0.576483648251804
2026-01-02 22:00:00+00:00,C009,0.5213358321343193,0.0,0.0,0.5213358321343193
2026-01-02 22:15:00+00:00,C009,0.4715839317756077,0.0,0.0,0.4715839317756077
2026-01-02 22:30:00+00:00,C009,0.40099115944795577,0.0,0.0,0.40099115944795577
2026-01-02 22:45:00+00:00,C009,0.411804099299228,0.0,0.0,0.411804099299228
2026-01-02 23:00:00+00:00,C009,0.3478433522498945,0.0,0.0,0.3478433522498945
2026-01-02 23:15:00+00:00,C009,0.2757435726691856,0.0,0.0,0.2757435726691856
2026-01-02 23:30:00+00:00,C009,0.34827154821050443,0.0,0.0,0.34827154821050443
2026-01-02 23:45:00+00:00,C009,0.32425625788007756,0.0,0.0,0.32425625788007756
2026-01-03 00:00:00+00:00,C009,0.2513605804824519,0.0,0.0,0.2513605804824519
2026-01-03 00:15:00+00:00,C009,0.21344817899848795,0.0,0.0,0.21344817899848795
2026-01-03 00:30:00+00:00,C009,0.23679917045773508,0.0,0.0,0.23679917045773508
2026-01-03 00:45:00+00:00,C009,0.2000077671212747,0.0,0.0,0.2000077671212747
2026-01-03 01:00:00+00:00,C009,0.2813928328377575,0.0,0.0,0.2813928328377575
2026-01-03 01:15:00+00:00,C009,0.20702161695459284,0.0,0.0,0.20702161695459284
2026-01-03 01:30:00+00:00,C009,0.2638229109152182,0.0,0.0,0.2638229109152182
2026-01-03 01:45:00+00:00,C009,0.2308481932450824,0.0,0.0,0.2308481932450824
2026-01-03 02:00:00+00:00,C009,0.21347262923903057,0.0,0.0,0.21347262923903057
2026-01-03 02:15:00+00:00,C009,0.2629100383348729,0.0,0.0,0.2629100383348729
2026-01-03 02:30:00+00:00,C009,0.24892674018696892,0.0,0.0,0.24892674018696892
2026-01-03 02:45:00+00:00,C009,0.2850711993622848,0.0,0.0,0.2850711993622848
2026-01-03 03:00:00+00:00,C009,0.22828542691309567,0.0,0.0,0.22828542691309567
2026-01-03 03:15:00+00:00,C009,0.24428088832343137,0.0,0.0,0.24428088832343137
2026-01-03 03:30:00+00:00,C009,0.2016662632335587,0.0,0.0,0.2016662632335587
2026-01-03 03:45:00+00:00,C009,0.21559665557441485,0.0,0.0,0.21559665557441485
2026-01-03 04:00:00+00:00,C009,0.34462799092039714,0.0,0.0,0.34462799092039714
2026-01-03 04:15:00+00:00,C009,0.36593540681011494,0.0,0.0,0.36593540681011494
2026-01-03 04:30:00+00:00,C009,0.3219428702314891,0.0,0.0,0.3219428702314891
2026-01-03 04:45:00+00:00,C009,0.3213216017388993,0.0,0.0,0.3213216017388993
2026-01-03 05:00:00+00:00,C009,0.3627339026042809,0.0,0.0,0.3627339026042809
2026-01-03 05:15:00+00:00,C009,0.4325987285490533,0.0,0.0,0.4325987285490533
2026-01-03 05:30:00+00:00,C009,0.4292229406331991,0.0,0.0,0.4292229406331991
2026-01-03 05:45:00+00:00,C009,0.49082278768832094,0.0,0.0,0.49082278768832094
2026-01-03 06:00:00+00:00,C009,0.5290793320662185,0.0,0.0,0.5290793320662185
2026-01-03 06:15:00+00:00,C009,0.5544827569158349,0.0,0.0,0.5544827569158349
2026-01-03 06:30:00+00:00,C009,0.6024419791346023,0.0,0.0,0.6024419791346023
2026-01-03 06:45:00+00:00,C009,0.6655429088549737,0.0,0.0,0.6655429088549737
2026-01-03 07:00:00+00:00,C009,0.6542889074732364,0.0,0.0,0.6542889074732364
2026-01-03 07:15:00+00:00,C009,0.7135750348369057,0.0,0.0,0.7135750348369057
2026-01-03 07:30:00+00:00,C009,0.6924963329753742,0.0,0.0,0.6924963329753742
2026-01-03 07:45:00+00:00,C009,0.7092841216913248,0.0,0.0,0.7092841216913248
2026-01-03 08:00:00+00:00,C009,0.7248703722789375,0.0,0.0,0.7248703722789375
2026-01-03 08:15:00+00:00,C009,0.6497573095074258,0.0,0.0,0.6497573095074258
2026-01-03 08:30:00+00:00,C009,0.6386056790825384,0.0,0.0,0.6386056790825384
2026-01-03 08:45:00+00:00,C009,0.5180157366823662,0.0,0.0,0.5180157366823662
2026-01-03 09:00:00+00:00,C009,0.5214142270741213,0.0,0.0,0.5214142270741213
2026-01-03 09:15:00+00:00,C009,0.4901358516879787,0.0,0.0,0.4901358516879787
2026-01-03 09:30:00+00:00,C009,0.5074091039608024,0.0,0.0,0.5074091039608024
2026-01-03 09:45:00+00:00,C009,0.3502471328031121,0.0,0.0,0.3502471328031121
2026-01-03 10:00:00+00:00,C009,0.37073327530827627,0.0,0.0,0.37073327530827627
2026-01-03 10:15:00+00:00,C009,0.38764383707874384,0.0,0.0,0.38764383707874384
2026-01-03 10:30:00+00:00,C009,0.3012497762979828,0.0,0.0,0.3012497762979828
2026-01-03 10:45:00+00:00,C009,0.3005959669074632,0.0,0.0,0.3005959669074632
2026-01-03 11:00:00+00:00,C009,0.30603457189115774,0.0,0.0,0.30603457189115774
2026-01-03 11:15:00+00:00,C009,0.2889796301373722,0.0,0.0,0.2889796301373722
2026-01-03 11:30:00+00:00,C009,0.32528792639813986,0.0,0.0,0.32528792639813986
2026-01-03 11:45:00+00:00,C009,0.2869085181353629,0.0,0.0,0.2869085181353629
2026-01-03 12:00:00+00:00,C009,0.31168391626626646,0.0,0.0,0.31168391626626646
2026-01-03 12:15:00+00:00,C009,0.2594022331715636,0.0,0.0,0.2594022331715636
2026-01-03 12:30:00+00:00,C009,0.2513726106747771,0.0,0.0,0.2513726106747771
2026-01-03 12:45:00+00:00,C009,0.2687116184668462,0.0,0.0,0.2687116184668462
2026-01-03 13:00:00+00:00,C009,0.23903260335414614,0.0,0.0,0.23903260335414614
2026-01-03 13:15:00+00:00,C009,0.2988831364875027,0.0,0.0,0.2988831364875027
2026-01-03 13:30:00+00:00,C009,0.2797513995552375,0.0,0.0,0.2797513995552375
2026-01-03 13:45:00+00:00,C009,0.2757543103847806,0.0,0.0,0.2757543103847806
2026-01-03 14:00:00+00:00,C009,0.32075678994778206,0.0,0.0,0.32075678994778206
2026-01-03 14:15:00+00:00,C009,0.29328709063306146,0.0,0.0,0.29328709063306146
2026-01-03 14:30:00+00:00,C009,0.36721723809003776,0.0,0.0,0.36721723809003776
2026-01-03 14:45:00+00:00,C009,0.3497927206945391,0.0,0.0,0.3497927206945391
2026-01-03 15:00:00+00:00,C009,0.4210570741568957,0.0,0.0,0.4210570741568957
2026-01-03 15:15:00+00:00,C009,0.4096904752646373,0.0,0.0,0.4096904752646373
2026-01-03 15:30:00+00:00,C009,0.47180034751890476,0.0,0.0,0.47180034751890476
2026-01-03 15:45:00+00:00,C009,0.4923295990945549,0.0,0.0,0.4923295990945549
2026-01-03 16:00:00+00:00,C009,0.5504116287071621,0.0,0.0,0.5504116287071621
2026-01-03 16:15:00+00:00,C009,0.5771420357501444,0.0,0.0,0.5771420357501444
2026-01-03 16:30:00+00:00,C009,0.5686328212408664,0.0,0.0,0.5686328212408664
2026-01-03 16:45:00+00:00,C009,0.7001846299691357,0.0,0.0,0.7001846299691357
2026-01-03 17:00:00+00:00,C009,0.7099203970724531,0.0,0.0,0.7099203970724531
2026-01-03 17:15:00+00:00,C009,0.7821406406555096,0.0,0.0,0.7821406406555096
2026-01-03 17:30:00+00:00,C009,0.8202333610370085,0.0,0.0,0.8202333610370085
2026-01-03 17:45:00+00:00,C009,0.8194808067123412,0.0,0.0,0.8194808067123412
2026-01-03 18:00:00+00:00,C009,0.8440790514384823,0.0,0.0,0.8440790514384823
2026-01-03 18:15:00+00:00,C009,0.9176908371212359,0.0,0.0,0.9176908371212359
2026-01-03 18:30:00+00:00,C009,0.9123242906564423,0.0,0.0,0.9123242906564423
2026-01-03 18:45:00+00:00,C009,0.9641373796819614,0.0,0.0,0.9641373796819614
2026-01-03 19:00:00+00:00,C009,0.9331616949045745,0.0,0.0,0.9331616949045745
2026-01-03 19:15:00+00:00,C009,0.9679089366510187,0.0,0.0,0.9679089366510187
2026-01-03 19:30:00+00:00,C009,0.9385000672076589,0.0,0.0,0.9385000672076589
2026-01-03 19:45:00+00:00,C009,0.9069319233224248,0.0,0.0,0.9069319233224248
2026-01-03 20:00:00+00:00,C009,0.8598198681768808,0.0,0.0,0.8598198681768808
2026-01-03 20:15:00+00:00,C009,0.8327287244912547,0.0,0.0,0.8327287244912547
2026-01-03 20:30:00+00:00,C009,0.8243676460269648,0.0,0.0,0.8243676460269648
2026-01-03 20:45:00+00:00,C009,0.7487395483791137,0.0,0.0,0.7487395483791137
2026-01-03 21:00:00+00:00,C009,0.7249958790801647,0.0,0.0,0.7249958790801647
2026-01-03 21:15:00+00:00,C009,0.6645316611129384,0.0,0.0,0.6645316611129384
2026-01-03 21:30:00+00:00,C009,0.6117766195249354,0.0,0.0,0.6117766195249354
2026-01-03 21:45:00+00:00,C009,0.6176124628720399,0.0,0.0,0.6176124628720399
2026-01-03 22:00:00+00:00,C009,0.558214467525356,0.0,0.0,0.558214467525356
2026-01-03 22:15:00+00:00,C009,0.49057309307915076,0.0,0.0,0.49057309307915076
2026-01-03 22:30:00+00:00,C009,0.4508131779603277,0.0,0.0,0.4508131779603277
2026-01-03 22:45:00+00:00,C009,0.3917359527442413,0.0,0.0,0.3917359527442413
2026-01-03 23:00:00+00:00,C009,0.38215164227731113,0.0,0.0,0.38215164227731113
2026-01-03 23:15:00+00:00,C009,0.37015427492365865,0.0,0.0,0.37015427492365865
2026-01-03 23:30:00+00:00,C009,0.36367866212020605,0.0,0.0,0.36367866212020605
2026-01-03 23:45:00+00:00,C009,0.34329525453225657,0.0,0.0,0.34329525453225657
2026-01-04 00:00:00+00:00,C009,0.2203326988867474,0.0,0.0,0.2203326988867474
2026-01-04 00:15:00+00:00,C009,0.2831883717431233,0.0,0.0,0.2831883717431233
2026-01-04 00:30:00+00:00,C009,0.25198153392457573,0.0,0.0,0.25198153392457573
2026-01-04 00:45:00+00:00,C009,0.2250358642066676,0.0,0.0,0.2250358642066676
2026-01-04 01:00:00+00:00,C009,0.29346266739599736,0.0,0.0,0.29346266739599736
2026-01-04 01:15:00+00:00,C009,0.30362270079328246,0.0,0.0,0.30362270079328246
2026-01-04 01:30:00+00:00,C009,0.26499779046522526,0.0,0.0,0.26499779046522526
2026-01-04 01:45:00+00:00,C009,0.2784955124602089,0.0,0.0,0.2784955124602089
2026-01-04 02:00:00+00:00,C009,0.2809290502052269,0.0,0.0,0.2809290502052269
2026-01-04 02:15:00+00:00,C009,0.30175658056086063,0.0,0.0,0.30175658056086063
2026-01-04 02:30:00+00:00,C009,0.28503094939993945,0.0,0.0,0.28503094939993945
2026-01-04 02:45:00+00:00,C009,0.2221822687600055,0.0,0.0,0.2221822687600055
2026-01-04 03:00:00+00:00,C009,0.32281296313925045,0.0,0.0,0.32281296313925045
2026-01-04 03:15:00+00:00,C009,0.30283633220079637,0.0,0.0,0.30283633220079637
2026-01-04 03:30:00+00:00,C009,0.25721453870489197,0.0,0.0,0.25721453870489197
2026-01-04 03:45:00+00:00,C009,0.25068282486327864,0.0,0.0,0.25068282486327864
2026-01-04 04:00:00+00:00,C009,0.30641815171084136,0.0,0.0,0.30641815171084136
2026-01-04 04:15:00+00:00,C009,0.29823976384574336,0.0,0.0,0.29823976384574336
2026-01-04 04:30:00+00:00,C009,0.3333431121108594,0.0,0.0,0.3333431121108594
2026-01-04 04:45:00+00:00,C009,0.3657307830277468,0.0,0.0,0.3657307830277468
2026-01-04 05:00:00+00:00,C009,0.35606185828301523,0.0,0.0,0.35606185828301523
2026-01-04 05:15:00+00:00,C009,0.3707808165450908,0.0,0.0,0.3707808165450908
2026-01-04 05:30:00+00:00,C009,0.45562641749094324,0.0,0.0,0.45562641749094324
2026-01-04 05:45:00+00:00,C009,0.47246802345982897,0.0,0.0,0.47246802345982897
2026-01-04 06:00:00+00:00,C009,0.5340338926763764,0.0,0.0,0.5340338926763764
2026-01-04 06:15:00+00:00,C009,0.5379804292647425,0.0,0.0,0.5379804292647425
2026-01-04 06:30:00+00:00,C009,0.6116832300944116,0.0,0.0,0.6116832300944116
2026-01-04 06:45:00+00:00,C009,0.6813481037028769,0.0,0.0,0.6813481037028769
2026-01-04 07:00:00+00:00,C009,0.7054963316528455,0.0,0.0,0.7054963316528455
2026-01-04 07:15:00+00:00,C009,0.6848389116102607,0.0,0.0,0.6848389116102607
2026-01-04 07:30:00+00:00,C009,0.6735396223496543,0.0,0.0,0.6735396223496543
2026-01-04 07:45:00+00:00,C009,0.7112964311253319,0.0,0.0,0.7112964311253319
2026-01-04 08:00:00+00:00,C009,0.7025669001143937,0.0,0.0,0.7025669001143937
2026-01-04 08:15:00+00:00,C009,0.6731671500384984,0.0,0.0,0.6731671500384984
2026-01-04 08:30:00+00:00,C009,0.6046115583382582,0.0,0.0,0.6046115583382582
2026-01-04 08:45:00+00:00,C009,0.5884194309154637,0.0,0.0,0.5884194309154637
2026-01-04 09:00:00+00:00,C009,0.5768987856765665,0.0,0.0,0.5768987856765665
2026-01-04 09:15:00+00:00,C009,0.49642081994086495,0.0,0.0,0.49642081994086495
2026-01-04 09:30:00+00:00,C009,0.4043057043810767,0.0,0.0,0.4043057043810767
2026-01-04 09:45:00+00:00,C009,0.41706051014579115,0.0,0.0,0.41706051014579115
2026-01-04 10:00:00+00:00,C009,0.4407566570996526,0.0,0.0,0.4407566570996526
2026-01-04 10:15:00+00:00,C009,0.3111634032145092,0.0,0.0,0.3111634032145092
2026-01-04 10:30:00+00:00,C009,0.32427144876379327,0.0,0.0,0.32427144876379327
2026-01-04 10:45:00+00:00,C009,0.3004212061231938,0.0,0.0,0.3004212061231938
2026-01-04 11:00:00+00:00,C009,0.2989433442903195,0.0,0.0,0.2989433442903195
2026-01-04 11:15:00+00:00,C009,0.29278599524343507,0.0,0.0,0.29278599524343507
2026-01-04 11:30:00+00:00,C009,0.3130490394943523,0.0,0.0,0.3130490394943523
2026-01-04 11:45:00+00:00,C009,0.27917071691474726,0.0,0.0,0.27917071691474726
2026-01-04 12:00:00+00:00,C009,0.3120204003229779,0.0,0.0,0.3120204003229779
2026-01-04 12:15:00+00:00,C009,0.26823968405891996,0.0,0.0,0.26823968405891996
2026-01-04 12:30:00+00:00,C009,0.26096524159795903,0.0,0.0,0.26096524159795903
2026-01-04 12:45:00+00:00,C009,0.25452591885419174,0.0,0.0,0.25452591885419174
2026-01-04 13:00:00+00:00,C009,0.22825960907596587,0.0,0.0,0.22825960907596587
2026-01-04 13:15:00+00:00,C009,0.2925048756897946,0.0,0.0,0.2925048756897946
2026-01-04 13:30:00+00:00,C009,0.3534801644420044,0.0,0.0,0.3534801644420044
2026-01-04 13:45:00+00:00,C009,0.3144845644500487,0.0,0.0,0.3144845644500487
2026-01-04 14:00:00+00:00,C009,0.33121081117305445,0.0,0.0,0.33121081117305445
2026-01-04 14:15:00+00:00,C009,0.3195521115700945,0.0,0.0,0.3195521115700945
2026-01-04 14:30:00+00:00,C009,0.34010211283479014,0.0,0.0,0.34010211283479014
2026-01-04 14:45:00+00:00,C009,0.39628055617241786,0.0,0.0,0.39628055617241786
2026-01-04 15:00:00+00:00,C009,0.4570741611430372,0.0,0.0,0.4570741611430372
2026-01-04 15:15:00+00:00,C009,0.46395343849517207,0.0,0.0,0.46395343849517207
2026-01-04 15:30:00+00:00,C009,0.4793578138784291,0.0,0.0,0.4793578138784291
2026-01-04 15:45:00+00:00,C009,0.4920571094342394,0.0,0.0,0.4920571094342394
2026-01-04 16:00:00+00:00,C009,0.54199872160266,0.0,0.0,0.54199872160266
2026-01-04 16:15:00+00:00,C009,0.5524282173004565,0.0,0.0,0.5524282173004565
2026-01-04 16:30:00+00:00,C009,0.5763480440188551,0.0,0.0,0.5763480440188551
2026-01-04 16:45:00+00:00,C009,0.6359661432361566,0.0,0.0,0.6359661432361566
2026-01-04 17:00:00+00:00,C009,0.7184679598236053,0.0,0.0,0.7184679598236053
2026-01-04 17:15:00+00:00,C009,0.7541511453072329,0.0,0.0,0.7541511453072329
2026-01-04 17:30:00+00:00,C009,0.7675884048256276,0.0,0.0,0.7675884048256276
2026-01-04 17:45:00+00:00,C009,0.8471656894287242,0.0,0.0,0.8471656894287242
2026-01-04 18:00:00+00:00,C009,0.8731458612004392,0.0,0.0,0.8731458612004392
2026-01-04 18:15:00+00:00,C009,0.8712147173748339,0.0,0.0,0.8712147173748339
2026-01-04 18:30:00+00:00,C009,0.9140477970860769,0.0,0.0,0.9140477970860769
2026-01-04 18:45:00+00:00,C009,0.9389040836010742,0.0,0.0,0.9389040836010742
2026-01-04 19:00:00+00:00,C009,0.9280671432357899,0.0,0.0,0.9280671432357899
2026-01-04 19:15:00+00:00,C009,0.9654061783897683,0.0,0.0,0.9654061783897683
2026-01-04 19:30:00+00:00,C009,0.8711854651341526,0.0,0.0,0.8711854651341526
2026-01-04 19:45:00+00:00,C009,0.848595381922035,0.0,0.0,0.848595381922035
2026-01-04 20:00:00+00:00,C009,0.8778344083433542,0.0,0.0,0.8778344083433542
2026-01-04 20:15:00+00:00,C009,0.8422833860125423,0.0,0.0,0.8422833860125423
2026-01-04 20:30:00+00:00,C009,0.8151261747473123,0.0,0.0,0.8151261747473123
2026-01-04 20:45:00+00:00,C009,0.737079109555543,0.0,0.0,0.737079109555543
2026-01-04 21:00:00+00:00,C009,0.6815107865784265,0.0,0.0,0.6815107865784265
2026-01-04 21:15:00+00:00,C009,0.6616610659330998,0.0,0.0,0.6616610659330998
2026-01-04 21:30:00+00:00,C009,0.6026543395153917,0.0,0.0,0.6026543395153917
2026-01-04 21:45:00+00:00,C009,0.6110130053609288,0.0,0.0,0.6110130053609288
2026-01-04 22:00:00+00:00,C009,0.5192971223809401,0.0,0.0,0.5192971223809401
2026-01-04 22:15:00+00:00,C009,0.4917560350400727,0.0,0.0,0.4917560350400727
2026-01-04 22:30:00+00:00,C009,0.5210394447750699,0.0,0.0,0.5210394447750699
2026-01-04 22:45:00+00:00,C009,0.4128865372817645,0.0,0.0,0.4128865372817645
2026-01-04 23:00:00+00:00,C009,0.4049111295402074,0.0,0.0,0.4049111295402074
2026-01-04 23:15:00+00:00,C009,0.37994799896590037,0.0,0.0,0.37994799896590037
2026-01-04 23:30:00+00:00,C009,0.36675472937993114,0.0,0.0,0.36675472937993114
2026-01-04 23:45:00+00:00,C009,0.33478300664225147,0.0,0.0,0.33478300664225147
2026-01-05 00:00:00+00:00,C009,0.2401559874634482,0.0,0.0,0.2401559874634482
2026-01-05 00:15:00+00:00,C009,0.23679732379789772,0.0,0.0,0.23679732379789772
2026-01-05 00:30:00+00:00,C009,0.21542120306271437,0.0,0.0,0.21542120306271437
2026-01-05 00:45:00+00:00,C009,0.24287955763844213,0.0,0.0,0.24287955763844213
2026-01-05 01:00:00+00:00,C009,0.294834725385429,0.0,0.0,0.294834725385429
2026-01-05 01:15:00+00:00,C009,0.27304145139730823,0.0,0.0,0.27304145139730823
2026-01-05 01:30:00+00:00,C009,0.24760191170969856,0.0,0.0,0.24760191170969856
2026-01-05 01:45:00+00:00,C009,0.26177519310871394,0.0,0.0,0.26177519310871394
2026-01-05 02:00:00+00:00,C009,0.2114724446250055,0.0,0.0,0.2114724446250055
2026-01-05 02:15:00+00:00,C009,0.22946459856205928,0.0,0.0,0.22946459856205928
2026-01-05 02:30:00+00:00,C009,0.2666097524733265,0.0,0.0,0.2666097524733265
2026-01-05 02:45:00+00:00,C009,0.2851658353286747,0.0,0.0,0.2851658353286747
2026-01-05 03:00:00+00:00,C009,0.2189208526616007,0.0,0.0,0.2189208526616007
2026-01-05 03:15:00+00:00,C009,0.23153815046822324,0.0,0.0,0.23153815046822324
2026-01-05 03:30:00+00:00,C009,0.31579855377790134,0.0,0.0,0.31579855377790134
2026-01-05 03:45:00+00:00,C009,0.2616118807848491,0.0,0.0,0.2616118807848491
2026-01-05 04:00:00+00:00,C009,0.3219660787420012,0.0,0.0,0.3219660787420012
2026-01-05 04:15:00+00:00,C009,0.28545517379680824,0.0,0.0,0.28545517379680824
2026-01-05 04:30:00+00:00,C009,0.30213437226258044,0.0,0.0,0.30213437226258044
2026-01-05 04:45:00+00:00,C009,0.30861083347625273,0.0,0.0,0.30861083347625273
2026-01-05 05:00:00+00:00,C009,0.3704478309924323,0.0,0.0,0.3704478309924323
2026-01-05 05:15:00+00:00,C009,0.4153873177619261,0.0,0.0,0.4153873177619261
2026-01-05 05:30:00+00:00,C009,0.37890789024083943,0.0,0.0,0.37890789024083943
2026-01-05 05:45:00+00:00,C009,0.4363407167158591,0.0,0.0,0.4363407167158591
2026-01-05 06:00:00+00:00,C009,0.5227551471006497,0.0,0.0,0.5227551471006497
2026-01-05 06:15:00+00:00,C009,0.5311402010892393,0.0,0.0,0.5311402010892393
2026-01-05 06:30:00+00:00,C009,0.5598592056008566,0.0,0.0,0.5598592056008566
2026-01-05 06:45:00+00:00,C009,0.6417036761096726,0.0,0.0,0.6417036761096726
2026-01-05 07:00:00+00:00,C009,0.6656340108006701,0.0,0.0,0.6656340108006701
2026-01-05 07:15:00+00:00,C009,0.6310038635377948,0.0,0.0,0.6310038635377948
2026-01-05 07:30:00+00:00,C009,0.6602991510946994,0.0,0.0,0.6602991510946994
2026-01-05 07:45:00+00:00,C009,0.6105730817254522,0.0,0.0,0.6105730817254522
2026-01-05 08:00:00+00:00,C009,0.6006776258928141,0.0,0.0,0.6006776258928141
2026-01-05 08:15:00+00:00,C009,0.6047464539790282,0.0,0.0,0.6047464539790282
2026-01-05 08:30:00+00:00,C009,0.5729430363166425,0.0,0.0,0.5729430363166425
2026-01-05 08:45:00+00:00,C009,0.5004318504123781,0.0,0.0,0.5004318504123781
2026-01-05 09:00:00+00:00,C009,0.4704647121750849,0.0,0.0,0.4704647121750849
2026-01-05 09:15:00+00:00,C009,0.4211133540542488,0.0,0.0,0.4211133540542488
2026-01-05 09:30:00+00:00,C009,0.4269332756517518,0.0,0.0,0.4269332756517518
2026-01-05 09:45:00+00:00,C009,0.32040565919220737,0.0,0.0,0.32040565919220737
2026-01-05 10:00:00+00:00,C009,0.31684359513646587,0.0,0.0,0.31684359513646587
2026-01-05 10:15:00+00:00,C009,0.2643788267720989,0.0,0.0,0.2643788267720989
2026-01-05 10:30:00+00:00,C009,0.3100502617518502,0.0,0.0,0.3100502617518502
2026-01-05 10:45:00+00:00,C009,0.2258212820495513,0.0,0.0,0.2258212820495513
2026-01-05 11:00:00+00:00,C009,0.2732249582365871,0.0,0.0,0.2732249582365871
2026-01-05 11:15:00+00:00,C009,0.3101663707905894,0.0,0.0,0.3101663707905894
2026-01-05 11:30:00+00:00,C009,0.30717764840748035,0.0,0.0,0.30717764840748035
2026-01-05 11:45:00+00:00,C009,0.19700804157955268,0.0,0.0,0.19700804157955268
2026-01-05 12:00:00+00:00,C009,0.25900973820442236,0.0,0.0,0.25900973820442236
2026-01-05 12:15:00+00:00,C009,0.22220638146011545,0.0,0.0,0.22220638146011545
2026-01-05 12:30:00+00:00,C009,0.21325215290522218,0.0,0.0,0.21325215290522218
2026-01-05 12:45:00+00:00,C009,0.24984323648891937,0.0,0.0,0.24984323648891937
2026-01-05 13:00:00+00:00,C009,0.2934747142961685,0.0,0.0,0.2934747142961685
2026-01-05 13:15:00+00:00,C009,0.28033325475670823,0.0,0.0,0.28033325475670823
2026-01-05 13:30:00+00:00,C009,0.24698570128747016,0.0,0.0,0.24698570128747016
2026-01-05 13:45:00+00:00,C009,0.29664908961619035,0.0,0.0,0.29664908961619035
2026-01-05 14:00:00+00:00,C009,0.22007534723106048,0.0,0.0,0.22007534723106048
2026-01-05 14:15:00+00:00,C009,0.2775559923473988,0.0,0.0,0.2775559923473988
2026-01-05 14:30:00+00:00,C009,0.2918935324364972,0.0,0.0,0.2918935324364972
2026-01-05 14:45:00+00:00,C009,0.3369601324608815,0.0,0.0,0.3369601324608815
2026-01-05 15:00:00+00:00,C009,0.3549288620827678,0.0,0.0,0.3549288620827678
2026-01-05 15:15:00+00:00,C009,0.3861457128269616,0.0,0.0,0.3861457128269616
2026-01-05 15:30:00+00:00,C009,0.4101003104709144,0.0,0.0,0.4101003104709144
2026-01-05 15:45:00+00:00,C009,0.4533455934456609,0.0,0.0,0.4533455934456609
2026-01-05 16:00:00+00:00,C009,0.5022882514902017,0.0,0.0,0.5022882514902017
2026-01-05 16:15:00+00:00,C009,0.5324106969021061,0.0,0.0,0.5324106969021061
2026-01-05 16:30:00+00:00,C009,0.562919906907488,0.0,0.0,0.562919906907488
2026-01-05 16:45:00+00:00,C009,0.6250366649177355,0.0,0.0,0.6250366649177355
2026-01-05 17:00:00+00:00,C009,0.6750874104869062,0.0,0.0,0.6750874104869062
2026-01-05 17:15:00+00:00,C009,0.6748991092742456,0.0,0.0,0.6748991092742456
2026-01-05 17:30:00+00:00,C009,0.7375795500393622,0.0,0.0,0.7375795500393622
2026-01-05 17:45:00+00:00,C009,0.810249131507497,0.0,0.0,0.810249131507497
2026-01-05 18:00:00+00:00,C009,0.7698282671245411,0.0,0.0,0.7698282671245411
2026-01-05 18:15:00+00:00,C009,0.8916906698276643,0.0,0.0,0.8916906698276643
2026-01-05 18:30:00+00:00,C009,0.8108603904134982,0.0,0.0,0.8108603904134982
2026-01-05 18:45:00+00:00,C009,0.8538195702858556,0.0,0.0,0.8538195702858556
2026-01-05 19:00:00+00:00,C009,0.8373710443039094,0.0,0.0,0.8373710443039094
2026-01-05 19:15:00+00:00,C009,0.9336332352128839,0.0,0.0,0.9336332352128839
2026-01-05 19:30:00+00:00,C009,0.8432185381336725,0.0,0.0,0.8432185381336725
2026-01-05 19:45:00+00:00,C009,0.8255040164880496,0.0,0.0,0.8255040164880496
2026-01-05 20:00:00+00:00,C009,0.7981715829013599,0.0,0.0,0.7981715829013599
2026-01-05 20:15:00+00:00,C009,0.7767377787808128,0.0,0.0,0.7767377787808128
2026-01-05 20:30:00+00:00,C009,0.726241347568726,0.0,0.0,0.726241347568726
2026-01-05 20:45:00+00:00,C009,0.6829408169430877,0.0,0.0,0.6829408169430877
2026-01-05 21:00:00+00:00,C009,0.5420107731564969,0.0,0.0,0.5420107731564969
2026-01-05 21:15:00+00:00,C009,0.6134688956909141,0.0,0.0,0.6134688956909141
2026-01-05 21:30:00+00:00,C009,0.5646736897751096,0.0,0.0,0.5646736897751096
2026-01-05 21:45:00+00:00,C009,0.5556059170084654,0.0,0.0,0.5556059170084654
2026-01-05 22:00:00+00:00,C009,0.5234079168308245,0.0,0.0,0.5234079168308245
2026-01-05 22:15:00+00:00,C009,0.44014540609394115,0.0,0.0,0.44014540609394115
2026-01-05 22:30:00+00:00,C009,0.43540640775362704,0.0,0.0,0.43540640775362704
2026-01-05 22:45:00+00:00,C009,0.34964606722127645,0.0,0.0,0.34964606722127645
2026-01-05 23:00:00+00:00,C009,0.3761614550626752,0.0,0.0,0.3761614550626752
2026-01-05 23:15:00+00:00,C009,0.3170611992985694,0.0,0.0,0.3170611992985694
2026-01-05 23:30:00+00:00,C009,0.2769372812575087,0.0,0.0,0.2769372812575087
2026-01-05 23:45:00+00:00,C009,0.2862626437751869,0.0,0.0,0.2862626437751869
2026-01-06 00:00:00+00:00,C009,0.275310682020058,0.0,0.0,0.275310682020058
2026-01-06 00:15:00+00:00,C009,0.23763819660230037,0.0,0.0,0.23763819660230037
2026-01-06 00:30:00+00:00,C009,0.279321662251664,0.0,0.0,0.279321662251664
2026-01-06 00:45:00+00:00,C009,0.21184060895210746,0.0,0.0,0.21184060895210746
2026-01-06 01:00:00+00:00,C009,0.2670862997888194,0.0,0.0,0.2670862997888194
2026-01-06 01:15:00+00:00,C009,0.21678416387843677,0.0,0.0,0.21678416387843677
2026-01-06 01:30:00+00:00,C009,0.24448426572940749,0.0,0.0,0.24448426572940749
2026-01-06 01:45:00+00:00,C009,0.24331474304791448,0.0,0.0,0.24331474304791448
2026-01-06 02:00:00+00:00,C009,0.2590672429955114,0.0,0.0,0.2590672429955114
2026-01-06 02:15:00+00:00,C009,0.24570510782758279,0.0,0.0,0.24570510782758279
2026-01-06 02:30:00+00:00,C009,0.21665783825877827,0.0,0.0,0.21665783825877827
2026-01-06 02:45:00+00:00,C009,0.2678076559471203,0.0,0.0,0.2678076559471203
2026-01-06 03:00:00+00:00,C009,0.29650746882994466,0.0,0.0,0.29650746882994466
2026-01-06 03:15:00+00:00,C009,0.22936575827539157,0.0,0.0,0.22936575827539157
2026-01-06 03:30:00+00:00,C009,0.19756750239485002,0.0,0.0,0.19756750239485002
2026-01-06 03:45:00+00:00,C009,0.27257786337210993,0.0,0.0,0.27257786337210993
2026-01-06 04:00:00+00:00,C009,0.2608567061450826,0.0,0.0,0.2608567061450826
2026-01-06 04:15:00+00:00,C009,0.27730858491790933,0.0,0.0,0.27730858491790933
2026-01-06 04:30:00+00:00,C009,0.31712038980691254,0.0,0.0,0.31712038980691254
2026-01-06 04:45:00+00:00,C009,0.3072518762592718,0.0,0.0,0.3072518762592718
2026-01-06 05:00:00+00:00,C009,0.33395518690864084,0.0,0.0,0.33395518690864084
2026-01-06 05:15:00+00:00,C009,0.3708273252143669,0.0,0.0,0.3708273252143669
2026-01-06 05:30:00+00:00,C009,0.4569516662846158,0.0,0.0,0.4569516662846158
2026-01-06 05:45:00+00:00,C009,0.45507142423886865,0.0,0.0,0.45507142423886865
2026-01-06 06:00:00+00:00,C009,0.46258171823567296,0.0,0.0,0.46258171823567296
2026-01-06 06:15:00+00:00,C009,0.4989797059732346,0.0,0.0,0.4989797059732346
2026-01-06 06:30:00+00:00,C009,0.5691326310557445,0.0,0.0,0.5691326310557445
2026-01-06 06:45:00+00:00,C009,0.5708319051606278,0.0,0.0,0.5708319051606278
2026-01-06 07:00:00+00:00,C009,0.5874285549188722,0.0,0.0,0.5874285549188722
2026-01-06 07:15:00+00:00,C009,0.6666986740642156,0.0,0.0,0.6666986740642156
2026-01-06 07:30:00+00:00,C009,0.680991463244619,0.0,0.0,0.680991463244619
2026-01-06 07:45:00+00:00,C009,0.6395452926516245,0.0,0.0,0.6395452926516245
2026-01-06 08:00:00+00:00,C009,0.641614716360277,0.0,0.0,0.641614716360277
2026-01-06 08:15:00+00:00,C009,0.6130177330188487,0.0,0.0,0.6130177330188487
2026-01-06 08:30:00+00:00,C009,0.5891886318330903,0.0,0.0,0.5891886318330903
2026-01-06 08:45:00+00:00,C009,0.5519629031962908,0.0,0.0,0.5519629031962908
2026-01-06 09:00:00+00:00,C009,0.41366963251488903,0.0,0.0,0.41366963251488903
2026-01-06 09:15:00+00:00,C009,0.4467388934081485,0.0,0.0,0.4467388934081485
2026-01-06 09:30:00+00:00,C009,0.4266810300878601,0.0,0.0,0.4266810300878601
2026-01-06 09:45:00+00:00,C009,0.36192301191771914,0.0,0.0,0.36192301191771914
2026-01-06 10:00:00+00:00,C009,0.3493024896857991,0.0,0.0,0.3493024896857991
2026-01-06 10:15:00+00:00,C009,0.3444700737135142,0.0,0.0,0.3444700737135142
2026-01-06 10:30:00+00:00,C009,0.29977802098658485,0.0,0.0,0.29977802098658485
2026-01-06 10:45:00+00:00,C009,0.3286581075845765,0.0,0.0,0.3286581075845765
2026-01-06 11:00:00+00:00,C009,0.3026880697658164,0.0,0.0,0.3026880697658164
2026-01-06 11:15:00+00:00,C009,0.2591510289722689,0.0,0.0,0.2591510289722689
2026-01-06 11:30:00+00:00,C009,0.2481688081947045,0.0,0.0,0.2481688081947045
2026-01-06 11:45:00+00:00,C009,0.16664324242332346,0.0,0.0,0.16664324242332346
2026-01-06 12:00:00+00:00,C009,0.24022596780172487,0.0,0.0,0.24022596780172487
2026-01-06 12:15:00+00:00,C009,0.20720481082919173,0.0,0.0,0.20720481082919173
2026-01-06 12:30:00+00:00,C009,0.2578623516301793,0.0,0.0,0.2578623516301793
2026-01-06 12:45:00+00:00,C009,0.2587205623683867,0.0,0.0,0.2587205623683867
2026-01-06 13:00:00+00:00,C009,0.27780106932933063,0.0,0.0,0.27780106932933063
2026-01-06 13:15:00+00:00,C009,0.3025048233121043,0.0,0.0,0.3025048233121043
2026-01-06 13:30:00+00:00,C009,0.26936564055411233,0.0,0.0,0.26936564055411233
2026-01-06 13:45:00+00:00,C009,0.343982365905422,0.0,0.0,0.343982365905422
2026-01-06 14:00:00+00:00,C009,0.295283826571003,0.0,0.0,0.295283826571003
2026-01-06 14:15:00+00:00,C009,0.2598688909474537,0.0,0.0,0.2598688909474537
2026-01-06 14:30:00+00:00,C009,0.3048882567230669,0.0,0.0,0.3048882567230669
2026-01-06 14:45:00+00:00,C009,0.3276767234238736,0.0,0.0,0.3276767234238736
2026-01-06 15:00:00+00:00,C009,0.381791402210492,0.0,0.0,0.381791402210492
2026-01-06 15:15:00+00:00,C009,0.3609436842680217,0.0,0.0,0.3609436842680217
2026-01-06 15:30:00+00:00,C009,0.4086367052876719,0.0,0.0,0.4086367052876719
2026-01-06 15:45:00+00:00,C009,0.4478035250077508,0.0,0.0,0.4478035250077508
2026-01-06 16:00:00+00:00,C009,0.47666670734701666,0.0,0.0,0.47666670734701666
2026-01-06 16:15:00+00:00,C009,0.5541741493134872,0.0,0.0,0.5541741493134872
2026-01-06 16:30:00+00:00,C009,0.5899195339055975,0.0,0.0,0.5899195339055975
2026-01-06 16:45:00+00:00,C009,0.6528722596650204,0.0,0.0,0.6528722596650204
2026-01-06 17:00:00+00:00,C009,0.645147421622911,0.0,0.0,0.645147421622911
2026-01-06 17:15:00+00:00,C009,0.7333488311825102,0.0,0.0,0.7333488311825102
2026-01-06 17:30:00+00:00,C009,0.6972642562122573,0.0,0.0,0.6972642562122573
2026-01-06 17:45:00+00:00,C009,0.7320874340186334,0.0,0.0,0.7320874340186334
2026-01-06 18:00:00+00:00,C009,0.7700213440531,0.0,0.0,0.7700213440531
2026-01-06 18:15:00+00:00,C009,0.8243056259846148,0.0,0.0,0.8243056259846148
2026-01-06 18:30:00+00:00,C009,0.8889691791936779,0.0,0.0,0.8889691791936779
2026-01-06 18:45:00+00:00,C009,0.8471702451835678,0.0,0.0,0.8471702451835678
2026-01-06 19:00:00+00:00,C009,0.8565468940179957,0.0,0.0,0.8565468940179957
2026-01-06 19:15:00+00:00,C009,0.8612578092094194,0.0,0.0,0.8612578092094194
2026-01-06 19:30:00+00:00,C009,0.8734395195014678,0.0,0.0,0.8734395195014678
2026-01-06 19:45:00+00:00,C009,0.8201750531711781,0.0,0.0,0.8201750531711781
2026-01-06 20:00:00+00:00,C009,0.7880115783038403,0.0,0.0,0.7880115783038403
2026-01-06 20:15:00+00:00,C009,0.7294755893595477,0.0,0.0,0.7294755893595477
2026-01-06 20:30:00+00:00,C009,0.7168944393759008,0.0,0.0,0.7168944393759008
2026-01-06 20:45:00+00:00,C009,0.7321393977442276,0.0,0.0,0.7321393977442276
2026-01-06 21:00:00+00:00,C009,0.6507013245500798,0.0,0.0,0.6507013245500798
2026-01-06 21:15:00+00:00,C009,0.5830792217751862,0.0,0.0,0.5830792217751862
2026-01-06 21:30:00+00:00,C009,0.6021580823846676,0.0,0.0,0.6021580823846676
2026-01-06 21:45:00+00:00,C009,0.5069463144809199,0.0,0.0,0.5069463144809199
2026-01-06 22:00:00+00:00,C009,0.5238284361917898,0.0,0.0,0.5238284361917898
2026-01-06 22:15:00+00:00,C009,0.4872364527107861,0.0,0.0,0.4872364527107861
2026-01-06 22:30:00+00:00,C009,0.41672729286224425,0.0,0.0,0.41672729286224425
2026-01-06 22:45:00+00:00,C009,0.3365479596883682,0.0,0.0,0.3365479596883682
2026-01-06 23:00:00+00:00,C009,0.42281247284817336,0.0,0.0,0.42281247284817336
2026-01-06 23:15:00+00:00,C009,0.34482195701696755,0.0,0.0,0.34482195701696755
2026-01-06 23:30:00+00:00,C009,0.30186843266408225,0.0,0.0,0.30186843266408225
2026-01-06 23:45:00+00:00,C009,0.3265816703725044,0.0,0.0,0.3265816703725044
2026-01-07 00:00:00+00:00,C009,0.2524635724841935,0.0,0.0,0.2524635724841935
2026-01-07 00:15:00+00:00,C009,0.271289128259516,0.0,0.0,0.271289128259516
2026-01-07 00:30:00+00:00,C009,0.2144951877429787,0.0,0.0,0.2144951877429787
2026-01-07 00:45:00+00:00,C009,0.2436129857634095,0.0,0.0,0.2436129857634095
2026-01-07 01:00:00+00:00,C009,0.20256607161229523,0.0,0.0,0.20256607161229523
2026-01-07 01:15:00+00:00,C009,0.2570485349915174,0.0,0.0,0.2570485349915174
2026-01-07 01:30:00+00:00,C009,0.23582836230295148,0.0,0.0,0.23582836230295148
2026-01-07 01:45:00+00:00,C009,0.24658355807890342,0.0,0.0,0.24658355807890342
2026-01-07 02:00:00+00:00,C009,0.23218930678523972,0.0,0.0,0.23218930678523972
2026-01-07 02:15:00+00:00,C009,0.22829052079539236,0.0,0.0,0.22829052079539236
2026-01-07 02:30:00+00:00,C009,0.21506166682365904,0.0,0.0,0.21506166682365904
2026-01-07 02:45:00+00:00,C009,0.26599911896531336,0.0,0.0,0.26599911896531336
2026-01-07 03:00:00+00:00,C009,0.2878580760813464,0.0,0.0,0.2878580760813464
2026-01-07 03:15:00+00:00,C009,0.22791013644384328,0.0,0.0,0.22791013644384328
2026-01-07 03:30:00+00:00,C009,0.26970032289265256,0.0,0.0,0.26970032289265256
2026-01-07 03:45:00+00:00,C009,0.27071083154165737,0.0,0.0,0.27071083154165737
2026-01-07 04:00:00+00:00,C009,0.26495909289798175,0.0,0.0,0.26495909289798175
2026-01-07 04:15:00+00:00,C009,0.2365015411623047,0.0,0.0,0.2365015411623047
2026-01-07 04:30:00+00:00,C009,0.2592817147353634,0.0,0.0,0.2592817147353634
2026-01-07 04:45:00+00:00,C009,0.2946280681415301,0.0,0.0,0.2946280681415301
2026-01-07 05:00:00+00:00,C009,0.2801025305004448,0.0,0.0,0.2801025305004448
2026-01-07 05:15:00+00:00,C009,0.4149154305981357,0.0,0.0,0.4149154305981357
2026-01-07 05:30:00+00:00,C009,0.420327697283157,0.0,0.0,0.420327697283157
2026-01-07 05:45:00+00:00,C009,0.4522725514075741,0.0,0.0,0.4522725514075741
2026-01-07 06:00:00+00:00,C009,0.42309189355880267,0.0,0.0,0.42309189355880267
2026-01-07 06:15:00+00:00,C009,0.4782148775314794,0.0,0.0,0.4782148775314794
2026-01-07 06:30:00+00:00,C009,0.5661278220288817,0.0,0.0,0.5661278220288817
2026-01-07 06:45:00+00:00,C009,0.6648351263977341,0.0,0.0,0.6648351263977341
2026-01-07 07:00:00+00:00,C009,0.6110685294739104,0.0,0.0,0.6110685294739104
2026-01-07 07:15:00+00:00,C009,0.6706500609919458,0.0,0.0,0.6706500609919458
2026-01-07 07:30:00+00:00,C009,0.6353631886438652,0.0,0.0,0.6353631886438652
2026-01-07 07:45:00+00:00,C009,0.6469776674850035,0.0,0.0,0.6469776674850035
2026-01-07 08:00:00+00:00,C009,0.6724730781795498,0.0,0.0,0.6724730781795498
2026-01-07 08:15:00+00:00,C009,0.5923735586846423,0.0,0.0,0.5923735586846423
2026-01-07 08:30:00+00:00,C009,0.5533790041563698,0.0,0.0,0.5533790041563698
2026-01-07 08:45:00+00:00,C009,0.5742751921758908,0.0,0.0,0.5742751921758908
2026-01-07 09:00:00+00:00,C009,0.4963899359724684,0.0,0.0,0.4963899359724684
2026-01-07 09:15:00+00:00,C009,0.48190340483099403,0.0,0.0,0.48190340483099403
2026-01-07 09:30:00+00:00,C009,0.39235352360219766,0.0,0.0,0.39235352360219766
2026-01-07 09:45:00+00:00,C009,0.4204271437101883,0.0,0.0,0.4204271437101883
2026-01-07 10:00:00+00:00,C009,0.35167659761712083,0.0,0.0,0.35167659761712083
2026-01-07 10:15:00+00:00,C009,0.33151200144228776,0.0,0.0,0.33151200144228776
2026-01-07 10:30:00+00:00,C009,0.30289439299353704,0.0,0.0,0.30289439299353704
2026-01-07 10:45:00+00:00,C009,0.2643667498743884,0.0,0.0,0.2643667498743884
2026-01-07 11:00:00+00:00,C009,0.27008871078890767,0.0,0.0,0.27008871078890767
2026-01-07 11:15:00+00:00,C009,0.2474090802425661,0.0,0.0,0.2474090802425661
2026-01-07 11:30:00+00:00,C009,0.28316293000268905,0.0,0.0,0.28316293000268905
2026-01-07 11:45:00+00:00,C009,0.24572344497851592,0.0,0.0,0.24572344497851592
2026-01-07 12:00:00+00:00,C009,0.20348616804333688,0.0,0.0,0.20348616804333688
2026-01-07 12:15:00+00:00,C009,0.19885216052010846,0.0,0.0,0.19885216052010846
2026-01-07 12:30:00+00:00,C009,0.19809655591108516,0.0,0.0,0.19809655591108516
2026-01-07 12:45:00+00:00,C009,0.268121609910393,0.0,0.0,0.268121609910393
2026-01-07 13:00:00+00:00,C009,0.22173319723349208,0.0,0.0,0.22173319723349208
2026-01-07 13:15:00+00:00,C009,0.2721316232655253,0.0,0.0,0.2721316232655253
2026-01-07 13:30:00+00:00,C009,0.2680835926730217,0.0,0.0,0.2680835926730217
2026-01-07 13:45:00+00:00,C009,0.2691253097880772,0.0,0.0,0.2691253097880772
2026-01-07 14:00:00+00:00,C009,0.2995274927939696,0.0,0.0,0.2995274927939696
2026-01-07 14:15:00+00:00,C009,0.3071454598031457,0.0,0.0,0.3071454598031457
2026-01-07 14:30:00+00:00,C009,0.23489587093026137,0.0,0.0,0.23489587093026137
2026-01-07 14:45:00+00:00,C009,0.3261267701589163,0.0,0.0,0.3261267701589163
2026-01-07 15:00:00+00:00,C009,0.3715521942092638,0.0,0.0,0.3715521942092638
2026-01-07 15:15:00+00:00,C009,0.43671038622055136,0.0,0.0,0.43671038622055136
2026-01-07 15:30:00+00:00,C009,0.4647116051662761,0.0,0.0,0.4647116051662761
2026-01-07 15:45:00+00:00,C009,0.4070399297745572,0.0,0.0,0.4070399297745572
2026-01-07 16:00:00+00:00,C009,0.4797491341045418,0.0,0.0,0.4797491341045418
2026-01-07 16:15:00+00:00,C009,0.4768101896663065,0.0,0.0,0.4768101896663065
2026-01-07 16:30:00+00:00,C009,0.6065768375766892,0.0,0.0,0.6065768375766892
2026-01-07 16:45:00+00:00,C009,0.6400584675679691,0.0,0.0,0.6400584675679691
2026-01-07 17:00:00+00:00,C009,0.6649039958226269,0.0,0.0,0.6649039958226269
2026-01-07 17:15:00+00:00,C009,0.7005460261674404,0.0,0.0,0.7005460261674404
2026-01-07 17:30:00+00:00,C009,0.773480673836175,0.0,0.0,0.773480673836175
2026-01-07 17:45:00+00:00,C009,0.8145226793248449,0.0,0.0,0.8145226793248449
2026-01-07 18:00:00+00:00,C009,0.8360243675100095,0.0,0.0,0.8360243675100095
2026-01-07 18:15:00+00:00,C009,0.8430707556999335,0.0,0.0,0.8430707556999335
2026-01-07 18:30:00+00:00,C009,0.8270032190691164,0.0,0.0,0.8270032190691164
2026-01-07 18:45:00+00:00,C009,0.8815111421169816,0.0,0.0,0.8815111421169816
2026-01-07 19:00:00+00:00,C009,0.8773903758885178,0.0,0.0,0.8773903758885178
2026-01-07 19:15:00+00:00,C009,0.8560255575172829,0.0,0.0,0.8560255575172829
2026-01-07 19:30:00+00:00,C009,0.8306199362847935,0.0,0.0,0.8306199362847935
2026-01-07 19:45:00+00:00,C009,0.856626428037101,0.0,0.0,0.856626428037101
2026-01-07 20:00:00+00:00,C009,0.8514700987802069,0.0,0.0,0.8514700987802069
2026-01-07 20:15:00+00:00,C009,0.7421686828279271,0.0,0.0,0.7421686828279271
2026-01-07 20:30:00+00:00,C009,0.715731176569025,0.0,0.0,0.715731176569025
2026-01-07 20:45:00+00:00,C009,0.7002804478728715,0.0,0.0,0.7002804478728715
2026-01-07 21:00:00+00:00,C009,0.6670147813721947,0.0,0.0,0.6670147813721947
2026-01-07 21:15:00+00:00,C009,0.5874584376043731,0.0,0.0,0.5874584376043731
2026-01-07 21:30:00+00:00,C009,0.6195180150481036,0.0,0.0,0.6195180150481036
2026-01-07 21:45:00+00:00,C009,0.5321509914921666,0.0,0.0,0.5321509914921666
2026-01-07 22:00:00+00:00,C009,0.495065606694838,0.0,0.0,0.495065606694838
2026-01-07 22:15:00+00:00,C009,0.4990835143997705,0.0,0.0,0.4990835143997705
2026-01-07 22:30:00+00:00,C009,0.3986854838643806,0.0,0.0,0.3986854838643806
2026-01-07 22:45:00+00:00,C009,0.37463671668348036,0.0,0.0,0.37463671668348036
2026-01-07 23:00:00+00:00,C009,0.31523648291816986,0.0,0.0,0.31523648291816986
2026-01-07 23:15:00+00:00,C009,0.3284378136611964,0.0,0.0,0.3284378136611964
2026-01-07 23:30:00+00:00,C009,0.26337203795908154,0.0,0.0,0.26337203795908154
2026-01-07 23:45:00+00:00,C009,0.31511537916837395,0.0,0.0,0.31511537916837395
2026-01-01 00:00:00+00:00,C010,0.3762737484588566,0.0,0.0,0.3762737484588566
2026-01-01 00:15:00+00:00,C010,0.37163309753931195,0.0,0.0,0.37163309753931195
2026-01-01 00:30:00+00:00,C010,0.3631033111157128,0.0,0.0,0.3631033111157128
2026-01-01 00:45:00+00:00,C010,0.3906611965715586,0.0,0.0,0.3906611965715586
2026-01-01 01:00:00+00:00,C010,0.365248015551569,0.0,0.0,0.365248015551569
2026-01-01 01:15:00+00:00,C010,0.40291984922832086,0.0,0.0,0.40291984922832086
2026-01-01 01:30:00+00:00,C010,0.4078215173132108,0.0,0.0,0.4078215173132108
2026-01-01 01:45:00+00:00,C010,0.3416102426497053,0.0,0.0,0.3416102426497053
2026-01-01 02:00:00+00:00,C010,0.41688156985824953,0.0,0.0,0.41688156985824953
2026-01-01 02:15:00+00:00,C010,0.35863455395142174,0.0,0.0,0.35863455395142174
2026-01-01 02:30:00+00:00,C010,0.39344158328803813,0.0,0.0,0.39344158328803813
2026-01-01 02:45:00+00:00,C010,0.36864713928873016,0.0,0.0,0.36864713928873016
2026-01-01 03:00:00+00:00,C010,0.46018196297904024,0.0,0.0,0.46018196297904024
2026-01-01 03:15:00+00:00,C010,0.38045558989114836,0.0,0.0,0.38045558989114836
2026-01-01 03:30:00+00:00,C010,0.38306913286147665,0.0,0.0,0.38306913286147665
2026-01-01 03:45:00+00:00,C010,0.46455239961979355,0.0,0.0,0.46455239961979355
2026-01-01 04:00:00+00:00,C010,0.4542652636730771,0.0,0.0,0.4542652636730771
2026-01-01 04:15:00+00:00,C010,0.46102557648881654,0.0,0.0,0.46102557648881654
2026-01-01 04:30:00+00:00,C010,0.5328450727254499,0.0,0.0,0.5328450727254499
2026-01-01 04:45:00+00:00,C010,0.5086430665566822,0.0,0.0,0.5086430665566822
2026-01-01 05:00:00+00:00,C010,0.5885806760728979,0.0,0.0,0.5885806760728979
2026-01-01 05:15:00+00:00,C010,0.6686141932549249,0.0,0.0,0.6686141932549249
2026-01-01 05:30:00+00:00,C010,0.7470881753546696,0.0,0.0,0.7470881753546696
2026-01-01 05:45:00+00:00,C010,0.858379910467525,0.0,0.0,0.858379910467525
2026-01-01 06:00:00+00:00,C010,0.9377455239857775,0.0,0.0,0.9377455239857775
2026-01-01 06:15:00+00:00,C010,0.9746505219872187,0.0,0.0,0.9746505219872187
2026-01-01 06:30:00+00:00,C010,0.9461393730261984,0.0,0.0,0.9461393730261984
2026-01-01 06:45:00+00:00,C010,1.1164007275910024,0.0,0.0,1.1164007275910024
2026-01-01 07:00:00+00:00,C010,1.2090156182543648,0.0,0.0,1.2090156182543648
2026-01-01 07:15:00+00:00,C010,1.2322526399044245,0.3009338263885604,0.0,0.9313188135158641
2026-01-01 07:30:00+00:00,C010,1.1674368141512985,0.6635881745724153,0.0,0.5038486395788833
2026-01-01 07:45:00+00:00,C010,1.1542952476224773,0.8602812509922858,0.0,0.29401399663019145
2026-01-01 08:00:00+00:00,C010,1.1547948671697568,0.9444542647830477,0.0,0.21034060238670904
2026-01-01 08:15:00+00:00,C010,1.211392609380891,1.5853285598947306,0.0,-0.37393595051383954
2026-01-01 08:30:00+00:00,C010,0.9870847678770645,1.8543776069996016,0.0,-0.8672928391225372
2026-01-01 08:45:00+00:00,C010,0.9178966734257078,1.7024510875832182,0.0,-0.7845544141575104
2026-01-01 09:00:00+00:00,C010,0.9348853873647989,2.153724064999914,0.0,-1.218838677635115
2026-01-01 09:15:00+00:00,C010,0.8274712285095406,2.057028112507771,0.0,-1.2295568839982303
2026-01-01 09:30:00+00:00,C010,0.7298066128948787,2.4812258999821064,0.0,-1.7514192870872276
2026-01-01 09:45:00+00:00,C010,0.7210738044455892,2.355223735227131,0.0,-1.6341499307815415
2026-01-01 10:00:00+00:00,C010,0.6300786155856556,3.2594980595858525,0.0,-2.629419444000197
2026-01-01 10:15:00+00:00,C010,0.5588015245998794,2.9414345851035386,0.0,-2.382633060503659
2026-01-01 10:30:00+00:00,C010,0.5105045929303971,3.1542678689705044,0.0,-2.643763276040107
2026-01-01 10:45:00+00:00,C010,0.5641641343030267,3.762655056150342,0.0,-3.198490921847315
2026-01-01 11:00:00+00:00,C010,0.4790610731083761,4.037823343348174,0.0,-3.5587622702397983
2026-01-01 11:15:00+00:00,C010,0.5025385681601371,2.914213149927868,0.0,-2.411674581767731
2026-01-01 11:30:00+00:00,C010,0.46762235298068977,3.504736501766945,0.0,-3.037114148786255
2026-01-01 11:45:00+00:00,C010,0.4224976405771381,3.8882642915510943,0.0,-3.465766650973956
2026-01-01 12:00:00+00:00,C010,0.41196793819756117,3.377915710144029,0.0,-2.965947771946468
2026-01-01 12:15:00+00:00,C010,0.47311612819175936,2.684561725249822,0.0,-2.2114455970580624
2026-01-01 12:30:00+00:00,C010,0.46980485240705505,4.489542810776385,0.0,-4.01973795836933
2026-01-01 12:45:00+00:00,C010,0.3665969784726833,3.9892557621108384,0.0,-3.622658783638155
2026-01-01 13:00:00+00:00,C010,0.46341246930814484,3.590706920059842,0.0,-3.1272944507516973
2026-01-01 13:15:00+00:00,C010,0.4365448048989513,2.2705180717751783,0.0,-1.833973266876227
2026-01-01 13:30:00+00:00,C010,0.4184728703722335,2.754357627357336,0.0,-2.3358847569851027
2026-01-01 13:45:00+00:00,C010,0.4700103929758631,2.399933912000373,0.0,-1.9299235190245096
2026-01-01 14:00:00+00:00,C010,0.43185485420644987,3.113721766144307,0.0,-2.681866911937857
2026-01-01 14:15:00+00:00,C010,0.45492702915639793,2.9105058104524546,0.0,-2.455578781296057
2026-01-01 14:30:00+00:00,C010,0.4969502569619227,2.0930050499826303,0.0,-1.5960547930207076
2026-01-01 14:45:00+00:00,C010,0.5085843354432763,2.0552482863020907,0.0,-1.5466639508588145
2026-01-01 15:00:00+00:00,C010,0.5918527929063371,1.697507489772886,0.0,-1.1056546968665488
2026-01-01 15:15:00+00:00,C010,0.5813390014670434,1.7157984779874345,0.0,-1.134459476520391
2026-01-01 15:30:00+00:00,C010,0.6932328582143983,1.3719409379797805,0.0,-0.6787080797653822
2026-01-01 15:45:00+00:00,C010,0.6997886094090262,1.1792550813751144,0.0,-0.47946647196608816
2026-01-01 16:00:00+00:00,C010,0.7866313705798352,0.8456867419142925,0.0,-0.05905537133445726
2026-01-01 16:15:00+00:00,C010,0.7796248622844107,0.6339959159787718,0.0,0.14562894630563894
2026-01-01 16:30:00+00:00,C010,0.8503696307105282,0.6320924899801467,0.0,0.2182771407303815
2026-01-01 16:45:00+00:00,C010,0.9857373493313698,0.34369985765759997,0.0,0.6420374916737699
2026-01-01 17:00:00+00:00,C010,0.931709829714036,3.1821886883137695e-16,0.0,0.9317098297140357
2026-01-01 17:15:00+00:00,C010,1.0291394372586238,0.0,0.0,1.0291394372586238
2026-01-01 17:30:00+00:00,C010,1.1495812640846343,0.0,0.0,1.1495812640846343
2026-01-01 17:45:00+00:00,C010,1.1148084768489357,0.0,0.0,1.1148084768489357
2026-01-01 18:00:00+00:00,C010,1.2291541001240016,0.0,0.0,1.2291541001240016
2026-01-01 18:15:00+00:00,C010,1.2064194210748558,0.0,0.0,1.2064194210748558
2026-01-01 18:30:00+00:00,C010,1.2705631134317994,0.0,0.0,1.2705631134317994
2026-01-01 18:45:00+00:00,C010,1.2459642079586704,0.0,0.0,1.2459642079586704
2026-01-01 19:00:00+00:00,C010,1.3068303202507494,0.0,0.0,1.3068303202507494
2026-01-01 19:15:00+00:00,C010,1.2142582089742056,0.0,0.0,1.2142582089742056
2026-01-01 19:30:00+00:00,C010,1.1465712125491843,0.0,0.0,1.1465712125491843
2026-01-01 19:45:00+00:00,C010,1.2731752296631595,0.0,0.0,1.2731752296631595
2026-01-01 20:00:00+00:00,C010,1.0610281260755319,0.0,0.0,1.0610281260755319
2026-01-01 20:15:00+00:00,C010,1.0564663752983239,0.0,0.0,1.0564663752983239
2026-01-01 20:30:00+00:00,C010,1.0708051358426498,0.0,0.0,1.0708051358426498
2026-01-01 20:45:00+00:00,C010,1.050557062975191,0.0,0.0,1.050557062975191
2026-01-01 21:00:00+00:00,C010,0.9634193110751912,0.0,0.0,0.9634193110751912
2026-01-01 21:15:00+00:00,C010,0.8824091637110925,0.0,0.0,0.8824091637110925
2026-01-01 21:30:00+00:00,C010,0.7570936358011078,0.0,0.0,0.7570936358011078
2026-01-01 21:45:00+00:00,C010,0.7334414117065347,0.0,0.0,0.7334414117065347
2026-01-01 22:00:00+00:00,C010,0.6285818723571155,0.0,0.0,0.6285818723571155
2026-01-01 22:15:00+00:00,C010,0.6592702996129424,0.0,0.0,0.6592702996129424
2026-01-01 22:30:00+00:00,C010,0.5404773559607328,0.0,0.0,0.5404773559607328
2026-01-01 22:45:00+00:00,C010,0.5206184181711899,0.0,0.0,0.5206184181711899
2026-01-01 23:00:00+00:00,C010,0.5431931125849648,0.0,0.0,0.5431931125849648
2026-01-01 23:15:00+00:00,C010,0.5236821570494382,0.0,0.0,0.5236821570494382
2026-01-01 23:30:00+00:00,C010,0.48190632567029457,0.0,0.0,0.48190632567029457
2026-01-01 23:45:00+00:00,C010,0.47836535944367936,0.0,0.0,0.47836535944367936
2026-01-02 00:00:00+00:00,C010,0.38136392629165117,0.0,0.0,0.38136392629165117
2026-01-02 00:15:00+00:00,C010,0.359005308197534,0.0,0.0,0.359005308197534
2026-01-02 00:30:00+00:00,C010,0.32265499702843065,0.0,0.0,0.32265499702843065
2026-01-02 00:45:00+00:00,C010,0.38862422491393,0.0,0.0,0.38862422491393
2026-01-02 01:00:00+00:00,C010,0.38868595412128626,0.0,0.0,0.38868595412128626
2026-01-02 01:15:00+00:00,C010,0.38473551609926515,0.0,0.0,0.38473551609926515
2026-01-02 01:30:00+00:00,C010,0.3871336827638109,0.0,0.0,0.3871336827638109
2026-01-02 01:45:00+00:00,C010,0.33618750375455,0.0,0.0,0.33618750375455
2026-01-02 02:00:00+00:00,C010,0.41228952123473533,0.0,0.0,0.41228952123473533
2026-01-02 02:15:00+00:00,C010,0.38899385877265863,0.0,0.0,0.38899385877265863
2026-01-02 02:30:00+00:00,C010,0.386714746812824,0.0,0.0,0.386714746812824
2026-01-02 02:45:00+00:00,C010,0.3920895087703854,0.0,0.0,0.3920895087703854
2026-01-02 03:00:00+00:00,C010,0.37541157032916345,0.0,0.0,0.37541157032916345
2026-01-02 03:15:00+00:00,C010,0.4565787767992976,0.0,0.0,0.4565787767992976
2026-01-02 03:30:00+00:00,C010,0.37662065290831487,0.0,0.0,0.37662065290831487
2026-01-02 03:45:00+00:00,C010,0.4054053209553279,0.0,0.0,0.4054053209553279
2026-01-02 04:00:00+00:00,C010,0.45273394170354114,0.0,0.0,0.45273394170354114
2026-01-02 04:15:00+00:00,C010,0.5450941600476367,0.0,0.0,0.5450941600476367
2026-01-02 04:30:00+00:00,C010,0.5425489408858325,0.0,0.0,0.5425489408858325
2026-01-02 04:45:00+00:00,C010,0.5085715482466019,0.0,0.0,0.5085715482466019
2026-01-02 05:00:00+00:00,C010,0.6366497674135425,0.0,0.0,0.6366497674135425
2026-01-02 05:15:00+00:00,C010,0.6966043517200592,0.0,0.0,0.6966043517200592
2026-01-02 05:30:00+00:00,C010,0.6606752136963179,0.0,0.0,0.6606752136963179
2026-01-02 05:45:00+00:00,C010,0.722604391159846,0.0,0.0,0.722604391159846
2026-01-02 06:00:00+00:00,C010,0.8875271670494123,0.0,0.0,0.8875271670494123
2026-01-02 06:15:00+00:00,C010,0.9792685891711284,0.0,0.0,0.9792685891711284
2026-01-02 06:30:00+00:00,C010,1.0692257608561784,0.0,0.0,1.0692257608561784
2026-01-02 06:45:00+00:00,C010,1.0161200791566931,0.0,0.0,1.0161200791566931
2026-01-02 07:00:00+00:00,C010,1.1767026964483682,0.0,0.0,1.1767026964483682
2026-01-02 07:15:00+00:00,C010,1.0621304609312379,0.265148264317318,0.0,0.7969821966139199
2026-01-02 07:30:00+00:00,C010,1.1204532267538092,0.5358188965464926,0.0,0.5846343302073166
2026-01-02 07:45:00+00:00,C010,1.1762890592354944,0.9322358222786445,0.0,0.24405323695684988
2026-01-02 08:00:00+00:00,C010,1.196350900218783,1.392248469865459,0.0,-0.19589756964667582
2026-01-02 08:15:00+00:00,C010,1.1595279530791724,1.7849425643481158,0.0,-0.6254146112689434
2026-01-02 08:30:00+00:00,C010,1.0694091811796669,1.775325234549805,0.0,-0.7059160533701381
2026-01-02 08:45:00+00:00,C010,0.9379982413376499,2.0482374801606773,0.0,-1.1102392388230276
2026-01-02 09:00:00+00:00,C010,0.8944227466093797,2.0287846148535267,0.0,-1.134361868244147
2026-01-02 09:15:00+00:00,C010,0.8244378985230064,2.3270409525437388,0.0,-1.5026030540207325
2026-01-02 09:30:00+00:00,C010,0.7072846261676269,3.031353934457722,0.0,-2.3240693082900954
2026-01-02 09:45:00+00:00,C010,0.62137182055821,3.7451191398018833,0.0,-3.123747319243673
2026-01-02 10:00:00+00:00,C010,0.6381462349434877,3.598430881722698,0.0,-2.9602846467792103
2026-01-02 10:15:00+00:00,C010,0.5472766361568225,3.5671580274698447,0.0,-3.0198813913130222
2026-01-02 10:30:00+00:00,C010,0.46201069035558656,3.9586145352745192,0.0,-3.4966038449189325
2026-01-02 10:45:00+00:00,C010,0.45445288173104886,4.3221981485068195,0.0,-3.8677452667757706
2026-01-02 11:00:00+00:00,C010,0.47613311473274417,4.044921112049672,0.0,-3.568787997316928
2026-01-02 11:15:00+00:00,C010,0.4597812122602239,4.5675411959067915,0.0,-4.1077599836465675
2026-01-02 11:30:00+00:00,C010,0.4142564920899863,4.736081144268912,0.0,-4.321824652178925
2026-01-02 11:45:00+00:00,C010,0.48393807674050887,4.2971764876416065,0.0,-3.8132384109010977
2026-01-02 12:00:00+00:00,C010,0.4622501642064282,4.731031095729397,0.0,-4.268780931522969
2026-01-02 12:15:00+00:00,C010,0.4144763142157793,4.393492326148206,0.0,-3.979016011932427
2026-01-02 12:30:00+00:00,C010,0.41618005870921326,4.366564157653042,0.0,-3.950384098943829
2026-01-02 12:45:00+00:00,C010,0.4315957702713104,5.0800602597498425,0.0,-4.648464489478532
2026-01-02 13:00:00+00:00,C010,0.3770654863148844,4.654234151498304,0.0,-4.27716866518342
2026-01-02 13:15:00+00:00,C010,0.4347993640598801,3.577790057954103,0.0,-3.142990693894223
2026-01-02 13:30:00+00:00,C010,0.39599009534207774,4.745476496556706,0.0,-4.349486401214628
2026-01-02 13:45:00+00:00,C010,0.4540833793389982,5.01206641982846,0.0,-4.557983040489462
2026-01-02 14:00:00+00:00,C010,0.4429186627606472,4.666587242111977,0.0,-4.22366857935133
2026-01-02 14:15:00+00:00,C010,0.44856619338385983,3.621083204660134,0.0,-3.172517011276274
2026-01-02 14:30:00+00:00,C010,0.5482290034202877,3.3872382342527905,0.0,-2.839009230832503
2026-01-02 14:45:00+00:00,C010,0.5022273888182126,3.1827523604178287,0.0,-2.680524971599616
2026-01-02 15:00:00+00:00,C010,0.5606660280169801,2.468879185039497,0.0,-1.9082131570225167
2026-01-02 15:15:00+00:00,C010,0.5169529195208208,3.3218921656279803,0.0,-2.8049392461071596
2026-01-02 15:30:00+00:00,C010,0.625072768519066,2.136366534462857,0.0,-1.5112937659437908
2026-01-02 15:45:00+00:00,C010,0.7164218818810381,1.5674244329338194,0.0,-0.8510025510527813
2026-01-02 16:00:00+00:00,C010,0.7560511740516765,1.7294873481742774,0.0,-0.9734361741226009
2026-01-02 16:15:00+00:00,C010,0.7355332029926117,1.217436770232506,0.0,-0.48190356723989425
2026-01-02 16:30:00+00:00,C010,0.7959533559048753,0.8521158267481278,0.0,-0.05616247084325254
2026-01-02 16:45:00+00:00,C010,0.9297883728696521,0.4356082208270161,0.0,0.494180152042636
2026-01-02 17:00:00+00:00,C010,0.9725069694085914,6.451623602582659e-16,0.0,0.9725069694085907
2026-01-02 17:15:00+00:00,C010,1.0108505673655146,0.0,0.0,1.0108505673655146
2026-01-02 17:30:00+00:00,C010,0.9497096108039961,0.0,0.0,0.9497096108039961
2026-01-02 17:45:00+00:00,C010,1.0546137516271439,0.0,0.0,1.0546137516271439
2026-01-02 18:00:00+00:00,C010,1.1055321473377397,0.0,0.0,1.1055321473377397
2026-01-02 18:15:00+00:00,C010,1.2072417027758475,0.0,0.0,1.2072417027758475
2026-01-02 18:30:00+00:00,C010,1.1046848247372993,0.0,0.0,1.1046848247372993
2026-01-02 18:45:00+00:00,C010,1.1743744414986732,0.0,0.0,1.1743744414986732
2026-01-02 19:00:00+00:00,C010,1.2885213318888922,0.0,0.0,1.2885213318888922
2026-01-02 19:15:00+00:00,C010,1.2463714270025605,0.0,0.0,1.2463714270025605
2026-01-02 19:30:00+00:00,C010,1.2665570608921144,0.0,0.0,1.2665570608921144
2026-01-02 19:45:00+00:00,C010,1.0816171668155794,0.0,0.0,1.0816171668155794
2026-01-02 20:00:00+00:00,C010,1.0033278496954077,0.0,0.0,1.0033278496954077
2026-01-02 20:15:00+00:00,C010,1.1201764438524346,0.0,0.0,1.1201764438524346
2026-01-02 20:30:00+00:00,C010,1.0286585140163753,0.0,0.0,1.0286585140163753
2026-01-02 20:45:00+00:00,C010,0.9619445383189921,0.0,0.0,0.9619445383189921
2026-01-02 21:00:00+00:00,C010,0.8397471193592495,0.0,0.0,0.8397471193592495
2026-01-02 21:15:00+00:00,C010,0.8489384138825072,0.0,0.0,0.8489384138825072
2026-01-02 21:30:00+00:00,C010,0.7691641595700077,0.0,0.0,0.7691641595700077
2026-01-02 21:45:00+00:00,C010,0.7492652995797492,0.0,0.0,0.7492652995797492
2026-01-02 22:00:00+00:00,C010,0.7579959112850443,0.0,0.0,0.7579959112850443
2026-01-02 22:15:00+00:00,C010,0.6214213672553376,0.0,0.0,0.6214213672553376
2026-01-02 22:30:00+00:00,C010,0.5683912310923067,0.0,0.0,0.5683912310923067
2026-01-02 22:45:00+00:00,C010,0.49391823720242356,0.0,0.0,0.49391823720242356
2026-01-02 23:00:00+00:00,C010,0.4849716858337109,0.0,0.0,0.4849716858337109
2026-01-02 23:15:00+00:00,C010,0.5090217034238339,0.0,0.0,0.5090217034238339
2026-01-02 23:30:00+00:00,C010,0.4065802709940821,0.0,0.0,0.4065802709940821
2026-01-02 23:45:00+00:00,C010,0.4300051097622931,0.0,0.0,0.4300051097622931
2026-01-03 00:00:00+00:00,C010,0.4076135439113281,0.0,0.0,0.4076135439113281
2026-01-03 00:15:00+00:00,C010,0.4167345465882923,0.0,0.0,0.4167345465882923
2026-01-03 00:30:00+00:00,C010,0.39751069947027007,0.0,0.0,0.39751069947027007
2026-01-03 00:45:00+00:00,C010,0.3932256064884691,0.0,0.0,0.3932256064884691
2026-01-03 01:00:00+00:00,C010,0.3954319975535098,0.0,0.0,0.3954319975535098
2026-01-03 01:15:00+00:00,C010,0.38979123814821953,0.0,0.0,0.38979123814821953
2026-01-03 01:30:00+00:00,C010,0.39171816057071174,0.0,0.0,0.39171816057071174
2026-01-03 01:45:00+00:00,C010,0.4275521873804993,0.0,0.0,0.4275521873804993
2026-01-03 02:00:00+00:00,C010,0.42021534231886715,0.0,0.0,0.42021534231886715
2026-01-03 02:15:00+00:00,C010,0.47230393807223175,0.0,0.0,0.47230393807223175
2026-01-03 02:30:00+00:00,C010,0.44111209354630526,0.0,0.0,0.44111209354630526
2026-01-03 02:45:00+00:00,C010,0.46290395447925264,0.0,0.0,0.46290395447925264
2026-01-03 03:00:00+00:00,C010,0.4328382541439221,0.0,0.0,0.4328382541439221
2026-01-03 03:15:00+00:00,C010,0.4685025196059611,0.0,0.0,0.4685025196059611
2026-01-03 03:30:00+00:00,C010,0.45189465091355147,0.0,0.0,0.45189465091355147
2026-01-03 03:45:00+00:00,C010,0.5056118297006216,0.0,0.0,0.5056118297006216
2026-01-03 04:00:00+00:00,C010,0.5314228297224406,0.0,0.0,0.5314228297224406
2026-01-03 04:15:00+00:00,C010,0.532869827181764,0.0,0.0,0.532869827181764
2026-01-03 04:30:00+00:00,C010,0.6220832951758979,0.0,0.0,0.6220832951758979
2026-01-03 04:45:00+00:00,C010,0.6664312450080883,0.0,0.0,0.6664312450080883
2026-01-03 05:00:00+00:00,C010,0.6931569261556985,0.0,0.0,0.6931569261556985
2026-01-03 05:15:00+00:00,C010,0.7521847412719782,0.0,0.0,0.7521847412719782
2026-01-03 05:30:00+00:00,C010,0.8523151122983227,0.0,0.0,0.8523151122983227
2026-01-03 05:45:00+00:00,C010,0.8103840485501996,0.0,0.0,0.8103840485501996
2026-01-03 06:00:00+00:00,C010,0.9908049345154353,0.0,0.0,0.9908049345154353
2026-01-03 06:15:00+00:00,C010,0.9750455092976823,0.0,0.0,0.9750455092976823
2026-01-03 06:30:00+00:00,C010,1.1019185026466838,0.0,0.0,1.1019185026466838
2026-01-03 06:45:00+00:00,C010,1.2316360747537582,0.0,0.0,1.2316360747537582
2026-01-03 07:00:00+00:00,C010,1.304140233462882,0.0,0.0,1.304140233462882
2026-01-03 07:15:00+00:00,C010,1.2211130926060156,0.45903970871838584,0.0,0.7620733838876298
2026-01-03 07:30:00+00:00,C010,1.2644436027395258,0.9447016672123418,0.0,0.319741935527184
2026-01-03 07:45:00+00:00,C010,1.3176320061219964,1.2347799583210446,0.0,0.08285204780095179
2026-01-03 08:00:00+00:00,C010,1.240197964763313,1.9249776940637577,0.0,-0.6847797293004447
2026-01-03 08:15:00+00:00,C010,1.2290434208345644,2.420807421452736,0.0,-1.1917640006181718
2026-01-03 08:30:00+00:00,C010,1.1988231651297017,2.5356535056643654,0.0,-1.3368303405346638
2026-01-03 08:45:00+00:00,C010,1.026573366048676,3.4911659904613463,0.0,-2.4645926244126706
2026-01-03 09:00:00+00:00,C010,0.9651574967722366,3.303293551427577,0.0,-2.3381360546553402
2026-01-03 09:15:00+00:00,C010,0.854591451686303,3.746729736296008,0.0,-2.892138284609705
2026-01-03 09:30:00+00:00,C010,0.8270695919297033,4.170043676452517,0.0,-3.3429740845228135
2026-01-03 09:45:00+00:00,C010,0.720286427472146,3.7545173306024013,0.0,-3.0342309031302555
2026-01-03 10:00:00+00:00,C010,0.6853434995282482,4.965847864158872,0.0,-4.280504364630623
2026-01-03 10:15:00+00:00,C010,0.6199760460370903,3.9721061257433035,0.0,-3.352130079706213
2026-01-03 10:30:00+00:00,C010,0.5757378096817742,5.256218326111963,0.0,-4.680480516430189
2026-01-03 10:45:00+00:00,C010,0.6138093922835977,5.9713441253237765,0.0,-5.357534733040179
2026-01-03 11:00:00+00:00,C010,0.5234763136557244,5.433759772138828,0.0,-4.910283458483104
2026-01-03 11:15:00+00:00,C010,0.49908340485011854,6.153297889890279,0.0,-5.6542144850401606
2026-01-03 11:30:00+00:00,C010,0.5178183837957658,6.061388834709404,0.0,-5.543570450913638
2026-01-03 11:45:00+00:00,C010,0.509515831317012,5.476823570815912,0.0,-4.9673077394989
2026-01-03 12:00:00+00:00,C010,0.5183426192366393,5.392282800001947,0.0,-4.873940180765308
2026-01-03 12:15:00+00:00,C010,0.4804590373054102,6.00346958516462,0.0,-5.52301054785921
2026-01-03 12:30:00+00:00,C010,0.5160429935343789,5.061723126213083,0.0,-4.545680132678704
2026-01-03 12:45:00+00:00,C010,0.4622780422975907,4.876769509052773,0.0,-4.414491466755182
2026-01-03 13:00:00+00:00,C010,0.4723113715251287,4.6086350061008785,0.0,-4.13632363457575
2026-01-03 13:15:00+00:00,C010,0.5165486647707415,4.919698719740637,0.0,-4.403150054969895
2026-01-03 13:30:00+00:00,C010,0.541416853074258,4.3217315239699,0.0,-3.780314670895642
2026-01-03 13:45:00+00:00,C010,0.42212170399730986,5.634736074359275,0.0,-5.212614370361965
2026-01-03 14:00:00+00:00,C010,0.44595546389951735,4.63869889006197,0.0,-4.192743426162452
2026-01-03 14:15:00+00:00,C010,0.5708949594386538,4.573842315112856,0.0,-4.002947355674202
2026-01-03 14:30:00+00:00,C010,0.4809206503463282,3.857252138804401,0.0,-3.376331488458073
2026-01-03 14:45:00+00:00,C010,0.5948078660660849,3.7751065669770942,0.0,-3.1802987009110093
2026-01-03 15:00:00+00:00,C010,0.6244491040616349,3.273938152276292,0.0,-2.649489048214657
2026-01-03 15:15:00+00:00,C010,0.6618341984706049,2.3130427277299965,0.0,-1.6512085292593917
2026-01-03 15:30:00+00:00,C010,0.7002751918179011,2.510003919999615,0.0,-1.8097287281817138
2026-01-03 15:45:00+00:00,C010,0.7122987629263997,1.9849686137217581,0.0,-1.2726698507953584
2026-01-03 16:00:00+00:00,C010,0.7917023709420624,1.705187776788765,0.0,-0.9134854058467027
2026-01-03 16:15:00+00:00,C010,0.8711378991272072,1.2434131935021786,0.0,-0.3722752943749714
2026-01-03 16:30:00+00:00,C010,0.9212898510208207,0.8355208653817319,0.0,0.08576898563908886
2026-01-03 16:45:00+00:00,C010,1.0162728373878789,0.3981733700298698,0.0,0.6180994673580091
2026-01-03 17:00:00+00:00,C010,1.065519755902554,5.70440514609921e-16,0.0,1.0655197559025533
2026-01-03 17:15:00+00:00,C010,1.1276476157370707,0.0,0.0,1.1276476157370707
2026-01-03 17:30:00+00:00,C010,1.2578382941992188,0.0,0.0,1.2578382941992188
2026-01-03 17:45:00+00:00,C010,1.2428422362567833,0.0,0.0,1.2428422362567833
2026-01-03 18:00:00+00:00,C010,1.2828025187561236,0.0,0.0,1.2828025187561236
2026-01-03 18:15:00+00:00,C010,1.2558887726188717,0.0,0.0,1.2558887726188717
2026-01-03 18:30:00+00:00,C010,1.3121647757438424,0.0,0.0,1.3121647757438424
2026-01-03 18:45:00+00:00,C010,1.265646951784289,0.0,0.0,1.265646951784289
2026-01-03 19:00:00+00:00,C010,1.2853004692685492,0.0,0.0,1.2853004692685492
2026-01-03 19:15:00+00:00,C010,1.295502136062528,0.0,0.0,1.295502136062528
2026-01-03 19:30:00+00:00,C010,1.3686443547902172,0.0,0.0,1.3686443547902172
2026-01-03 19:45:00+00:00,C010,1.3360107273408046,0.0,0.0,1.3360107273408046
2026-01-03 20:00:00+00:00,C010,1.1828474148112087,0.0,0.0,1.1828474148112087
2026-01-03 20:15:00+00:00,C010,1.111930621600636,0.0,0.0,1.111930621600636
2026-01-03 20:30:00+00:00,C010,1.0460422302198005,0.0,0.0,1.0460422302198005
2026-01-03 20:45:00+00:00,C010,1.0684884647290376,0.0,0.0,1.0684884647290376
2026-01-03 21:00:00+00:00,C010,1.089153206063393,0.0,0.0,1.089153206063393
2026-01-03 21:15:00+00:00,C010,0.9770007530982078,0.0,0.0,0.9770007530982078
2026-01-03 21:30:00+00:00,C010,0.8639452812862154,0.0,0.0,0.8639452812862154
2026-01-03 21:45:00+00:00,C010,0.8707712511406885,0.0,0.0,0.8707712511406885
2026-01-03 22:00:00+00:00,C010,0.7767424218965222,0.0,0.0,0.7767424218965222
2026-01-03 22:15:00+00:00,C010,0.7310518783731822,0.0,0.0,0.7310518783731822
2026-01-03 22:30:00+00:00,C010,0.6546826056185449,0.0,0.0,0.6546826056185449
2026-01-03 22:45:00+00:00,C010,0.589413177975513,0.0,0.0,0.589413177975513
2026-01-03 23:00:00+00:00,C010,0.6131772204630892,0.0,0.0,0.6131772204630892
2026-01-03 23:15:00+00:00,C010,0.5710809502498622,0.0,0.0,0.5710809502498622
2026-01-03 23:30:00+00:00,C010,0.4750756479481097,0.0,0.0,0.4750756479481097
2026-01-03 23:45:00+00:00,C010,0.5008730372418042,0.0,0.0,0.5008730372418042
2026-01-04 00:00:00+00:00,C010,0.3942171225987953,0.0,0.0,0.3942171225987953
2026-01-04 00:15:00+00:00,C010,0.41607935295237775,0.0,0.0,0.41607935295237775
2026-01-04 00:30:00+00:00,C010,0.4303789650971484,0.0,0.0,0.4303789650971484
2026-01-04 00:45:00+00:00,C010,0.4197150416338139,0.0,0.0,0.4197150416338139
2026-01-04 01:00:00+00:00,C010,0.38665978985972327,0.0,0.0,0.38665978985972327
2026-01-04 01:15:00+00:00,C010,0.4710325080872253,0.0,0.0,0.4710325080872253
2026-01-04 01:30:00+00:00,C010,0.3967002418271673,0.0,0.0,0.3967002418271673
2026-01-04 01:45:00+00:00,C010,0.38359898251655083,0.0,0.0,0.38359898251655083
2026-01-04 02:00:00+00:00,C010,0.3309965364044341,0.0,0.0,0.3309965364044341
2026-01-04 02:15:00+00:00,C010,0.4370800072765576,0.0,0.0,0.4370800072765576
2026-01-04 02:30:00+00:00,C010,0.43505669017746856,0.0,0.0,0.43505669017746856
2026-01-04 02:45:00+00:00,C010,0.4559061420611306,0.0,0.0,0.4559061420611306
2026-01-04 03:00:00+00:00,C010,0.3774722283938101,0.0,0.0,0.3774722283938101
2026-01-04 03:15:00+00:00,C010,0.46223426698015485,0.0,0.0,0.46223426698015485
2026-01-04 03:30:00+00:00,C010,0.48174732905412343,0.0,0.0,0.48174732905412343
2026-01-04 03:45:00+00:00,C010,0.4661760851045397,0.0,0.0,0.4661760851045397
2026-01-04 04:00:00+00:00,C010,0.5274669730000259,0.0,0.0,0.5274669730000259
2026-01-04 04:15:00+00:00,C010,0.5382858913796982,0.0,0.0,0.5382858913796982
2026-01-04 04:30:00+00:00,C010,0.5808898560648446,0.0,0.0,0.5808898560648446
2026-01-04 04:45:00+00:00,C010,0.6219517966769728,0.0,0.0,0.6219517966769728
2026-01-04 05:00:00+00:00,C010,0.6966478083084018,0.0,0.0,0.6966478083084018
2026-01-04 05:15:00+00:00,C010,0.7161275820785361,0.0,0.0,0.7161275820785361
2026-01-04 05:30:00+00:00,C010,0.7704882450157209,0.0,0.0,0.7704882450157209
2026-01-04 05:45:00+00:00,C010,0.8749394295315323,0.0,0.0,0.8749394295315323
2026-01-04 06:00:00+00:00,C010,0.9679826689677108,0.0,0.0,0.9679826689677108
2026-01-04 06:15:00+00:00,C010,1.0225175113282763,0.0,0.0,1.0225175113282763
2026-01-04 06:30:00+00:00,C010,1.124700481227257,0.0,0.0,1.124700481227257
2026-01-04 06:45:00+00:00,C010,1.2148638934015885,0.0,0.0,1.2148638934015885
2026-01-04 07:00:00+00:00,C010,1.2733848837703488,0.0,0.0,1.2733848837703488
2026-01-04 07:15:00+00:00,C010,1.2885936253716253,0.3111481606913401,0.0,0.9774454646802851
2026-01-04 07:30:00+00:00,C010,1.2176740490618347,0.5007026075131156,0.0,0.7169714415487192
2026-01-04 07:45:00+00:00,C010,1.3778840423954097,0.663888747697039,0.0,0.7139952946983708
2026-01-04 08:00:00+00:00,C010,1.30889119898911,0.818347957051484,0.0,0.4905432419376261
2026-01-04 08:15:00+00:00,C010,1.1620182383640034,1.105258968060816,0.0,0.05675927030318739
2026-01-04 08:30:00+00:00,C010,1.1518299387950925,1.655275167504127,0.0,-0.5034452287090345
2026-01-04 08:45:00+00:00,C010,1.1098850169332435,1.7613456113757349,0.0,-0.6514605944424914
2026-01-04 09:00:00+00:00,C010,0.9830979531401376,1.8355849418894803,0.0,-0.8524869887493427
2026-01-04 09:15:00+00:00,C010,0.8892401101070394,2.24421138146153,0.0,-1.3549712713544904
2026-01-04 09:30:00+00:00,C010,0.8351503257293158,2.425305676926853,0.0,-1.5901553511975373
2026-01-04 09:45:00+00:00,C010,0.7652669501220579,2.3043835116900357,0.0,-1.5391165615679778
2026-01-04 10:00:00+00:00,C010,0.7222447997015856,2.8271832433197797,0.0,-2.104938443618194
2026-01-04 10:15:00+00:00,C010,0.652960127023731,3.2763160649004406,0.0,-2.6233559378767097
2026-01-04 10:30:00+00:00,C010,0.5736087793322013,3.2537013454302084,0.0,-2.680092566098007
2026-01-04 10:45:00+00:00,C010,0.5235015450902878,2.8267665680939844,0.0,-2.3032650230036964
2026-01-04 11:00:00+00:00,C010,0.5581041644255472,3.2219693762867583,0.0,-2.663865211861211
2026-01-04 11:15:00+00:00,C010,0.5430606814994545,3.0982108268444097,0.0,-2.555150145344955
2026-01-04 11:30:00+00:00,C010,0.5086679717065511,2.9524775053651124,0.0,-2.4438095336585612
2026-01-04 11:45:00+00:00,C010,0.5098025524799881,3.5348032434816714,0.0,-3.0250006910016833
2026-01-04 12:00:00+00:00,C010,0.5442362396306685,2.911104875941525,0.0,-2.3668686363108566
2026-01-04 12:15:00+00:00,C010,0.46058563723063983,3.0935650414247355,0.0,-2.6329794041940957
2026-01-04 12:30:00+00:00,C010,0.5071182465903818,3.923819532863989,0.0,-3.4167012862736073
2026-01-04 12:45:00+00:00,C010,0.45361802239947485,2.4242842778347864,0.0,-1.9706662554353116
2026-01-04 13:00:00+00:00,C010,0.5450650856974534,3.3708458906974488,0.0,-2.8257808049999955
2026-01-04 13:15:00+00:00,C010,0.5253137863785109,3.847165874855331,0.0,-3.32185208847682
2026-01-04 13:30:00+00:00,C010,0.49121867441056594,3.4021589742133114,0.0,-2.9109402998027454
2026-01-04 13:45:00+00:00,C010,0.5581059147580509,3.234969520981911,0.0,-2.67686360622386
2026-01-04 14:00:00+00:00,C010,0.5232084477938802,2.5854719701250994,0.0,-2.0622635223312193
2026-01-04 14:15:00+00:00,C010,0.5523590005319216,2.558347443446988,0.0,-2.0059884429150663
2026-01-04 14:30:00+00:00,C010,0.5741292835122652,2.3968431776513905,0.0,-1.8227138941391252
2026-01-04 14:45:00+00:00,C010,0.6334549447422844,1.8555741197999733,0.0,-1.222119175057689
2026-01-04 15:00:00+00:00,C010,0.6990558605074834,1.76473775540791,0.0,-1.0656818949004268
2026-01-04 15:15:00+00:00,C010,0.6312554719631572,1.5716676128294425,0.0,-0.9404121408662852
2026-01-04 15:30:00+00:00,C010,0.7266256279345648,1.3392019037544753,0.0,-0.6125762758199106
2026-01-04 15:45:00+00:00,C010,0.780977366236141,1.0832700318197719,0.0,-0.3022926655836309
2026-01-04 16:00:00+00:00,C010,0.8489007883250939,1.3340245416147278,0.0,-0.485123753289634
2026-01-04 16:15:00+00:00,C010,0.9691978600097549,0.783754389200669,0.0,0.18544347080908596
2026-01-04 16:30:00+00:00,C010,0.9610495982884472,0.6800952545496252,0.0,0.280954343738822
2026-01-04 16:45:00+00:00,C010,1.0398259085273251,0.24559390235757178,0.0,0.7942320061697534
2026-01-04 17:00:00+00:00,C010,1.1550010831989435,3.857114168494407e-16,0.0,1.155001083198943
2026-01-04 17:15:00+00:00,C010,1.1572569668897672,0.0,0.0,1.1572569668897672
2026-01-04 17:30:00+00:00,C010,1.3160252752740478,0.0,0.0,1.3160252752740478
2026-01-04 17:45:00+00:00,C010,1.226126951233086,0.0,0.0,1.226126951233086
2026-01-04 18:00:00+00:00,C010,1.3282453891705208,0.0,0.0,1.3282453891705208
2026-01-04 18:15:00+00:00,C010,1.4171439848985425,0.0,0.0,1.4171439848985425
2026-01-04 18:30:00+00:00,C010,1.4444735737104504,0.0,0.0,1.4444735737104504
2026-01-04 18:45:00+00:00,C010,1.4260968067651554,0.0,0.0,1.4260968067651554
2026-01-04 19:00:00+00:00,C010,1.3866961327202196,0.0,0.0,1.3866961327202196
2026-01-04 19:15:00+00:00,C010,1.3843909564242018,0.0,0.0,1.3843909564242018
2026-01-04 19:30:00+00:00,C010,1.3927620541099663,0.0,0.0,1.3927620541099663
2026-01-04 19:45:00+00:00,C010,1.3798136880333376,0.0,0.0,1.3798136880333376
2026-01-04 20:00:00+00:00,C010,1.350600598857112,0.0,0.0,1.350600598857112
2026-01-04 20:15:00+00:00,C010,1.2121766076289264,0.0,0.0,1.2121766076289264
2026-01-04 20:30:00+00:00,C010,1.123390630704552,0.0,0.0,1.123390630704552
2026-01-04 20:45:00+00:00,C010,1.0499178628222685,0.0,0.0,1.0499178628222685
2026-01-04 21:00:00+00:00,C010,1.049907433751628,0.0,0.0,1.049907433751628
2026-01-04 21:15:00+00:00,C010,0.9189856779506482,0.0,0.0,0.9189856779506482
2026-01-04 21:30:00+00:00,C010,0.9145524650461698,0.0,0.0,0.9145524650461698
2026-01-04 21:45:00+00:00,C010,0.7746671978765054,0.0,0.0,0.7746671978765054
2026-01-04 22:00:00+00:00,C010,0.8634945413079271,0.0,0.0,0.8634945413079271
2026-01-04 22:15:00+00:00,C010,0.8573861424431762,0.0,0.0,0.8573861424431762
2026-01-04 22:30:00+00:00,C010,0.6360901626317451,0.0,0.0,0.6360901626317451
2026-01-04 22:45:00+00:00,C010,0.6663254624884832,0.0,0.0,0.6663254624884832
2026-01-04 23:00:00+00:00,C010,0.5783710546319775,0.0,0.0,0.5783710546319775
2026-01-04 23:15:00+00:00,C010,0.5439968271030405,0.0,0.0,0.5439968271030405
2026-01-04 23:30:00+00:00,C010,0.6199235448881361,0.0,0.0,0.6199235448881361
2026-01-04 23:45:00+00:00,C010,0.521085814147871,0.0,0.0,0.521085814147871
2026-01-05 00:00:00+00:00,C010,0.3813046254498006,0.0,0.0,0.3813046254498006
2026-01-05 00:15:00+00:00,C010,0.35746177946409685,0.0,0.0,0.35746177946409685
2026-01-05 00:30:00+00:00,C010,0.41197991357103525,0.0,0.0,0.41197991357103525
2026-01-05 00:45:00+00:00,C010,0.2827347650835903,0.0,0.0,0.2827347650835903
2026-01-05 01:00:00+00:00,C010,0.37368884088099313,0.0,0.0,0.37368884088099313
2026-01-05 01:15:00+00:00,C010,0.40592507522303,0.0,0.0,0.40592507522303
2026-01-05 01:30:00+00:00,C010,0.4002752570407203,0.0,0.0,0.4002752570407203
2026-01-05 01:45:00+00:00,C010,0.42749105686649913,0.0,0.0,0.42749105686649913
2026-01-05 02:00:00+00:00,C010,0.4471955548444612,0.0,0.0,0.4471955548444612
2026-01-05 02:15:00+00:00,C010,0.3645393248170526,0.0,0.0,0.3645393248170526
2026-01-05 02:30:00+00:00,C010,0.4725805513341207,0.0,0.0,0.4725805513341207
2026-01-05 02:45:00+00:00,C010,0.3785357825378711,0.0,0.0,0.3785357825378711
2026-01-05 03:00:00+00:00,C010,0.46094334387102703,0.0,0.0,0.46094334387102703
2026-01-05 03:15:00+00:00,C010,0.44088857324283537,0.0,0.0,0.44088857324283537
2026-01-05 03:30:00+00:00,C010,0.4296738934588601,0.0,0.0,0.4296738934588601
2026-01-05 03:45:00+00:00,C010,0.4601581304950565,0.0,0.0,0.4601581304950565
2026-01-05 04:00:00+00:00,C010,0.4858192910786088,0.0,0.0,0.4858192910786088
2026-01-05 04:15:00+00:00,C010,0.5147828520895626,0.0,0.0,0.5147828520895626
2026-01-05 04:30:00+00:00,C010,0.5066766484459111,0.0,0.0,0.5066766484459111
2026-01-05 04:45:00+00:00,C010,0.5837817601558952,0.0,0.0,0.5837817601558952
2026-01-05 05:00:00+00:00,C010,0.6068620778999625,0.0,0.0,0.6068620778999625
2026-01-05 05:15:00+00:00,C010,0.6654339360161339,0.0,0.0,0.6654339360161339
2026-01-05 05:30:00+00:00,C010,0.7450282871466375,0.0,0.0,0.7450282871466375
2026-01-05 05:45:00+00:00,C010,0.7951707772127908,0.0,0.0,0.7951707772127908
2026-01-05 06:00:00+00:00,C010,0.9497920224742487,0.0,0.0,0.9497920224742487
2026-01-05 06:15:00+00:00,C010,1.0493157413507594,0.0,0.0,1.0493157413507594
2026-01-05 06:30:00+00:00,C010,1.121100345343738,0.0,0.0,1.121100345343738
2026-01-05 06:45:00+00:00,C010,1.2888813130813235,0.0,0.0,1.2888813130813235
2026-01-05 07:00:00+00:00,C010,1.125016154566322,0.0,0.0,1.125016154566322
2026-01-05 07:15:00+00:00,C010,1.2374209161252263,0.3282036122126984,0.0,0.909217303912528
2026-01-05 07:30:00+00:00,C010,1.2569256167058938,0.7434723463238136,0.0,0.5134532703820801
2026-01-05 07:45:00+00:00,C010,1.270119293331147,1.1345485434224412,0.0,0.13557074990870577
2026-01-05 08:00:00+00:00,C010,1.2116914172135693,1.1386994215290802,0.0,0.07299199568448911
2026-01-05 08:15:00+00:00,C010,1.1213239124384735,1.615822087563468,0.0,-0.4944981751249944
2026-01-05 08:30:00+00:00,C010,1.1030831272678945,2.009197502454964,0.0,-0.9061143751870697
2026-01-05 08:45:00+00:00,C010,0.9659910743655453,2.1543284770017146,0.0,-1.1883374026361693
2026-01-05 09:00:00+00:00,C010,0.9588986127425332,2.1872810145451944,0.0,-1.2283824018026612
2026-01-05 09:15:00+00:00,C010,0.8178715713309365,2.6541062563538445,0.0,-1.8362346850229079
2026-01-05 09:30:00+00:00,C010,0.8173589845980429,3.234195037574729,0.0,-2.416836052976686
2026-01-05 09:45:00+00:00,C010,0.7363802233263053,2.716359666839113,0.0,-1.9799794435128077
2026-01-05 10:00:00+00:00,C010,0.6520160096913787,2.757414677684293,0.0,-2.1053986679929144
2026-01-05 10:15:00+00:00,C010,0.6010593594247654,3.437667139796609,0.0,-2.836607780371844
2026-01-05 10:30:00+00:00,C010,0.5477487532720396,3.384923118773699,0.0,-2.8371743655016592
2026-01-05 10:45:00+00:00,C010,0.54899354032194,3.401461145555295,0.0,-2.8524676052333553
2026-01-05 11:00:00+00:00,C010,0.616177806818155,3.588047782294352,0.0,-2.971869975476197
2026-01-05 11:15:00+00:00,C010,0.5182635916181217,3.9721819429831062,0.0,-3.4539183513649845
2026-01-05 11:30:00+00:00,C010,0.465963475894478,4.072734712492707,0.0,-3.606771236598229
2026-01-05 11:45:00+00:00,C010,0.4771253214763886,4.183508101491321,0.0,-3.7063827800149323
2026-01-05 12:00:00+00:00,C010,0.4784085484242517,5.111819814639415,0.0,-4.633411266215163
2026-01-05 12:15:00+00:00,C010,0.44396268151543133,4.144207075419582,0.0,-3.700244393904151
2026-01-05 12:30:00+00:00,C010,0.40510811196125895,5.2476728529748815,0.0,-4.842564741013622
2026-01-05 12:45:00+00:00,C010,0.4574840467672384,4.896440394364275,0.0,-4.438956347597037
2026-01-05 13:00:00+00:00,C010,0.48621412412056264,3.7246663588726565,0.0,-3.238452234752094
2026-01-05 13:15:00+00:00,C010,0.42510350765947097,3.8801179394442573,0.0,-3.4550144317847864
2026-01-05 13:30:00+00:00,C010,0.4561948521947043,3.452695832053088,0.0,-2.996500979858384
2026-01-05 13:45:00+00:00,C010,0.49495030806964796,4.150594465715077,0.0,-3.6556441576454293
2026-01-05 14:00:00+00:00,C010,0.5015950953292115,4.352208861307763,0.0,-3.8506137659785513
2026-01-05 14:15:00+00:00,C010,0.5564330648755916,3.733327409580773,0.0,-3.176894344705181
2026-01-05 14:30:00+00:00,C010,0.4955018969953078,3.359700772596254,0.0,-2.8641988756009464
2026-01-05 14:45:00+00:00,C010,0.6245796146135861,3.1128308723910636,0.0,-2.4882512577774776
2026-01-05 15:00:00+00:00,C010,0.5662414697974195,2.4947940341878256,0.0,-1.9285525643904062
2026-01-05 15:15:00+00:00,C010,0.6105803810426764,2.66047615409484,0.0,-2.049895773052164
2026-01-05 15:30:00+00:00,C010,0.6739863255771184,2.1472806627415526,0.0,-1.4732943371644343
2026-01-05 15:45:00+00:00,C010,0.7175447536576447,2.101834523203722,0.0,-1.3842897695460772
2026-01-05 16:00:00+00:00,C010,0.7776303516325571,1.462432772256116,0.0,-0.6848024206235588
2026-01-05 16:15:00+00:00,C010,0.8503804657353509,1.1684846641136821,0.0,-0.31810419837833126
2026-01-05 16:30:00+00:00,C010,0.9200655163799879,0.8518520925702295,0.0,0.06821342380975837
2026-01-05 16:45:00+00:00,C010,0.9491758244558786,0.40731425924389436,0.0,0.5418615652119843
2026-01-05 17:00:00+00:00,C010,1.0119391848740609,6.356333760192377e-16,0.0,1.0119391848740602
2026-01-05 17:15:00+00:00,C010,1.0392341078451102,0.0,0.0,1.0392341078451102
2026-01-05 17:30:00+00:00,C010,1.211756862883094,0.0,0.0,1.211756862883094
2026-01-05 17:45:00+00:00,C010,1.2076563950307422,0.0,0.0,1.2076563950307422
2026-01-05 18:00:00+00:00,C010,1.1869659333373943,0.0,0.0,1.1869659333373943
2026-01-05 18:15:00+00:00,C010,1.2510999376464602,0.0,0.0,1.2510999376464602
2026-01-05 18:30:00+00:00,C010,1.3054259418730962,0.0,0.0,1.3054259418730962
2026-01-05 18:45:00+00:00,C010,1.2806116617812802,0.0,0.0,1.2806116617812802
2026-01-05 19:00:00+00:00,C010,1.2672347991630215,0.0,0.0,1.2672347991630215
2026-01-05 19:15:00+00:00,C010,1.3873956635660485,0.0,0.0,1.3873956635660485
2026-01-05 19:30:00+00:00,C010,1.282833748462834,0.0,0.0,1.282833748462834
2026-01-05 19:45:00+00:00,C010,1.4187363379454825,0.0,0.0,1.4187363379454825
2026-01-05 20:00:00+00:00,C010,1.2832898539778408,0.0,0.0,1.2832898539778408
2026-01-05 20:15:00+00:00,C010,1.2021021146373305,0.0,0.0,1.2021021146373305
2026-01-05 20:30:00+00:00,C010,1.1008982651810877,0.0,0.0,1.1008982651810877
2026-01-05 20:45:00+00:00,C010,1.043312133179098,0.0,0.0,1.043312133179098
2026-01-05 21:00:00+00:00,C010,0.9786793934911158,0.0,0.0,0.9786793934911158
2026-01-05 21:15:00+00:00,C010,0.9455518457655854,0.0,0.0,0.9455518457655854
2026-01-05 21:30:00+00:00,C010,0.8778585483717195,0.0,0.0,0.8778585483717195
2026-01-05 21:45:00+00:00,C010,0.7760803787690289,0.0,0.0,0.7760803787690289
2026-01-05 22:00:00+00:00,C010,0.7151697713167676,0.0,0.0,0.7151697713167676
2026-01-05 22:15:00+00:00,C010,0.6664182845846662,0.0,0.0,0.6664182845846662
2026-01-05 22:30:00+00:00,C010,0.6531824637165446,0.0,0.0,0.6531824637165446
2026-01-05 22:45:00+00:00,C010,0.6138257426754357,0.0,0.0,0.6138257426754357
2026-01-05 23:00:00+00:00,C010,0.5850094833750519,0.0,0.0,0.5850094833750519
2026-01-05 23:15:00+00:00,C010,0.5236306327583524,0.0,0.0,0.5236306327583524
2026-01-05 23:30:00+00:00,C010,0.5242367391575341,0.0,0.0,0.5242367391575341
2026-01-05 23:45:00+00:00,C010,0.4484693849069433,0.0,0.0,0.4484693849069433
2026-01-06 00:00:00+00:00,C010,0.3537882505237957,0.0,0.0,0.3537882505237957
2026-01-06 00:15:00+00:00,C010,0.38549137561066515,0.0,0.0,0.38549137561066515
2026-01-06 00:30:00+00:00,C010,0.38851626562756236,0.0,0.0,0.38851626562756236
2026-01-06 00:45:00+00:00,C010,0.37064433466823626,0.0,0.0,0.37064433466823626
2026-01-06 01:00:00+00:00,C010,0.4007570107381285,0.0,0.0,0.4007570107381285
2026-01-06 01:15:00+00:00,C010,0.40063470877428864,0.0,0.0,0.40063470877428864
2026-01-06 01:30:00+00:00,C010,0.4098159480994927,0.0,0.0,0.4098159480994927
2026-01-06 01:45:00+00:00,C010,0.3945439709815894,0.0,0.0,0.3945439709815894
2026-01-06 02:00:00+00:00,C010,0.3845057189880058,0.0,0.0,0.3845057189880058
2026-01-06 02:15:00+00:00,C010,0.41589313591113913,0.0,0.0,0.41589313591113913
2026-01-06 02:30:00+00:00,C010,0.3906216343921657,0.0,0.0,0.3906216343921657
2026-01-06 02:45:00+00:00,C010,0.3969599727279324,0.0,0.0,0.3969599727279324
2026-01-06 03:00:00+00:00,C010,0.4338334630056826,0.0,0.0,0.4338334630056826
2026-01-06 03:15:00+00:00,C010,0.4646494148896354,0.0,0.0,0.4646494148896354
2026-01-06 03:30:00+00:00,C010,0.46730126827997964,0.0,0.0,0.46730126827997964
2026-01-06 03:45:00+00:00,C010,0.4480894011317008,0.0,0.0,0.4480894011317008
2026-01-06 04:00:00+00:00,C010,0.4960489955687254,0.0,0.0,0.4960489955687254
2026-01-06 04:15:00+00:00,C010,0.5424971732835611,0.0,0.0,0.5424971732835611
2026-01-06 04:30:00+00:00,C010,0.5048845865942229,0.0,0.0,0.5048845865942229
2026-01-06 04:45:00+00:00,C010,0.6384033954549316,0.0,0.0,0.6384033954549316
2026-01-06 05:00:00+00:00,C010,0.5726372713784814,0.0,0.0,0.5726372713784814
2026-01-06 05:15:00+00:00,C010,0.6532703922877304,0.0,0.0,0.6532703922877304
2026-01-06 05:30:00+00:00,C010,0.7758062536974832,0.0,0.0,0.7758062536974832
2026-01-06 05:45:00+00:00,C010,0.9510406168592155,0.0,0.0,0.9510406168592155
2026-01-06 06:00:00+00:00,C010,1.0549816995041696,0.0,0.0,1.0549816995041696
2026-01-06 06:15:00+00:00,C010,1.0579222737786054,0.0,0.0,1.0579222737786054
2026-01-06 06:30:00+00:00,C010,1.0568615087784898,0.0,0.0,1.0568615087784898
2026-01-06 06:45:00+00:00,C010,1.080155966866167,0.0,0.0,1.080155966866167
2026-01-06 07:00:00+00:00,C010,1.2393256224339886,0.0,0.0,1.2393256224339886
2026-01-06 07:15:00+00:00,C010,1.2170375947408019,0.42397479241923425,0.0,0.7930628023215676
2026-01-06 07:30:00+00:00,C010,1.2681307175094982,0.9865472765063246,0.0,0.2815834410031737
2026-01-06 07:45:00+00:00,C010,1.2698314166466156,1.2880232443668531,0.0,-0.01819182772023753
2026-01-06 08:00:00+00:00,C010,1.201252409658669,1.812378601501082,0.0,-0.6111261918424131
2026-01-06 08:15:00+00:00,C010,1.2110842940049689,2.528539542486629,0.0,-1.31745524848166
2026-01-06 08:30:00+00:00,C010,1.0159973605663848,2.7333220580071793,0.0,-1.7173246974407945
2026-01-06 08:45:00+00:00,C010,1.0272693155497954,2.9472244523243885,0.0,-1.919955136774593
2026-01-06 09:00:00+00:00,C010,0.9091231318108772,3.2314248355818114,0.0,-2.3223017037709344
2026-01-06 09:15:00+00:00,C010,0.8694413258997513,3.8333461751733275,0.0,-2.9639048492735762
2026-01-06 09:30:00+00:00,C010,0.7872139180820436,3.5197992535671467,0.0,-2.732585335485103
2026-01-06 09:45:00+00:00,C010,0.6646985274231006,3.996358303283668,0.0,-3.331659775860567
2026-01-06 10:00:00+00:00,C010,0.6792207667567426,4.803893719671806,0.0,-4.124672952915064
2026-01-06 10:15:00+00:00,C010,0.6142387093528248,4.583863514850729,0.0,-3.9696248054979044
2026-01-06 10:30:00+00:00,C010,0.5317398797858112,4.202650621948648,0.0,-3.670910742162837
2026-01-06 10:45:00+00:00,C010,0.5222497296962922,4.333362815774212,0.0,-3.8111130860779197
2026-01-06 11:00:00+00:00,C010,0.4891607102870073,6.109745845448075,0.0,-5.620585135161068
2026-01-06 11:15:00+00:00,C010,0.47154452007005876,6.073577013358667,0.0,-5.6020324932886085
2026-01-06 11:30:00+00:00,C010,0.46172350385160965,4.851608785385242,0.0,-4.389885281533632
2026-01-06 11:45:00+00:00,C010,0.45712041455297336,6.2713340648211675,0.0,-5.8142136502681945
2026-01-06 12:00:00+00:00,C010,0.43959797264966244,6.420791006041903,0.0,-5.981193033392241
2026-01-06 12:15:00+00:00,C010,0.48896845286767177,5.929236531765787,0.0,-5.440268078898115
2026-01-06 12:30:00+00:00,C010,0.47167974571487675,5.368500493454311,0.0,-4.896820747739435
2026-01-06 12:45:00+00:00,C010,0.4545325103301605,5.547661811932494,0.0,-5.093129301602334
2026-01-06 13:00:00+00:00,C010,0.4685969480098926,5.695522115203155,0.0,-5.226925167193262
2026-01-06 13:15:00+00:00,C010,0.42965521523591693,5.528661203151457,0.0,-5.0990059879155405
2026-01-06 13:30:00+00:00,C010,0.47752980488615326,5.334576340953926,0.0,-4.857046536067773
2026-01-06 13:45:00+00:00,C010,0.4687052126667275,5.167206785122531,0.0,-4.698501572455803
2026-01-06 14:00:00+00:00,C010,0.46984442044245467,3.4870032262434267,0.0,-3.017158805800972
2026-01-06 14:15:00+00:00,C010,0.5183220133655305,4.088917090048994,0.0,-3.570595076683464
2026-01-06 14:30:00+00:00,C010,0.561098699639094,3.560040476245843,0.0,-2.998941776606749
2026-01-06 14:45:00+00:00,C010,0.5751104162759983,3.745810697433637,0.0,-3.1707002811576386
2026-01-06 15:00:00+00:00,C010,0.6178494218392468,3.280311124202744,0.0,-2.662461702363497
2026-01-06 15:15:00+00:00,C010,0.7525384126326767,3.0557678370621644,0.0,-2.3032294244294875
2026-01-06 15:30:00+00:00,C010,0.6725757629811745,3.1270679271124733,0.0,-2.454492164131299
2026-01-06 15:45:00+00:00,C010,0.6892293456185856,2.360471481187765,0.0,-1.6712421355691796
2026-01-06 16:00:00+00:00,C010,0.7608907782283666,1.9722848803032487,0.0,-1.2113941020748822
2026-01-06 16:15:00+00:00,C010,0.8898380583428863,1.5407062238730687,0.0,-0.6508681655301823
2026-01-06 16:30:00+00:00,C010,0.9637174661365291,0.9384397206072065,0.0,0.025277745529322604
2026-01-06 16:45:00+00:00,C010,0.9903632463816823,0.36050783808718145,0.0,0.6298554082945008
2026-01-06 17:00:00+00:00,C010,1.0787543329440725,6.51571714787968e-16,0.0,1.0787543329440719
2026-01-06 17:15:00+00:00,C010,1.1218457807221192,0.0,0.0,1.1218457807221192
2026-01-06 17:30:00+00:00,C010,1.1502088571828968,0.0,0.0,1.1502088571828968
2026-01-06 17:45:00+00:00,C010,1.1920064671552275,0.0,0.0,1.1920064671552275
2026-01-06 18:00:00+00:00,C010,1.2627300886523263,0.0,0.0,1.2627300886523263
2026-01-06 18:15:00+00:00,C010,1.2663035283991284,0.0,0.0,1.2663035283991284
2026-01-06 18:30:00+00:00,C010,1.345718256249422,0.0,0.0,1.345718256249422
2026-01-06 18:45:00+00:00,C010,1.3167332888071226,0.0,0.0,1.3167332888071226
2026-01-06 19:00:00+00:00,C010,1.3583977398091223,0.0,0.0,1.3583977398091223
2026-01-06 19:15:00+00:00,C010,1.4614721411642595,0.0,0.0,1.4614721411642595
2026-01-06 19:30:00+00:00,C010,1.3642462897763246,0.0,0.0,1.3642462897763246
2026-01-06 19:45:00+00:00,C010,1.3466368649224587,0.0,0.0,1.3466368649224587
2026-01-06 20:00:00+00:00,C010,1.2600550590563235,0.0,0.0,1.2600550590563235
2026-01-06 20:15:00+00:00,C010,1.1850376426943197,0.0,0.0,1.1850376426943197
2026-01-06 20:30:00+00:00,C010,1.1312415944206962,0.0,0.0,1.1312415944206962
2026-01-06 20:45:00+00:00,C010,1.1242814063035207,0.0,0.0,1.1242814063035207
2026-01-06 21:00:00+00:00,C010,1.0040602927503544,0.0,0.0,1.0040602927503544
2026-01-06 21:15:00+00:00,C010,0.9288828686258692,0.0,0.0,0.9288828686258692
2026-01-06 21:30:00+00:00,C010,0.8574081254641065,0.0,0.0,0.8574081254641065
2026-01-06 21:45:00+00:00,C010,0.8385333757262735,0.0,0.0,0.8385333757262735
2026-01-06 22:00:00+00:00,C010,0.7404936714696464,0.0,0.0,0.7404936714696464
2026-01-06 22:15:00+00:00,C010,0.685929156684631,0.0,0.0,0.685929156684631
2026-01-06 22:30:00+00:00,C010,0.7539136359784117,0.0,0.0,0.7539136359784117
2026-01-06 22:45:00+00:00,C010,0.5588661486060426,0.0,0.0,0.5588661486060426
2026-01-06 23:00:00+00:00,C010,0.589668174416955,0.0,0.0,0.589668174416955
2026-01-06 23:15:00+00:00,C010,0.5176371777592058,0.0,0.0,0.5176371777592058
2026-01-06 23:30:00+00:00,C010,0.5042558955350437,0.0,0.0,0.5042558955350437
2026-01-06 23:45:00+00:00,C010,0.5742998608075826,0.0,0.0,0.5742998608075826
2026-01-07 00:00:00+00:00,C010,0.33899032590392814,0.0,0.0,0.33899032590392814
2026-01-07 00:15:00+00:00,C010,0.3503691669925686,0.0,0.0,0.3503691669925686
2026-01-07 00:30:00+00:00,C010,0.3895122512446637,0.0,0.0,0.3895122512446637
2026-01-07 00:45:00+00:00,C010,0.36227886594714626,0.0,0.0,0.36227886594714626
2026-01-07 01:00:00+00:00,C010,0.444642835486455,0.0,0.0,0.444642835486455
2026-01-07 01:15:00+00:00,C010,0.39378876347075137,0.0,0.0,0.39378876347075137
2026-01-07 01:30:00+00:00,C010,0.4250190656610256,0.0,0.0,0.4250190656610256
2026-01-07 01:45:00+00:00,C010,0.3770557143100892,0.0,0.0,0.3770557143100892
2026-01-07 02:00:00+00:00,C010,0.34969425192896275,0.0,0.0,0.34969425192896275
2026-01-07 02:15:00+00:00,C010,0.3891186513955631,0.0,0.0,0.3891186513955631
2026-01-07 02:30:00+00:00,C010,0.3846558905893455,0.0,0.0,0.3846558905893455
2026-01-07 02:45:00+00:00,C010,0.47975423674325923,0.0,0.0,0.47975423674325923
2026-01-07 03:00:00+00:00,C010,0.38476355551561464,0.0,0.0,0.38476355551561464
2026-01-07 03:15:00+00:00,C010,0.3945314751406032,0.0,0.0,0.3945314751406032
2026-01-07 03:30:00+00:00,C010,0.4776521928452102,0.0,0.0,0.4776521928452102
2026-01-07 03:45:00+00:00,C010,0.44753196872282763,0.0,0.0,0.44753196872282763
2026-01-07 04:00:00+00:00,C010,0.42221798299111535,0.0,0.0,0.42221798299111535
2026-01-07 04:15:00+00:00,C010,0.5925286668777947,0.0,0.0,0.5925286668777947
2026-01-07 04:30:00+00:00,C010,0.5309989384325879,0.0,0.0,0.5309989384325879
2026-01-07 04:45:00+00:00,C010,0.5870200156664972,0.0,0.0,0.5870200156664972
2026-01-07 05:00:00+00:00,C010,0.6394158429856345,0.0,0.0,0.6394158429856345
2026-01-07 05:15:00+00:00,C010,0.708397426210237,0.0,0.0,0.708397426210237
2026-01-07 05:30:00+00:00,C010,0.7784743572355286,0.0,0.0,0.7784743572355286
2026-01-07 05:45:00+00:00,C010,0.8510816514704111,0.0,0.0,0.8510816514704111
2026-01-07 06:00:00+00:00,C010,0.9049107959980554,0.0,0.0,0.9049107959980554
2026-01-07 06:15:00+00:00,C010,1.0099184893702602,0.0,0.0,1.0099184893702602
2026-01-07 06:30:00+00:00,C010,1.0807284310737721,0.0,0.0,1.0807284310737721
2026-01-07 06:45:00+00:00,C010,1.1154308800027217,0.0,0.0,1.1154308800027217
2026-01-07 07:00:00+00:00,C010,1.3014578241266135,0.0,0.0,1.3014578241266135
2026-01-07 07:15:00+00:00,C010,1.1868419536188326,0.22079623074523524,0.0,0.9660457228735974
2026-01-07 07:30:00+00:00,C010,1.2251116049434518,0.5441238215564582,0.0,0.6809877833869936
2026-01-07 07:45:00+00:00,C010,1.1739239142589277,0.8808731290705432,0.0,0.29305078518838457
2026-01-07 08:00:00+00:00,C010,1.1889284201614132,0.9200104825039381,0.0,0.26891793765747507
2026-01-07 08:15:00+00:00,C010,1.1058603433690384,1.8356894134941657,0.0,-0.7298290701251273
2026-01-07 08:30:00+00:00,C010,1.0742426812089259,2.128733116991982,0.0,-1.054490435783056
2026-01-07 08:45:00+00:00,C010,0.9943467788847196,1.634554544930586,0.0,-0.6402077660458665
2026-01-07 09:00:00+00:00,C010,0.928800911660718,2.062950686309481,0.0,-1.1341497746487632
2026-01-07 09:15:00+00:00,C010,0.8671731657990062,2.198236533333283,0.0,-1.3310633675342767
2026-01-07 09:30:00+00:00,C010,0.7677951458326161,2.989561446663073,0.0,-2.2217663008304567
2026-01-07 09:45:00+00:00,C010,0.7012313880221153,2.657083835105752,0.0,-1.955852447083637
2026-01-07 10:00:00+00:00,C010,0.6270071882206903,1.9879926061755921,0.0,-1.3609854179549017
2026-01-07 10:15:00+00:00,C010,0.6243746553230991,2.550950450163147,0.0,-1.926575794840048
2026-01-07 10:30:00+00:00,C010,0.5699287764117558,2.9686579663233448,0.0,-2.398729189911589
2026-01-07 10:45:00+00:00,C010,0.5043007597040848,3.369622129978447,0.0,-2.865321370274362
2026-01-07 11:00:00+00:00,C010,0.4602301592996412,3.429030895772608,0.0,-2.968800736472967
2026-01-07 11:15:00+00:00,C010,0.4451894929226201,4.413157139459863,0.0,-3.967967646537243
2026-01-07 11:30:00+00:00,C010,0.4251494594338257,3.175558793025684,0.0,-2.750409333591858
2026-01-07 11:45:00+00:00,C010,0.5021460442425838,2.86858245243053,0.0,-2.366436408187946
2026-01-07 12:00:00+00:00,C010,0.46159643888776913,4.1880950231622,0.0,-3.726498584274431
2026-01-07 12:15:00+00:00,C010,0.4261291945185578,3.6614815780750947,0.0,-3.235352383556537
2026-01-07 12:30:00+00:00,C010,0.43236891828778135,3.881983042267536,0.0,-3.449614123979755
2026-01-07 12:45:00+00:00,C010,0.40722784962649644,3.706348048803199,0.0,-3.2991201991767025
2026-01-07 13:00:00+00:00,C010,0.43280824120359646,3.082192149850205,0.0,-2.649383908646609
2026-01-07 13:15:00+00:00,C010,0.4931391117715753,4.0643693672583705,0.0,-3.571230255486795
2026-01-07 13:30:00+00:00,C010,0.435903815303333,2.5925166949539715,0.0,-2.1566128796506385
2026-01-07 13:45:00+00:00,C010,0.5070788827111089,2.40621976980946,0.0,-1.8991408870983508
2026-01-07 14:00:00+00:00,C010,0.5302946834784368,2.7198348280991023,0.0,-2.1895401446206657
2026-01-07 14:15:00+00:00,C010,0.5700635981583668,3.477322205076489,0.0,-2.9072586069181225
2026-01-07 14:30:00+00:00,C010,0.5548251898250128,2.6522547338553384,0.0,-2.0974295440303257
2026-01-07 14:45:00+00:00,C010,0.5504922815640771,1.6374868987600744,0.0,-1.0869946171959972
2026-01-07 15:00:00+00:00,C010,0.6137601147270982,2.7683369803690527,0.0,-2.1545768656419546
2026-01-07 15:15:00+00:00,C010,0.6394020013807994,1.7615376184726608,0.0,-1.1221356170918613
2026-01-07 15:30:00+00:00,C010,0.715512048614198,1.7344601346642663,0.0,-1.0189480860500684
2026-01-07 15:45:00+00:00,C010,0.7282818658858023,1.0437801011385652,0.0,-0.3154982352527629
2026-01-07 16:00:00+00:00,C010,0.8177355374694067,1.0915514473285484,0.0,-0.2738159098591416
2026-01-07 16:15:00+00:00,C010,0.825478056328978,0.6855226301919642,0.0,0.13995542613701373
2026-01-07 16:30:00+00:00,C010,0.9003534426517662,0.44488051393875316,0.0,0.45547292871301304
2026-01-07 16:45:00+00:00,C010,0.9054221774133758,0.19279706517745931,0.0,0.7126251122359165
2026-01-07 17:00:00+00:00,C010,1.0934637956161877,3.990109651890202e-16,0.0,1.0934637956161872
2026-01-07 17:15:00+00:00,C010,1.0736416601222967,0.0,0.0,1.0736416601222967
2026-01-07 17:30:00+00:00,C010,1.0573873652964323,0.0,0.0,1.0573873652964323
2026-01-07 17:45:00+00:00,C010,1.2036466854177321,0.0,0.0,1.2036466854177321
2026-01-07 18:00:00+00:00,C010,1.1459970813395624,0.0,0.0,1.1459970813395624
2026-01-07 18:15:00+00:00,C010,1.2975199206113455,0.0,0.0,1.2975199206113455
2026-01-07 18:30:00+00:00,C010,1.1679647486699474,0.0,0.0,1.1679647486699474
2026-01-07 18:45:00+00:00,C010,1.3044073965739351,0.0,0.0,1.3044073965739351
2026-01-07 19:00:00+00:00,C010,1.2797597304421013,0.0,0.0,1.2797597304421013
2026-01-07 19:15:00+00:00,C010,1.2904395243234514,0.0,0.0,1.2904395243234514
2026-01-07 19:30:00+00:00,C010,1.2278677538883498,0.0,0.0,1.2278677538883498
2026-01-07 19:45:00+00:00,C010,1.1625239943265377,0.0,0.0,1.1625239943265377
2026-01-07 20:00:00+00:00,C010,1.201682568018204,0.0,0.0,1.201682568018204
2026-01-07 20:15:00+00:00,C010,1.2372896448700044,0.0,0.0,1.2372896448700044
2026-01-07 20:30:00+00:00,C010,1.0776739428261217,0.0,0.0,1.0776739428261217
2026-01-07 20:45:00+00:00,C010,1.0276350161703256,0.0,0.0,1.0276350161703256
2026-01-07 21:00:00+00:00,C010,0.9909604772050061,0.0,0.0,0.9909604772050061
2026-01-07 21:15:00+00:00,C010,0.9029947652705766,0.0,0.0,0.9029947652705766
2026-01-07 21:30:00+00:00,C010,0.8672658809354393,0.0,0.0,0.8672658809354393
2026-01-07 21:45:00+00:00,C010,0.7769088733768972,0.0,0.0,0.7769088733768972
2026-01-07 22:00:00+00:00,C010,0.7426651655186928,0.0,0.0,0.7426651655186928
2026-01-07 22:15:00+00:00,C010,0.675459688166078,0.0,0.0,0.675459688166078
2026-01-07 22:30:00+00:00,C010,0.623197949407008,0.0,0.0,0.623197949407008
2026-01-07 22:45:00+00:00,C010,0.5846367682005161,0.0,0.0,0.5846367682005161
2026-01-07 23:00:00+00:00,C010,0.5162006178984893,0.0,0.0,0.5162006178984893
2026-01-07 23:15:00+00:00,C010,0.5684127315514829,0.0,0.0,0.5684127315514829
2026-01-07 23:30:00+00:00,C010,0.47339025119467903,0.0,0.0,0.47339025119467903
2026-01-07 23:45:00+00:00,C010,0.4033992170898743,0.0,0.0,0.4033992170898743
2026-01-01 00:00:00+00:00,C011,22.123599935606112,0.0,0.0,22.123599935606112
2026-01-01 00:15:00+00:00,C011,22.565518000796406,0.0,0.0,22.565518000796406
2026-01-01 00:30:00+00:00,C011,25.174451793674155,0.0,3.7,25.174451793674155
2026-01-01 00:45:00+00:00,C011,22.829156360010128,0.0,0.0,22.829156360010128
2026-01-01 01:00:00+00:00,C011,26.78954119066416,0.0,3.7,26.78954119066416
2026-01-01 01:15:00+00:00,C011,26.757276344134187,0.0,3.7,26.757276344134187
2026-01-01 01:30:00+00:00,C011,22.4785100023244,0.0,0.0,22.4785100023244
2026-01-01 01:45:00+00:00,C011,23.23701495302629,0.0,0.0,23.23701495302629
2026-01-01 02:00:00+00:00,C011,23.436607641602187,0.0,0.0,23.436607641602187
2026-01-01 02:15:00+00:00,C011,22.830653643737588,0.0,0.0,22.830653643737588
2026-01-01 02:30:00+00:00,C011,22.332118305319455,0.0,0.0,22.332118305319455
2026-01-01 02:45:00+00:00,C011,23.193233699748287,0.0,0.0,23.193233699748287
2026-01-01 03:00:00+00:00,C011,21.9228879598261,0.0,0.0,21.9228879598261
2026-01-01 03:15:00+00:00,C011,21.978305475389817,0.0,0.0,21.978305475389817
2026-01-01 03:30:00+00:00,C011,22.643417849603185,0.0,0.0,22.643417849603185
2026-01-01 03:45:00+00:00,C011,21.52021168578789,0.0,0.0,21.52021168578789
2026-01-01 04:00:00+00:00,C011,23.455617182837045,0.0,0.0,23.455617182837045
2026-01-01 04:15:00+00:00,C011,22.247261977869854,0.0,0.0,22.247261977869854
2026-01-01 04:30:00+00:00,C011,22.437468934982565,0.0,0.0,22.437468934982565
2026-01-01 04:45:00+00:00,C011,22.811087993724403,0.0,0.0,22.811087993724403
2026-01-01 05:00:00+00:00,C011,23.071540546786,0.0,0.0,23.071540546786
2026-01-01 05:15:00+00:00,C011,22.865740858234147,0.0,0.0,22.865740858234147
2026-01-01 05:30:00+00:00,C011,22.861732228648624,0.0,0.0,22.861732228648624
2026-01-01 05:45:00+00:00,C011,23.0871671900386,0.0,0.0,23.0871671900386
2026-01-01 06:00:00+00:00,C011,114.1871337450282,0.0,0.0,114.1871337450282
2026-01-01 06:15:00+00:00,C011,112.92944072634144,0.0,0.0,112.92944072634144
2026-01-01 06:30:00+00:00,C011,119.94133440436697,0.0,0.0,119.94133440436697
2026-01-01 06:45:00+00:00,C011,107.242094353196,0.0,0.0,107.242094353196
2026-01-01 07:00:00+00:00,C011,114.97259915825288,0.0,0.0,114.97259915825288
2026-01-01 07:15:00+00:00,C011,113.9449760771704,0.0,0.0,113.9449760771704
2026-01-01 07:30:00+00:00,C011,116.38582933246795,0.0,0.0,116.38582933246795
2026-01-01 07:45:00+00:00,C011,110.54335998950006,0.0,0.0,110.54335998950006
2026-01-01 08:00:00+00:00,C011,114.50359320201126,0.0,0.0,114.50359320201126
2026-01-01 08:15:00+00:00,C011,116.3105626721938,0.0,0.0,116.3105626721938
2026-01-01 08:30:00+00:00,C011,120.040594480088,0.0,0.0,120.040594480088
2026-01-01 08:45:00+00:00,C011,116.63776881104266,0.0,0.0,116.63776881104266
2026-01-01 09:00:00+00:00,C011,111.26818435834011,0.0,0.0,111.26818435834011
2026-01-01 09:15:00+00:00,C011,114.4950920358241,0.0,0.0,114.4950920358241
2026-01-01 09:30:00+00:00,C011,119.96994794293485,0.0,0.0,119.96994794293485
2026-01-01 09:45:00+00:00,C011,110.37788679253514,0.0,0.0,110.37788679253514
2026-01-01 10:00:00+00:00,C011,114.69625199532223,0.0,0.0,114.69625199532223
2026-01-01 10:15:00+00:00,C011,114.95401795985843,0.0,0.0,114.95401795985843
2026-01-01 10:30:00+00:00,C011,114.08504822744297,0.0,0.0,114.08504822744297
2026-01-01 10:45:00+00:00,C011,125.67546482669796,0.0,0.0,125.67546482669796
2026-01-01 11:00:00+00:00,C011,113.05914395243694,0.0,0.0,113.05914395243694
2026-01-01 11:15:00+00:00,C011,116.23132982558515,0.0,0.0,116.23132982558515
2026-01-01 11:30:00+00:00,C011,110.70218118399876,0.0,0.0,110.70218118399876
2026-01-01 11:45:00+00:00,C011,116.06389558549031,0.0,0.0,116.06389558549031
2026-01-01 12:00:00+00:00,C011,116.85245502187364,0.0,0.0,116.85245502187364
2026-01-01 12:15:00+00:00,C011,111.22096428681063,0.0,0.0,111.22096428681063
2026-01-01 12:30:00+00:00,C011,112.92214100614379,0.0,0.0,112.92214100614379
2026-01-01 12:45:00+00:00,C011,109.10053587879446,0.0,0.0,109.10053587879446
2026-01-01 13:00:00+00:00,C011,109.22790565280827,0.0,0.0,109.22790565280827
2026-01-01 13:15:00+00:00,C011,116.80964707938374,0.0,0.0,116.80964707938374
2026-01-01 13:30:00+00:00,C011,110.35291052129871,0.0,0.0,110.35291052129871
2026-01-01 13:45:00+00:00,C011,102.86870213740585,0.0,0.0,102.86870213740585
2026-01-01 14:00:00+00:00,C011,118.72812964537047,0.0,0.0,118.72812964537047
2026-01-01 14:15:00+00:00,C011,107.21437031510236,0.0,0.0,107.21437031510236
2026-01-01 14:30:00+00:00,C011,110.68093314738572,0.0,0.0,110.68093314738572
2026-01-01 14:45:00+00:00,C011,116.41838976012203,0.0,0.0,116.41838976012203
2026-01-01 15:00:00+00:00,C011,111.0797606861602,0.0,0.0,111.0797606861602
2026-01-01 15:15:00+00:00,C011,109.79663962779004,0.0,0.0,109.79663962779004
2026-01-01 15:30:00+00:00,C011,105.09229535660889,0.0,0.0,105.09229535660889
2026-01-01 15:45:00+00:00,C011,103.00405308424799,0.0,0.0,103.00405308424799
2026-01-01 16:00:00+00:00,C011,108.27750747750677,0.0,0.0,108.27750747750677
2026-01-01 16:15:00+00:00,C011,109.9858069543186,0.0,0.0,109.9858069543186
2026-01-01 16:30:00+00:00,C011,110.32050001954507,0.0,0.0,110.32050001954507
2026-01-01 16:45:00+00:00,C011,107.16820767815415,0.0,0.0,107.16820767815415
2026-01-01 17:00:00+00:00,C011,107.95842561314258,0.0,0.0,107.95842561314258
2026-01-01 17:15:00+00:00,C011,101.4308317155914,0.0,0.0,101.4308317155914
2026-01-01 17:30:00+00:00,C011,110.71353839500055,0.0,0.0,110.71353839500055
2026-01-01 17:45:00+00:00,C011,109.30153520126048,0.0,0.0,109.30153520126048
2026-01-01 18:00:00+00:00,C011,115.86954571008235,0.0,0.0,115.86954571008235
2026-01-01 18:15:00+00:00,C011,107.29521883931204,0.0,0.0,107.29521883931204
2026-01-01 18:30:00+00:00,C011,103.84260249472945,0.0,0.0,103.84260249472945
2026-01-01 18:45:00+00:00,C011,106.7108984796414,0.0,0.0,106.7108984796414
2026-01-01 19:00:00+00:00,C011,106.34389267609816,0.0,0.0,106.34389267609816
2026-01-01 19:15:00+00:00,C011,108.73213442442791,0.0,0.0,108.73213442442791
2026-01-01 19:30:00+00:00,C011,106.82722960936935,0.0,0.0,106.82722960936935
2026-01-01 19:45:00+00:00,C011,102.59968205736168,0.0,0.0,102.59968205736168
2026-01-01 20:00:00+00:00,C011,100.67450070623065,0.0,0.0,100.67450070623065
2026-01-01 20:15:00+00:00,C011,108.54724587696488,0.0,0.0,108.54724587696488
2026-01-01 20:30:00+00:00,C011,112.56866560954121,0.0,0.0,112.56866560954121
2026-01-01 20:45:00+00:00,C011,107.7192640153039,0.0,0.0,107.7192640153039
2026-01-01 21:00:00+00:00,C011,111.11102358841556,0.0,0.0,111.11102358841556
2026-01-01 21:15:00+00:00,C011,110.74353812879325,0.0,0.0,110.74353812879325
2026-01-01 21:30:00+00:00,C011,108.70586969669749,0.0,0.0,108.70586969669749
2026-01-01 21:45:00+00:00,C011,104.41282086657682,0.0,0.0,104.41282086657682
2026-01-01 22:00:00+00:00,C011,21.602491674769905,0.0,0.0,21.602491674769905
2026-01-01 22:15:00+00:00,C011,26.096424677779797,0.0,3.7,26.096424677779797
2026-01-01 22:30:00+00:00,C011,25.58818379912259,0.0,3.7,25.58818379912259
2026-01-01 22:45:00+00:00,C011,22.195128657435113,0.0,0.0,22.195128657435113
2026-01-01 23:00:00+00:00,C011,21.35873429448298,0.0,0.0,21.35873429448298
2026-01-01 23:15:00+00:00,C011,25.248739105558958,0.0,3.7,25.248739105558958
2026-01-01 23:30:00+00:00,C011,21.874064056950616,0.0,0.0,21.874064056950616
2026-01-01 23:45:00+00:00,C011,21.93700027409472,0.0,0.0,21.93700027409472
2026-01-02 00:00:00+00:00,C011,26.605174593372837,0.0,3.7,26.605174593372837
2026-01-02 00:15:00+00:00,C011,20.20090739891328,0.0,0.0,20.20090739891328
2026-01-02 00:30:00+00:00,C011,25.590037327974613,0.0,3.7,25.590037327974613
2026-01-02 00:45:00+00:00,C011,22.03576159981821,0.0,0.0,22.03576159981821
2026-01-02 01:00:00+00:00,C011,21.017360356991784,0.0,0.0,21.017360356991784
2026-01-02 01:15:00+00:00,C011,22.414778960644497,0.0,0.0,22.414778960644497
2026-01-02 01:30:00+00:00,C011,21.619034667012578,0.0,0.0,21.619034667012578
2026-01-02 01:45:00+00:00,C011,21.809728325076055,0.0,0.0,21.809728325076055
2026-01-02 02:00:00+00:00,C011,23.817772243324754,0.0,0.0,23.817772243324754
2026-01-02 02:15:00+00:00,C011,23.11416570349859,0.0,0.0,23.11416570349859
2026-01-02 02:30:00+00:00,C011,22.934014023252125,0.0,0.0,22.934014023252125
2026-01-02 02:45:00+00:00,C011,22.751363534711484,0.0,0.0,22.751363534711484
2026-01-02 03:00:00+00:00,C011,22.214702849947948,0.0,0.0,22.214702849947948
2026-01-02 03:15:00+00:00,C011,24.3408913819144,0.0,0.0,24.3408913819144
2026-01-02 03:30:00+00:00,C011,23.134964703409054,0.0,0.0,23.134964703409054
2026-01-02 03:45:00+00:00,C011,21.98780599951594,0.0,0.0,21.98780599951594
2026-01-02 04:00:00+00:00,C011,21.628414687352997,0.0,0.0,21.628414687352997
2026-01-02 04:15:00+00:00,C011,23.360999108933587,0.0,0.0,23.360999108933587
2026-01-02 04:30:00+00:00,C011,22.697909425044422,0.0,0.0,22.697909425044422
2026-01-02 04:45:00+00:00,C011,21.723719586903755,0.0,0.0,21.723719586903755
2026-01-02 05:00:00+00:00,C011,23.14456034762884,0.0,0.0,23.14456034762884
2026-01-02 05:15:00+00:00,C011,22.65347465992714,0.0,0.0,22.65347465992714
2026-01-02 05:30:00+00:00,C011,23.10755508829074,0.0,0.0,23.10755508829074
2026-01-02 05:45:00+00:00,C011,23.32610390444403,0.0,0.0,23.32610390444403
2026-01-02 06:00:00+00:00,C011,113.07717160413381,0.0,0.0,113.07717160413381
2026-01-02 06:15:00+00:00,C011,117.38112840149175,0.0,0.0,117.38112840149175
2026-01-02 06:30:00+00:00,C011,112.91779339286494,0.0,0.0,112.91779339286494
2026-01-02 06:45:00+00:00,C011,112.50084443067564,0.0,0.0,112.50084443067564
2026-01-02 07:00:00+00:00,C011,112.53226250562763,0.0,0.0,112.53226250562763
2026-01-02 07:15:00+00:00,C011,119.61063677603018,0.0,0.0,119.61063677603018
2026-01-02 07:30:00+00:00,C011,113.21411985088471,0.0,0.0,113.21411985088471
2026-01-02 07:45:00+00:00,C011,121.76357086779173,0.0,0.0,121.76357086779173
2026-01-02 08:00:00+00:00,C011,123.0391761361729,0.0,0.0,123.0391761361729
2026-01-02 08:15:00+00:00,C011,112.9946347145668,0.0,0.0,112.9946347145668
2026-01-02 08:30:00+00:00,C011,103.77532674128338,0.0,0.0,103.77532674128338
2026-01-02 08:45:00+00:00,C011,120.47010653759286,0.0,0.0,120.47010653759286
2026-01-02 09:00:00+00:00,C011,113.39701112966519,0.0,0.0,113.39701112966519
2026-01-02 09:15:00+00:00,C011,111.77973256415767,0.0,0.0,111.77973256415767
2026-01-02 09:30:00+00:00,C011,113.63896195949329,0.0,0.0,113.63896195949329
2026-01-02 09:45:00+00:00,C011,113.9188724997663,0.0,0.0,113.9188724997663
2026-01-02 10:00:00+00:00,C011,119.74822603547257,0.0,0.0,119.74822603547257
2026-01-02 10:15:00+00:00,C011,114.67330285797868,0.0,0.0,114.67330285797868
2026-01-02 10:30:00+00:00,C011,118.15147639988743,0.0,0.0,118.15147639988743
2026-01-02 10:45:00+00:00,C011,114.20150531265972,0.0,0.0,114.20150531265972
2026-01-02 11:00:00+00:00,C011,112.55074699019742,0.0,0.0,112.55074699019742
2026-01-02 11:15:00+00:00,C011,112.97404049027618,0.0,0.0,112.97404049027618
2026-01-02 11:30:00+00:00,C011,117.3664480764244,0.0,0.0,117.3664480764244
2026-01-02 11:45:00+00:00,C011,116.4744287872507,0.0,0.0,116.4744287872507
2026-01-02 12:00:00+00:00,C011,117.69211651753031,0.0,0.0,117.69211651753031
2026-01-02 12:15:00+00:00,C011,112.16450868502726,0.0,0.0,112.16450868502726
2026-01-02 12:30:00+00:00,C011,113.77080536989874,0.0,0.0,113.77080536989874
2026-01-02 12:45:00+00:00,C011,114.78738742673734,0.0,0.0,114.78738742673734
2026-01-02 13:00:00+00:00,C011,109.8903589945225,0.0,0.0,109.8903589945225
2026-01-02 13:15:00+00:00,C011,107.29755839271442,0.0,0.0,107.29755839271442
2026-01-02 13:30:00+00:00,C011,108.52221842332247,0.0,0.0,108.52221842332247
2026-01-02 13:45:00+00:00,C011,111.04984513818742,0.0,0.0,111.04984513818742
2026-01-02 14:00:00+00:00,C011,114.75041872477387,0.0,0.0,114.75041872477387
2026-01-02 14:15:00+00:00,C011,115.94500575417504,0.0,0.0,115.94500575417504
2026-01-02 14:30:00+00:00,C011,105.22972592459628,0.0,0.0,105.22972592459628
2026-01-02 14:45:00+00:00,C011,106.66436760028205,0.0,0.0,106.66436760028205
2026-01-02 15:00:00+00:00,C011,108.41725960083976,0.0,0.0,108.41725960083976
2026-01-02 15:15:00+00:00,C011,111.96631348697417,0.0,0.0,111.96631348697417
2026-01-02 15:30:00+00:00,C011,107.66307814189244,0.0,0.0,107.66307814189244
2026-01-02 15:45:00+00:00,C011,108.25168407297616,0.0,0.0,108.25168407297616
2026-01-02 16:00:00+00:00,C011,104.09307210145353,0.0,0.0,104.09307210145353
2026-01-02 16:15:00+00:00,C011,110.94623457935472,0.0,0.0,110.94623457935472
2026-01-02 16:30:00+00:00,C011,106.30583470136862,0.0,0.0,106.30583470136862
2026-01-02 16:45:00+00:00,C011,106.23053975298428,0.0,0.0,106.23053975298428
2026-01-02 17:00:00+00:00,C011,106.3975256486407,0.0,0.0,106.3975256486407
2026-01-02 17:15:00+00:00,C011,112.65203522322497,0.0,0.0,112.65203522322497
2026-01-02 17:30:00+00:00,C011,103.17654341563957,0.0,0.0,103.17654341563957
2026-01-02 17:45:00+00:00,C011,103.99302622410576,0.0,0.0,103.99302622410576
2026-01-02 18:00:00+00:00,C011,112.07922519455605,0.0,0.0,112.07922519455605
2026-01-02 18:15:00+00:00,C011,107.44529343677932,0.0,0.0,107.44529343677932
2026-01-02 18:30:00+00:00,C011,109.98645041405747,0.0,0.0,109.98645041405747
2026-01-02 18:45:00+00:00,C011,108.11101285125116,0.0,0.0,108.11101285125116
2026-01-02 19:00:00+00:00,C011,107.0174887819595,0.0,0.0,107.0174887819595
2026-01-02 19:15:00+00:00,C011,106.30443504355597,0.0,0.0,106.30443504355597
2026-01-02 19:30:00+00:00,C011,110.7389809049178,0.0,0.0,110.7389809049178
2026-01-02 19:45:00+00:00,C011,110.91935654088653,0.0,0.0,110.91935654088653
2026-01-02 20:00:00+00:00,C011,109.615785451362,0.0,0.0,109.615785451362
2026-01-02 20:15:00+00:00,C011,102.17107623199263,0.0,0.0,102.17107623199263
2026-01-02 20:30:00+00:00,C011,111.69233256277084,0.0,0.0,111.69233256277084
2026-01-02 20:45:00+00:00,C011,105.24767752370249,0.0,0.0,105.24767752370249
2026-01-02 21:00:00+00:00,C011,103.14711924933094,0.0,0.0,103.14711924933094
2026-01-02 21:15:00+00:00,C011,106.14390555567479,0.0,0.0,106.14390555567479
2026-01-02 21:30:00+00:00,C011,110.43206885377857,0.0,0.0,110.43206885377857
2026-01-02 21:45:00+00:00,C011,108.39772661708646,0.0,0.0,108.39772661708646
2026-01-02 22:00:00+00:00,C011,21.205788846196427,0.0,0.0,21.205788846196427
2026-01-02 22:15:00+00:00,C011,21.898681443111094,0.0,0.0,21.898681443111094
2026-01-02 22:30:00+00:00,C011,25.29920956861622,0.0,3.7,25.29920956861622
2026-01-02 22:45:00+00:00,C011,21.287932973305256,0.0,0.0,21.287932973305256
2026-01-02 23:00:00+00:00,C011,24.942407913819086,0.0,3.7,24.942407913819086
2026-01-02 23:15:00+00:00,C011,25.416075048764615,0.0,3.7,25.416075048764615
2026-01-02 23:30:00+00:00,C011,21.380696629096498,0.0,0.0,21.380696629096498
2026-01-02 23:45:00+00:00,C011,24.403314992841246,0.0,3.7,24.403314992841246
2026-01-03 00:00:00+00:00,C011,14.608021296348971,0.0,0.0,14.608021296348971
2026-01-03 00:15:00+00:00,C011,17.518862600659688,0.0,3.7,17.518862600659688
2026-01-03 00:30:00+00:00,C011,15.116146311006364,0.0,0.0,15.116146311006364
2026-01-03 00:45:00+00:00,C011,17.33002603782539,0.0,3.7,17.33002603782539
2026-01-03 01:00:00+00:00,C011,17.841816649573584,0.0,3.7,17.841816649573584
2026-01-03 01:15:00+00:00,C011,14.008746598358984,0.0,0.0,14.008746598358984
2026-01-03 01:30:00+00:00,C011,13.871926421252628,0.0,0.0,13.871926421252628
2026-01-03 01:45:00+00:00,C011,14.167636538125576,0.0,0.0,14.167636538125576
2026-01-03 02:00:00+00:00,C011,15.29811817345471,0.0,0.0,15.29811817345471
2026-01-03 02:15:00+00:00,C011,14.418804623602394,0.0,0.0,14.418804623602394
2026-01-03 02:30:00+00:00,C011,14.099497698639846,0.0,0.0,14.099497698639846
2026-01-03 02:45:00+00:00,C011,13.561147021563938,0.0,0.0,13.561147021563938
2026-01-03 03:00:00+00:00,C011,13.875679089719226,0.0,0.0,13.875679089719226
2026-01-03 03:15:00+00:00,C011,14.347372287003529,0.0,0.0,14.347372287003529
2026-01-03 03:30:00+00:00,C011,14.40099863115523,0.0,0.0,14.40099863115523
2026-01-03 03:45:00+00:00,C011,14.679020221037241,0.0,0.0,14.679020221037241
2026-01-03 04:00:00+00:00,C011,13.620611092505605,0.0,0.0,13.620611092505605
2026-01-03 04:15:00+00:00,C011,14.73296971633304,0.0,0.0,14.73296971633304
2026-01-03 04:30:00+00:00,C011,15.227736521654224,0.0,0.0,15.227736521654224
2026-01-03 04:45:00+00:00,C011,15.776120862588142,0.0,0.0,15.776120862588142
2026-01-03 05:00:00+00:00,C011,13.850654837118963,0.0,0.0,13.850654837118963
2026-01-03 05:15:00+00:00,C011,14.487768751169769,0.0,0.0,14.487768751169769
2026-01-03 05:30:00+00:00,C011,14.469753052801746,0.0,0.0,14.469753052801746
2026-01-03 05:45:00+00:00,C011,14.894357151364916,0.0,0.0,14.894357151364916
2026-01-03 06:00:00+00:00,C011,71.2249726660413,0.0,0.0,71.2249726660413
2026-01-03 06:15:00+00:00,C011,78.4987416075035,0.0,0.0,78.4987416075035
2026-01-03 06:30:00+00:00,C011,74.99327109558301,0.0,0.0,74.99327109558301
2026-01-03 06:45:00+00:00,C011,74.86494318750033,0.0,0.0,74.86494318750033
2026-01-03 07:00:00+00:00,C011,79.21759391617039,0.0,0.0,79.21759391617039
2026-01-03 07:15:00+00:00,C011,74.82956787179167,0.0,0.0,74.82956787179167
2026-01-03 07:30:00+00:00,C011,75.9844715683735,0.0,0.0,75.9844715683735
2026-01-03 07:45:00+00:00,C011,73.53515036017197,0.0,0.0,73.53515036017197
2026-01-03 08:00:00+00:00,C011,71.4068506046009,0.0,0.0,71.4068506046009
2026-01-03 08:15:00+00:00,C011,73.3401358388374,0.0,0.0,73.3401358388374
2026-01-03 08:30:00+00:00,C011,79.5614203752975,0.0,0.0,79.5614203752975
2026-01-03 08:45:00+00:00,C011,75.80815400770088,0.0,0.0,75.80815400770088
2026-01-03 09:00:00+00:00,C011,76.07126834077731,0.0,0.0,76.07126834077731
2026-01-03 09:15:00+00:00,C011,72.48110043339275,0.0,0.0,72.48110043339275
2026-01-03 09:30:00+00:00,C011,77.91926777497622,0.0,0.0,77.91926777497622
2026-01-03 09:45:00+00:00,C011,71.48364175126952,0.0,0.0,71.48364175126952
2026-01-03 10:00:00+00:00,C011,70.47374716235994,0.0,0.0,70.47374716235994
2026-01-03 10:15:00+00:00,C011,72.62460438933734,0.0,0.0,72.62460438933734
2026-01-03 10:30:00+00:00,C011,79.95538687096911,0.0,0.0,79.95538687096911
2026-01-03 10:45:00+00:00,C011,79.65269617982338,0.0,0.0,79.65269617982338
2026-01-03 11:00:00+00:00,C011,74.04975354220176,0.0,0.0,74.04975354220176
2026-01-03 11:15:00+00:00,C011,72.47127903977135,0.0,0.0,72.47127903977135
2026-01-03 11:30:00+00:00,C011,70.2116032450913,0.0,0.0,70.2116032450913
2026-01-03 11:45:00+00:00,C011,74.30873146406593,0.0,0.0,74.30873146406593
2026-01-03 12:00:00+00:00,C011,74.5314877450144,0.0,0.0,74.5314877450144
2026-01-03 12:15:00+00:00,C011,75.63943909052476,0.0,0.0,75.63943909052476
2026-01-03 12:30:00+00:00,C011,76.55177706382065,0.0,0.0,76.55177706382065
2026-01-03 12:45:00+00:00,C011,73.38067015217618,0.0,0.0,73.38067015217618
2026-01-03 13:00:00+00:00,C011,73.51827011981851,0.0,0.0,73.51827011981851
2026-01-03 13:15:00+00:00,C011,71.66680602302382,0.0,0.0,71.66680602302382
2026-01-03 13:30:00+00:00,C011,74.58423320480509,0.0,0.0,74.58423320480509
2026-01-03 13:45:00+00:00,C011,70.44769740334505,0.0,0.0,70.44769740334505
2026-01-03 14:00:00+00:00,C011,72.20928169076788,0.0,0.0,72.20928169076788
2026-01-03 14:15:00+00:00,C011,73.67365241650994,0.0,0.0,73.67365241650994
2026-01-03 14:30:00+00:00,C011,72.34891801966619,0.0,0.0,72.34891801966619
2026-01-03 14:45:00+00:00,C011,73.67662473442877,0.0,0.0,73.67662473442877
2026-01-03 15:00:00+00:00,C011,66.99461061552081,0.0,0.0,66.99461061552081
2026-01-03 15:15:00+00:00,C011,69.25378235774986,0.0,0.0,69.25378235774986
2026-01-03 15:30:00+00:00,C011,70.763019776127,0.0,0.0,70.763019776127
2026-01-03 15:45:00+00:00,C011,67.24319922134399,0.0,0.0,67.24319922134399
2026-01-03 16:00:00+00:00,C011,69.80979791284685,0.0,0.0,69.80979791284685
2026-01-03 16:15:00+00:00,C011,70.09978500732544,0.0,0.0,70.09978500732544
2026-01-03 16:30:00+00:00,C011,74.02467317459256,0.0,0.0,74.02467317459256
2026-01-03 16:45:00+00:00,C011,71.55444442342392,0.0,0.0,71.55444442342392
2026-01-03 17:00:00+00:00,C011,73.10640636806096,0.0,0.0,73.10640636806096
2026-01-03 17:15:00+00:00,C011,71.20158135052564,0.0,0.0,71.20158135052564
2026-01-03 17:30:00+00:00,C011,68.810283680743,0.0,0.0,68.810283680743
2026-01-03 17:45:00+00:00,C011,70.70581908113449,0.0,0.0,70.70581908113449
2026-01-03 18:00:00+00:00,C011,71.61000329811218,0.0,0.0,71.61000329811218
2026-01-03 18:15:00+00:00,C011,72.40874460458537,0.0,0.0,72.40874460458537
2026-01-03 18:30:00+00:00,C011,69.49601390878027,0.0,0.0,69.49601390878027
2026-01-03 18:45:00+00:00,C011,65.65592884699765,0.0,0.0,65.65592884699765
2026-01-03 19:00:00+00:00,C011,65.56594822203508,0.0,0.0,65.56594822203508
2026-01-03 19:15:00+00:00,C011,68.95184550752468,0.0,0.0,68.95184550752468
2026-01-03 19:30:00+00:00,C011,64.31591923743818,0.0,0.0,64.31591923743818
2026-01-03 19:45:00+00:00,C011,73.94357507596555,0.0,0.0,73.94357507596555
2026-01-03 20:00:00+00:00,C011,71.21518527418252,0.0,0.0,71.21518527418252
2026-01-03 20:15:00+00:00,C011,67.26115138443635,0.0,0.0,67.26115138443635
2026-01-03 20:30:00+00:00,C011,66.36664254986849,0.0,0.0,66.36664254986849
2026-01-03 20:45:00+00:00,C011,72.12021290244304,0.0,0.0,72.12021290244304
2026-01-03 21:00:00+00:00,C011,67.44124758116179,0.0,0.0,67.44124758116179
2026-01-03 21:15:00+00:00,C011,67.88366606624282,0.0,0.0,67.88366606624282
2026-01-03 21:30:00+00:00,C011,67.57284728665032,0.0,0.0,67.57284728665032
2026-01-03 21:45:00+00:00,C011,70.21037843999656,0.0,0.0,70.21037843999656
2026-01-03 22:00:00+00:00,C011,14.289256013055315,0.0,0.0,14.289256013055315
2026-01-03 22:15:00+00:00,C011,14.797777369486907,0.0,0.0,14.797777369486907
2026-01-03 22:30:00+00:00,C011,14.500351079931027,0.0,0.0,14.500351079931027
2026-01-03 22:45:00+00:00,C011,14.055928886795138,0.0,0.0,14.055928886795138
2026-01-03 23:00:00+00:00,C011,18.429703956252204,0.0,3.7,18.429703956252204
2026-01-03 23:15:00+00:00,C011,17.55938680972328,0.0,3.7,17.55938680972328
2026-01-03 23:30:00+00:00,C011,13.25444405458282,0.0,0.0,13.25444405458282
2026-01-03 23:45:00+00:00,C011,13.872924342283188,0.0,0.0,13.872924342283188
2026-01-04 00:00:00+00:00,C011,13.86718274448937,0.0,0.0,13.86718274448937
2026-01-04 00:15:00+00:00,C011,13.970635204009241,0.0,0.0,13.970635204009241
2026-01-04 00:30:00+00:00,C011,13.853293406576192,0.0,0.0,13.853293406576192
2026-01-04 00:45:00+00:00,C011,17.802769351449825,0.0,3.7,17.802769351449825
2026-01-04 01:00:00+00:00,C011,14.561953115216872,0.0,0.0,14.561953115216872
2026-01-04 01:15:00+00:00,C011,15.53002224799066,0.0,0.0,15.53002224799066
2026-01-04 01:30:00+00:00,C011,13.605431723598816,0.0,0.0,13.605431723598816
2026-01-04 01:45:00+00:00,C011,13.828054107665295,0.0,0.0,13.828054107665295
2026-01-04 02:00:00+00:00,C011,14.106132174770918,0.0,0.0,14.106132174770918
2026-01-04 02:15:00+00:00,C011,14.99712049950615,0.0,0.0,14.99712049950615
2026-01-04 02:30:00+00:00,C011,14.661310961676644,0.0,0.0,14.661310961676644
2026-01-04 02:45:00+00:00,C011,14.2480079774222,0.0,0.0,14.2480079774222
2026-01-04 03:00:00+00:00,C011,14.895037350895318,0.0,0.0,14.895037350895318
2026-01-04 03:15:00+00:00,C011,15.355730557392684,0.0,0.0,15.355730557392684
2026-01-04 03:30:00+00:00,C011,14.670182315469711,0.0,0.0,14.670182315469711
2026-01-04 03:45:00+00:00,C011,14.397727439469543,0.0,0.0,14.397727439469543
2026-01-04 04:00:00+00:00,C011,14.971278925936803,0.0,0.0,14.971278925936803
2026-01-04 04:15:00+00:00,C011,14.83003388146259,0.0,0.0,14.83003388146259
2026-01-04 04:30:00+00:00,C011,14.793273509718263,0.0,0.0,14.793273509718263
2026-01-04 04:45:00+00:00,C011,14.537362735285791,0.0,0.0,14.537362735285791
2026-01-04 05:00:00+00:00,C011,15.377338266599962,0.0,0.0,15.377338266599962
2026-01-04 05:15:00+00:00,C011,14.948495071605224,0.0,0.0,14.948495071605224
2026-01-04 05:30:00+00:00,C011,15.433043403893835,0.0,0.0,15.433043403893835
2026-01-04 05:45:00+00:00,C011,15.682676143064423,0.0,0.0,15.682676143064423
2026-01-04 06:00:00+00:00,C011,75.6266052832033,0.0,0.0,75.6266052832033
2026-01-04 06:15:00+00:00,C011,73.77626393517214,0.0,0.0,73.77626393517214
2026-01-04 06:30:00+00:00,C011,77.74843355469696,0.0,0.0,77.74843355469696
2026-01-04 06:45:00+00:00,C011,76.82339625270374,0.0,0.0,76.82339625270374
2026-01-04 07:00:00+00:00,C011,82.36837290320716,0.0,0.0,82.36837290320716
2026-01-04 07:15:00+00:00,C011,76.70396275489745,0.0,0.0,76.70396275489745
2026-01-04 07:30:00+00:00,C011,76.99964171696719,0.0,0.0,76.99964171696719
2026-01-04 07:45:00+00:00,C011,76.93247053505829,0.0,0.0,76.93247053505829
2026-01-04 08:00:00+00:00,C011,75.03497460319089,0.0,0.0,75.03497460319089
2026-01-04 08:15:00+00:00,C011,75.0466286773983,0.0,0.0,75.0466286773983
2026-01-04 08:30:00+00:00,C011,75.88758424381652,0.0,0.0,75.88758424381652
2026-01-04 08:45:00+00:00,C011,76.65301944302549,0.0,0.0,76.65301944302549
2026-01-04 09:00:00+00:00,C011,77.78910063993975,0.0,0.0,77.78910063993975
2026-01-04 09:15:00+00:00,C011,76.02284292383159,0.0,0.0,76.02284292383159
2026-01-04 09:30:00+00:00,C011,74.94781485547219,0.0,0.0,74.94781485547219
2026-01-04 09:45:00+00:00,C011,74.57900206867987,0.0,0.0,74.57900206867987
2026-01-04 10:00:00+00:00,C011,72.34499640144301,0.0,0.0,72.34499640144301
2026-01-04 10:15:00+00:00,C011,79.86508492091691,0.0,0.0,79.86508492091691
2026-01-04 10:30:00+00:00,C011,73.0608295547069,0.0,0.0,73.0608295547069
2026-01-04 10:45:00+00:00,C011,77.28481586468888,0.0,0.0,77.28481586468888
2026-01-04 11:00:00+00:00,C011,75.96181783633804,0.0,0.0,75.96181783633804
2026-01-04 11:15:00+00:00,C011,76.0486518864107,0.0,0.0,76.0486518864107
2026-01-04 11:30:00+00:00,C011,74.34092899561227,0.0,0.0,74.34092899561227
2026-01-04 11:45:00+00:00,C011,72.99546285784537,0.0,0.0,72.99546285784537
2026-01-04 12:00:00+00:00,C011,72.14287727455363,0.0,0.0,72.14287727455363
2026-01-04 12:15:00+00:00,C011,78.56338227180801,0.0,0.0,78.56338227180801
2026-01-04 12:30:00+00:00,C011,73.8397244343795,0.0,0.0,73.8397244343795
2026-01-04 12:45:00+00:00,C011,76.52713836051899,0.0,0.0,76.52713836051899
2026-01-04 13:00:00+00:00,C011,78.37949005111122,0.0,0.0,78.37949005111122
2026-01-04 13:15:00+00:00,C011,72.37038023000035,0.0,0.0,72.37038023000035
2026-01-04 13:30:00+00:00,C011,74.44492229416025,0.0,0.0,74.44492229416025
2026-01-04 13:45:00+00:00,C011,73.14587595822563,0.0,0.0,73.14587595822563
2026-01-04 14:00:00+00:00,C011,69.38979472125895,0.0,0.0,69.38979472125895
2026-01-04 14:15:00+00:00,C011,73.30884458220855,0.0,0.0,73.30884458220855
2026-01-04 14:30:00+00:00,C011,74.4563340577411,0.0,0.0,74.4563340577411
2026-01-04 14:45:00+00:00,C011,70.99359978364693,0.0,0.0,70.99359978364693
2026-01-04 15:00:00+00:00,C011,72.22540945718126,0.0,0.0,72.22540945718126
2026-01-04 15:15:00+00:00,C011,71.08901587800021,0.0,0.0,71.08901587800021
2026-01-04 15:30:00+00:00,C011,77.16489267431305,0.0,0.0,77.16489267431305
2026-01-04 15:45:00+00:00,C011,66.89370196422948,0.0,0.0,66.89370196422948
2026-01-04 16:00:00+00:00,C011,73.22563389399015,0.0,0.0,73.22563389399015
2026-01-04 16:15:00+00:00,C011,70.56483519090312,0.0,0.0,70.56483519090312
2026-01-04 16:30:00+00:00,C011,69.35082408158796,0.0,0.0,69.35082408158796
2026-01-04 16:45:00+00:00,C011,70.48902975163132,0.0,0.0,70.48902975163132
2026-01-04 17:00:00+00:00,C011,72.71469378007716,0.0,0.0,72.71469378007716
2026-01-04 17:15:00+00:00,C011,72.72016481942374,0.0,0.0,72.72016481942374
2026-01-04 17:30:00+00:00,C011,71.78427751364244,0.0,0.0,71.78427751364244
2026-01-04 17:45:00+00:00,C011,73.613076376062,0.0,0.0,73.613076376062
2026-01-04 18:00:00+00:00,C011,73.95959928337888,0.0,0.0,73.95959928337888
2026-01-04 18:15:00+00:00,C011,72.51117045052737,0.0,0.0,72.51117045052737
2026-01-04 18:30:00+00:00,C011,68.81255851756619,0.0,0.0,68.81255851756619
2026-01-04 18:45:00+00:00,C011,72.2454367197723,0.0,0.0,72.2454367197723
2026-01-04 19:00:00+00:00,C011,71.7866702604997,0.0,0.0,71.7866702604997
2026-01-04 19:15:00+00:00,C011,67.80967896104069,0.0,0.0,67.80967896104069
2026-01-04 19:30:00+00:00,C011,66.88648733130672,0.0,0.0,66.88648733130672
2026-01-04 19:45:00+00:00,C011,65.78652559683087,0.0,0.0,65.78652559683087
2026-01-04 20:00:00+00:00,C011,70.5146680540444,0.0,0.0,70.5146680540444
2026-01-04 20:15:00+00:00,C011,70.80020921700053,0.0,0.0,70.80020921700053
2026-01-04 20:30:00+00:00,C011,67.55209910748941,0.0,0.0,67.55209910748941
2026-01-04 20:45:00+00:00,C011,72.4750385417801,0.0,0.0,72.4750385417801
2026-01-04 21:00:00+00:00,C011,70.54905927863545,0.0,0.0,70.54905927863545
2026-01-04 21:15:00+00:00,C011,73.55990338513283,0.0,0.0,73.55990338513283
2026-01-04 21:30:00+00:00,C011,71.35609969173939,0.0,0.0,71.35609969173939
2026-01-04 21:45:00+00:00,C011,67.1304127385508,0.0,0.0,67.1304127385508
2026-01-04 22:00:00+00:00,C011,14.419215691429121,0.0,0.0,14.419215691429121
2026-01-04 22:15:00+00:00,C011,18.410122669150542,0.0,3.7,18.410122669150542
2026-01-04 22:30:00+00:00,C011,17.50366026524768,0.0,3.7,17.50366026524768
2026-01-04 22:45:00+00:00,C011,17.261391364837355,0.0,3.7,17.261391364837355
2026-01-04 23:00:00+00:00,C011,14.308199819505726,0.0,0.0,14.308199819505726
2026-01-04 23:15:00+00:00,C011,17.382204119168236,0.0,3.7,17.382204119168236
2026-01-04 23:30:00+00:00,C011,15.036350795802647,0.0,0.0,15.036350795802647
2026-01-04 23:45:00+00:00,C011,14.262330995789968,0.0,0.0,14.262330995789968
2026-01-05 00:00:00+00:00,C011,27.40675364840474,0.0,3.7,27.40675364840474
2026-01-05 00:15:00+00:00,C011,24.340284147309788,0.0,3.7,24.340284147309788
2026-01-05 00:30:00+00:00,C011,25.986464872575123,0.0,3.7,25.986464872575123
2026-01-05 00:45:00+00:00,C011,27.0368411148131,0.0,3.7,27.0368411148131
2026-01-05 01:00:00+00:00,C011,25.319618749739604,0.0,3.7,25.319618749739604
2026-01-05 01:15:00+00:00,C011,22.47806993906101,0.0,0.0,22.47806993906101
2026-01-05 01:30:00+00:00,C011,22.46354188424117,0.0,0.0,22.46354188424117
2026-01-05 01:45:00+00:00,C011,21.979088057657233,0.0,0.0,21.979088057657233
2026-01-05 02:00:00+00:00,C011,22.842502278640307,0.0,0.0,22.842502278640307
2026-01-05 02:15:00+00:00,C011,21.555142676589952,0.0,0.0,21.555142676589952
2026-01-05 02:30:00+00:00,C011,22.515748185709402,0.0,0.0,22.515748185709402
2026-01-05 02:45:00+00:00,C011,23.149207142177776,0.0,0.0,23.149207142177776
2026-01-05 03:00:00+00:00,C011,22.538899281765413,0.0,0.0,22.538899281765413
2026-01-05 03:15:00+00:00,C011,22.039162623347078,0.0,0.0,22.039162623347078
2026-01-05 03:30:00+00:00,C011,23.675924434424942,0.0,0.0,23.675924434424942
2026-01-05 03:45:00+00:00,C011,23.66468045317135,0.0,0.0,23.66468045317135
2026-01-05 04:00:00+00:00,C011,22.214177673473976,0.0,0.0,22.214177673473976
2026-01-05 04:15:00+00:00,C011,22.00817535936949,0.0,0.0,22.00817535936949
2026-01-05 04:30:00+00:00,C011,22.247456230408453,0.0,0.0,22.247456230408453
2026-01-05 04:45:00+00:00,C011,23.669829517075684,0.0,0.0,23.669829517075684
2026-01-05 05:00:00+00:00,C011,23.366998382214092,0.0,0.0,23.366998382214092
2026-01-05 05:15:00+00:00,C011,23.936421420907962,0.0,0.0,23.936421420907962
2026-01-05 05:30:00+00:00,C011,23.04343632602698,0.0,0.0,23.04343632602698
2026-01-05 05:45:00+00:00,C011,22.462651816183254,0.0,0.0,22.462651816183254
2026-01-05 06:00:00+00:00,C011,121.96803618434635,0.0,0.0,121.96803618434635
2026-01-05 06:15:00+00:00,C011,115.54846402073498,0.0,0.0,115.54846402073498
2026-01-05 06:30:00+00:00,C011,118.85488924751193,0.0,0.0,118.85488924751193
2026-01-05 06:45:00+00:00,C011,112.33398890917032,0.0,0.0,112.33398890917032
2026-01-05 07:00:00+00:00,C011,115.38244878668851,0.0,0.0,115.38244878668851
2026-01-05 07:15:00+00:00,C011,120.9492469353827,0.0,0.0,120.9492469353827
2026-01-05 07:30:00+00:00,C011,114.63987699976404,0.0,0.0,114.63987699976404
2026-01-05 07:45:00+00:00,C011,120.63624437906773,0.0,0.0,120.63624437906773
2026-01-05 08:00:00+00:00,C011,107.17702186830213,0.0,0.0,107.17702186830213
2026-01-05 08:15:00+00:00,C011,114.25202019780741,0.0,0.0,114.25202019780741
2026-01-05 08:30:00+00:00,C011,116.77025731949496,0.0,0.0,116.77025731949496
2026-01-05 08:45:00+00:00,C011,123.56256685330524,0.0,0.0,123.56256685330524
2026-01-05 09:00:00+00:00,C011,112.47311936800585,0.0,0.0,112.47311936800585
2026-01-05 09:15:00+00:00,C011,120.60466971907148,0.0,0.0,120.60466971907148
2026-01-05 09:30:00+00:00,C011,121.9292370834131,0.0,0.0,121.9292370834131
2026-01-05 09:45:00+00:00,C011,115.09921101627198,0.0,0.0,115.09921101627198
2026-01-05 10:00:00+00:00,C011,116.01281156794235,0.0,0.0,116.01281156794235
2026-01-05 10:15:00+00:00,C011,117.62513377720867,0.0,0.0,117.62513377720867
2026-01-05 10:30:00+00:00,C011,110.07136416383354,0.0,0.0,110.07136416383354
2026-01-05 10:45:00+00:00,C011,113.45377070798247,0.0,0.0,113.45377070798247
2026-01-05 11:00:00+00:00,C011,122.474929331054,0.0,0.0,122.474929331054
2026-01-05 11:15:00+00:00,C011,117.93998842586102,0.0,0.0,117.93998842586102
2026-01-05 11:30:00+00:00,C011,115.95719213701854,0.0,0.0,115.95719213701854
2026-01-05 11:45:00+00:00,C011,115.79104267219253,0.0,0.0,115.79104267219253
2026-01-05 12:00:00+00:00,C011,117.86851820693705,0.0,0.0,117.86851820693705
2026-01-05 12:15:00+00:00,C011,119.59574389471376,0.0,0.0,119.59574389471376
2026-01-05 12:30:00+00:00,C011,112.0766021516487,0.0,0.0,112.0766021516487
2026-01-05 12:45:00+00:00,C011,121.28329203317703,0.0,0.0,121.28329203317703
2026-01-05 13:00:00+00:00,C011,120.07859778203334,0.0,0.0,120.07859778203334
2026-01-05 13:15:00+00:00,C011,117.61501205537327,0.0,0.0,117.61501205537327
2026-01-05 13:30:00+00:00,C011,110.96242506557516,0.0,0.0,110.96242506557516
2026-01-05 13:45:00+00:00,C011,109.27275999960928,0.0,0.0,109.27275999960928
2026-01-05 14:00:00+00:00,C011,112.17210397083812,0.0,0.0,112.17210397083812
2026-01-05 14:15:00+00:00,C011,113.07900341331285,0.0,0.0,113.07900341331285
2026-01-05 14:30:00+00:00,C011,105.5769601864631,0.0,0.0,105.5769601864631
2026-01-05 14:45:00+00:00,C011,113.54582927987627,0.0,0.0,113.54582927987627
2026-01-05 15:00:00+00:00,C011,117.5582226115765,0.0,0.0,117.5582226115765
2026-01-05 15:15:00+00:00,C011,115.28621831042014,0.0,0.0,115.28621831042014
2026-01-05 15:30:00+00:00,C011,108.37428864129053,0.0,0.0,108.37428864129053
2026-01-05 15:45:00+00:00,C011,108.60617633666843,0.0,0.0,108.60617633666843
2026-01-05 16:00:00+00:00,C011,111.635940965648,0.0,0.0,111.635940965648
2026-01-05 16:15:00+00:00,C011,110.15211669550091,0.0,0.0,110.15211669550091
2026-01-05 16:30:00+00:00,C011,112.5966683152862,0.0,0.0,112.5966683152862
2026-01-05 16:45:00+00:00,C011,112.65969981563367,0.0,0.0,112.65969981563367
2026-01-05 17:00:00+00:00,C011,113.20220267548001,0.0,0.0,113.20220267548001
2026-01-05 17:15:00+00:00,C011,104.45251122660468,0.0,0.0,104.45251122660468
2026-01-05 17:30:00+00:00,C011,110.82211101633808,0.0,0.0,110.82211101633808
2026-01-05 17:45:00+00:00,C011,108.35217263962319,0.0,0.0,108.35217263962319
2026-01-05 18:00:00+00:00,C011,108.59937811768576,0.0,0.0,108.59937811768576
2026-01-05 18:15:00+00:00,C011,113.50227419289624,0.0,0.0,113.50227419289624
2026-01-05 18:30:00+00:00,C011,112.96902603024708,0.0,0.0,112.96902603024708
2026-01-05 18:45:00+00:00,C011,114.75542955916549,0.0,0.0,114.75542955916549
2026-01-05 19:00:00+00:00,C011,110.71547273317572,0.0,0.0,110.71547273317572
2026-01-05 19:15:00+00:00,C011,109.3970884261169,0.0,0.0,109.3970884261169
2026-01-05 19:30:00+00:00,C011,109.32234549234468,0.0,0.0,109.32234549234468
2026-01-05 19:45:00+00:00,C011,103.89211747795075,0.0,0.0,103.89211747795075
2026-01-05 20:00:00+00:00,C011,115.1017630161537,0.0,0.0,115.1017630161537
2026-01-05 20:15:00+00:00,C011,108.27336005470433,0.0,0.0,108.27336005470433
2026-01-05 20:30:00+00:00,C011,111.36270101228432,0.0,0.0,111.36270101228432
2026-01-05 20:45:00+00:00,C011,110.50736084790995,0.0,0.0,110.50736084790995
2026-01-05 21:00:00+00:00,C011,103.848675056133,0.0,0.0,103.848675056133
2026-01-05 21:15:00+00:00,C011,106.530493675664,0.0,0.0,106.530493675664
2026-01-05 21:30:00+00:00,C011,115.20846567669368,0.0,0.0,115.20846567669368
2026-01-05 21:45:00+00:00,C011,111.04678618301749,0.0,0.0,111.04678618301749
2026-01-05 22:00:00+00:00,C011,21.549245917454403,0.0,0.0,21.549245917454403
2026-01-05 22:15:00+00:00,C011,21.864924371610012,0.0,0.0,21.864924371610012
2026-01-05 22:30:00+00:00,C011,26.4697946783267,0.0,3.7,26.4697946783267
2026-01-05 22:45:00+00:00,C011,22.826719489084173,0.0,0.0,22.826719489084173
2026-01-05 23:00:00+00:00,C011,20.823771442448656,0.0,0.0,20.823771442448656
2026-01-05 23:15:00+00:00,C011,23.570217568401237,0.0,0.0,23.570217568401237
2026-01-05 23:30:00+00:00,C011,22.931214514473545,0.0,0.0,22.931214514473545
2026-01-05 23:45:00+00:00,C011,25.454497229342824,0.0,3.7,25.454497229342824
2026-01-06 00:00:00+00:00,C011,21.318034216907023,0.0,0.0,21.318034216907023
2026-01-06 00:15:00+00:00,C011,26.646049315926785,0.0,3.7,26.646049315926785
2026-01-06 00:30:00+00:00,C011,26.438769666246966,0.0,3.7,26.438769666246966
2026-01-06 00:45:00+00:00,C011,24.91121683758265,0.0,3.7,24.91121683758265
2026-01-06 01:00:00+00:00,C011,26.010852708176134,0.0,3.7,26.010852708176134
2026-01-06 01:15:00+00:00,C011,28.73327299123793,0.0,3.7,28.73327299123793
2026-01-06 01:30:00+00:00,C011,22.717089060747107,0.0,0.0,22.717089060747107
2026-01-06 01:45:00+00:00,C011,22.007276833630936,0.0,0.0,22.007276833630936
2026-01-06 02:00:00+00:00,C011,22.02105668489514,0.0,0.0,22.02105668489514
2026-01-06 02:15:00+00:00,C011,24.08114382313459,0.0,0.0,24.08114382313459
2026-01-06 02:30:00+00:00,C011,23.346112439676123,0.0,0.0,23.346112439676123
2026-01-06 02:45:00+00:00,C011,23.952443003889435,0.0,0.0,23.952443003889435
2026-01-06 03:00:00+00:00,C011,23.17224625348465,0.0,0.0,23.17224625348465
2026-01-06 03:15:00+00:00,C011,23.93119541843192,0.0,0.0,23.93119541843192
2026-01-06 03:30:00+00:00,C011,22.397333921811047,0.0,0.0,22.397333921811047
2026-01-06 03:45:00+00:00,C011,23.09375378187168,0.0,0.0,23.09375378187168
2026-01-06 04:00:00+00:00,C011,23.628225975794702,0.0,0.0,23.628225975794702
2026-01-06 04:15:00+00:00,C011,24.359759475073155,0.0,0.0,24.359759475073155
2026-01-06 04:30:00+00:00,C011,23.771212010686924,0.0,0.0,23.771212010686924
2026-01-06 04:45:00+00:00,C011,22.970161123796117,0.0,0.0,22.970161123796117
2026-01-06 05:00:00+00:00,C011,23.184322585880192,0.0,0.0,23.184322585880192
2026-01-06 05:15:00+00:00,C011,21.872057464371316,0.0,0.0,21.872057464371316
2026-01-06 05:30:00+00:00,C011,21.584622663020774,0.0,0.0,21.584622663020774
2026-01-06 05:45:00+00:00,C011,24.321132432910424,0.0,0.0,24.321132432910424
2026-01-06 06:00:00+00:00,C011,117.75568708184002,0.0,0.0,117.75568708184002
2026-01-06 06:15:00+00:00,C011,116.71144831195788,0.0,0.0,116.71144831195788
2026-01-06 06:30:00+00:00,C011,119.23771488318695,0.0,0.0,119.23771488318695
2026-01-06 06:45:00+00:00,C011,123.06826497003536,0.0,0.0,123.06826497003536
2026-01-06 07:00:00+00:00,C011,120.30523587393998,0.0,0.0,120.30523587393998
2026-01-06 07:15:00+00:00,C011,125.38125111268204,0.0,0.0,125.38125111268204
2026-01-06 07:30:00+00:00,C011,120.98456727144304,0.0,0.0,120.98456727144304
2026-01-06 07:45:00+00:00,C011,119.29975727964352,0.0,0.0,119.29975727964352
2026-01-06 08:00:00+00:00,C011,118.77771762813992,0.0,0.0,118.77771762813992
2026-01-06 08:15:00+00:00,C011,112.59931879010081,0.0,0.0,112.59931879010081
2026-01-06 08:30:00+00:00,C011,121.1967208594703,0.0,0.0,121.1967208594703
2026-01-06 08:45:00+00:00,C011,107.47269906652431,0.0,0.0,107.47269906652431
2026-01-06 09:00:00+00:00,C011,114.83913574229756,0.0,0.0,114.83913574229756
2026-01-06 09:15:00+00:00,C011,118.18910168270575,0.0,0.0,118.18910168270575
2026-01-06 09:30:00+00:00,C011,113.67218732912717,0.0,0.0,113.67218732912717
2026-01-06 09:45:00+00:00,C011,114.44484697564195,0.0,0.0,114.44484697564195
2026-01-06 10:00:00+00:00,C011,125.5280397025278,0.0,0.0,125.5280397025278
2026-01-06 10:15:00+00:00,C011,122.27773698718934,0.0,0.0,122.27773698718934
2026-01-06 10:30:00+00:00,C011,113.24941251106084,0.0,0.0,113.24941251106084
2026-01-06 10:45:00+00:00,C011,114.98260817904918,0.0,0.0,114.98260817904918
2026-01-06 11:00:00+00:00,C011,110.44585332147133,0.0,0.0,110.44585332147133
2026-01-06 11:15:00+00:00,C011,119.5536714458177,0.0,0.0,119.5536714458177
2026-01-06 11:30:00+00:00,C011,114.1443055642477,0.0,0.0,114.1443055642477
2026-01-06 11:45:00+00:00,C011,107.8573964916364,0.0,0.0,107.8573964916364
2026-01-06 12:00:00+00:00,C011,115.90849139880041,0.0,0.0,115.90849139880041
2026-01-06 12:15:00+00:00,C011,116.10941521092815,0.0,0.0,116.10941521092815
2026-01-06 12:30:00+00:00,C011,119.30838736423686,0.0,0.0,119.30838736423686
2026-01-06 12:45:00+00:00,C011,115.25315347380952,0.0,0.0,115.25315347380952
2026-01-06 13:00:00+00:00,C011,113.4400144713008,0.0,0.0,113.4400144713008
2026-01-06 13:15:00+00:00,C011,121.97129803626684,0.0,0.0,121.97129803626684
2026-01-06 13:30:00+00:00,C011,115.17606323652576,0.0,0.0,115.17606323652576
2026-01-06 13:45:00+00:00,C011,116.20683424593673,0.0,0.0,116.20683424593673
2026-01-06 14:00:00+00:00,C011,111.72566444204327,0.0,0.0,111.72566444204327
2026-01-06 14:15:00+00:00,C011,115.14722664936183,0.0,0.0,115.14722664936183
2026-01-06 14:30:00+00:00,C011,108.74567794027277,0.0,0.0,108.74567794027277
2026-01-06 14:45:00+00:00,C011,111.3665553280961,0.0,0.0,111.3665553280961
2026-01-06 15:00:00+00:00,C011,108.73656664095697,0.0,0.0,108.73656664095697
2026-01-06 15:15:00+00:00,C011,110.28801159991174,0.0,0.0,110.28801159991174
2026-01-06 15:30:00+00:00,C011,116.55579449972548,0.0,0.0,116.55579449972548
2026-01-06 15:45:00+00:00,C011,109.30765745366817,0.0,0.0,109.30765745366817
2026-01-06 16:00:00+00:00,C011,114.30328868415424,0.0,0.0,114.30328868415424
2026-01-06 16:15:00+00:00,C011,117.09717562103395,0.0,0.0,117.09717562103395
2026-01-06 16:30:00+00:00,C011,110.60327946657937,0.0,0.0,110.60327946657937
2026-01-06 16:45:00+00:00,C011,115.19309561128703,0.0,0.0,115.19309561128703
2026-01-06 17:00:00+00:00,C011,111.9756426338359,0.0,0.0,111.9756426338359
2026-01-06 17:15:00+00:00,C011,110.2128889907397,0.0,0.0,110.2128889907397
2026-01-06 17:30:00+00:00,C011,112.65583241535128,0.0,0.0,112.65583241535128
2026-01-06 17:45:00+00:00,C011,116.53708528603735,0.0,0.0,116.53708528603735
2026-01-06 18:00:00+00:00,C011,107.06896909711234,0.0,0.0,107.06896909711234
2026-01-06 18:15:00+00:00,C011,104.54700892083095,0.0,0.0,104.54700892083095
2026-01-06 18:30:00+00:00,C011,105.6142435773177,0.0,0.0,105.6142435773177
2026-01-06 18:45:00+00:00,C011,113.37599818529452,0.0,0.0,113.37599818529452
2026-01-06 19:00:00+00:00,C011,114.12179642275127,0.0,0.0,114.12179642275127
2026-01-06 19:15:00+00:00,C011,107.83860410449505,0.0,0.0,107.83860410449505
2026-01-06 19:30:00+00:00,C011,101.77512873099776,0.0,0.0,101.77512873099776
2026-01-06 19:45:00+00:00,C011,107.12957673328707,0.0,0.0,107.12957673328707
2026-01-06 20:00:00+00:00,C011,111.2361417534144,0.0,0.0,111.2361417534144
2026-01-06 20:15:00+00:00,C011,108.6138723567715,0.0,0.0,108.6138723567715
2026-01-06 20:30:00+00:00,C011,109.77266457087788,0.0,0.0,109.77266457087788
2026-01-06 20:45:00+00:00,C011,107.67582911776893,0.0,0.0,107.67582911776893
2026-01-06 21:00:00+00:00,C011,112.45201490199938,0.0,0.0,112.45201490199938
2026-01-06 21:15:00+00:00,C011,110.08986092717433,0.0,0.0,110.08986092717433
2026-01-06 21:30:00+00:00,C011,111.74106860054142,0.0,0.0,111.74106860054142
2026-01-06 21:45:00+00:00,C011,110.55404718261255,0.0,0.0,110.55404718261255
2026-01-06 22:00:00+00:00,C011,22.249391170508982,0.0,0.0,22.249391170508982
2026-01-06 22:15:00+00:00,C011,22.278196031165614,0.0,0.0,22.278196031165614
2026-01-06 22:30:00+00:00,C011,25.161992827435004,0.0,3.7,25.161992827435004
2026-01-06 22:45:00+00:00,C011,26.014698031348875,0.0,3.7,26.014698031348875
2026-01-06 23:00:00+00:00,C011,22.628711277763095,0.0,0.0,22.628711277763095
2026-01-06 23:15:00+00:00,C011,23.11628910170413,0.0,0.0,23.11628910170413
2026-01-06 23:30:00+00:00,C011,22.432255912754478,0.0,0.0,22.432255912754478
2026-01-06 23:45:00+00:00,C011,25.324447201413463,0.0,3.7,25.324447201413463
2026-01-07 00:00:00+00:00,C011,25.117201957917732,0.0,3.7,25.117201957917732
2026-01-07 00:15:00+00:00,C011,21.76670249680652,0.0,0.0,21.76670249680652
2026-01-07 00:30:00+00:00,C011,22.507544718222785,0.0,0.0,22.507544718222785
2026-01-07 00:45:00+00:00,C011,25.930158472072247,0.0,3.7,25.930158472072247
2026-01-07 01:00:00+00:00,C011,25.56400763991548,0.0,3.7,25.56400763991548
2026-01-07 01:15:00+00:00,C011,21.744802671507344,0.0,0.0,21.744802671507344
2026-01-07 01:30:00+00:00,C011,20.917178736281116,0.0,0.0,20.917178736281116
2026-01-07 01:45:00+00:00,C011,20.254201330307637,0.0,0.0,20.254201330307637
2026-01-07 02:00:00+00:00,C011,22.441615821828975,0.0,0.0,22.441615821828975
2026-01-07 02:15:00+00:00,C011,24.24479189023309,0.0,0.0,24.24479189023309
2026-01-07 02:30:00+00:00,C011,24.355393765299027,0.0,0.0,24.355393765299027
2026-01-07 02:45:00+00:00,C011,22.136750236965668,0.0,0.0,22.136750236965668
2026-01-07 03:00:00+00:00,C011,22.946877445194193,0.0,0.0,22.946877445194193
2026-01-07 03:15:00+00:00,C011,21.526998523939074,0.0,0.0,21.526998523939074
2026-01-07 03:30:00+00:00,C011,22.06824059973709,0.0,0.0,22.06824059973709
2026-01-07 03:45:00+00:00,C011,22.014655177857588,0.0,0.0,22.014655177857588
2026-01-07 04:00:00+00:00,C011,22.629361962707588,0.0,0.0,22.629361962707588
2026-01-07 04:15:00+00:00,C011,23.183754815977007,0.0,0.0,23.183754815977007
2026-01-07 04:30:00+00:00,C011,23.532019194434593,0.0,0.0,23.532019194434593
2026-01-07 04:45:00+00:00,C011,23.789180943914825,0.0,0.0,23.789180943914825
2026-01-07 05:00:00+00:00,C011,23.027294418836433,0.0,0.0,23.027294418836433
2026-01-07 05:15:00+00:00,C011,23.18472100320718,0.0,0.0,23.18472100320718
2026-01-07 05:30:00+00:00,C011,22.376913602353905,0.0,0.0,22.376913602353905
2026-01-07 05:45:00+00:00,C011,22.46635570369118,0.0,0.0,22.46635570369118
2026-01-07 06:00:00+00:00,C011,110.33461871677201,0.0,0.0,110.33461871677201
2026-01-07 06:15:00+00:00,C011,119.98386127082219,0.0,0.0,119.98386127082219
2026-01-07 06:30:00+00:00,C011,114.77787997139353,0.0,0.0,114.77787997139353
2026-01-07 06:45:00+00:00,C011,109.85013128989993,0.0,0.0,109.85013128989993
2026-01-07 07:00:00+00:00,C011,117.36668463776365,0.0,0.0,117.36668463776365
2026-01-07 07:15:00+00:00,C011,111.76276458379313,0.0,0.0,111.76276458379313
2026-01-07 07:30:00+00:00,C011,123.53959791312008,0.0,0.0,123.53959791312008
2026-01-07 07:45:00+00:00,C011,114.61863610363892,0.0,0.0,114.61863610363892
2026-01-07 08:00:00+00:00,C011,121.27990947138305,0.0,0.0,121.27990947138305
2026-01-07 08:15:00+00:00,C011,121.36271580965943,0.0,0.0,121.36271580965943
2026-01-07 08:30:00+00:00,C011,114.00784626074469,0.0,0.0,114.00784626074469
2026-01-07 08:45:00+00:00,C011,117.333011764792,0.0,0.0,117.333011764792
2026-01-07 09:00:00+00:00,C011,120.37530288474748,0.0,0.0,120.37530288474748
2026-01-07 09:15:00+00:00,C011,117.18264652693217,0.0,0.0,117.18264652693217
2026-01-07 09:30:00+00:00,C011,118.94703495381142,0.0,0.0,118.94703495381142
2026-01-07 09:45:00+00:00,C011,112.1876014042831,0.0,0.0,112.1876014042831
2026-01-07 10:00:00+00:00,C011,118.4004795593616,0.0,0.0,118.4004795593616
2026-01-07 10:15:00+00:00,C011,114.33467664651684,0.0,0.0,114.33467664651684
2026-01-07 10:30:00+00:00,C011,118.15533373785661,0.0,0.0,118.15533373785661
2026-01-07 10:45:00+00:00,C011,118.82617472113108,0.0,0.0,118.82617472113108
2026-01-07 11:00:00+00:00,C011,118.93729094313052,0.0,0.0,118.93729094313052
2026-01-07 11:15:00+00:00,C011,117.0879288186862,0.0,0.0,117.0879288186862
2026-01-07 11:30:00+00:00,C011,117.87627840827729,0.0,0.0,117.87627840827729
2026-01-07 11:45:00+00:00,C011,118.44342940595435,0.0,0.0,118.44342940595435
2026-01-07 12:00:00+00:00,C011,120.65896384294668,0.0,0.0,120.65896384294668
2026-01-07 12:15:00+00:00,C011,114.9520075035056,0.0,0.0,114.9520075035056
2026-01-07 12:30:00+00:00,C011,115.39690004539543,0.0,0.0,115.39690004539543
2026-01-07 12:45:00+00:00,C011,116.93926453886417,0.0,0.0,116.93926453886417
2026-01-07 13:00:00+00:00,C011,112.64944707948305,0.0,0.0,112.64944707948305
2026-01-07 13:15:00+00:00,C011,109.88766635628241,0.0,0.0,109.88766635628241
2026-01-07 13:30:00+00:00,C011,114.15828144415174,0.0,0.0,114.15828144415174
2026-01-07 13:45:00+00:00,C011,110.48268897848315,0.0,0.0,110.48268897848315
2026-01-07 14:00:00+00:00,C011,108.24693186329228,0.0,0.0,108.24693186329228
2026-01-07 14:15:00+00:00,C011,115.77755148072345,0.0,0.0,115.77755148072345
2026-01-07 14:30:00+00:00,C011,118.00419406509717,0.0,0.0,118.00419406509717
2026-01-07 14:45:00+00:00,C011,105.67743187695635,0.0,0.0,105.67743187695635
2026-01-07 15:00:00+00:00,C011,115.71616937517454,0.0,0.0,115.71616937517454
2026-01-07 15:15:00+00:00,C011,102.12124298121587,0.0,0.0,102.12124298121587
2026-01-07 15:30:00+00:00,C011,109.08495602181257,0.0,0.0,109.08495602181257
2026-01-07 15:45:00+00:00,C011,117.51738240144562,0.0,0.0,117.51738240144562
2026-01-07 16:00:00+00:00,C011,110.25181815703941,0.0,0.0,110.25181815703941
2026-01-07 16:15:00+00:00,C011,110.12113612722828,0.0,0.0,110.12113612722828
2026-01-07 16:30:00+00:00,C011,111.50506668160214,0.0,0.0,111.50506668160214
2026-01-07 16:45:00+00:00,C011,103.08047336618762,0.0,0.0,103.08047336618762
2026-01-07 17:00:00+00:00,C011,110.07932304066635,0.0,0.0,110.07932304066635
2026-01-07 17:15:00+00:00,C011,109.71021794392726,0.0,0.0,109.71021794392726
2026-01-07 17:30:00+00:00,C011,115.84242907977547,0.0,0.0,115.84242907977547
2026-01-07 17:45:00+00:00,C011,105.42479884345485,0.0,0.0,105.42479884345485
2026-01-07 18:00:00+00:00,C011,107.27605234328357,0.0,0.0,107.27605234328357
2026-01-07 18:15:00+00:00,C011,105.42453419470114,0.0,0.0,105.42453419470114
2026-01-07 18:30:00+00:00,C011,103.41420707740919,0.0,0.0,103.41420707740919
2026-01-07 18:45:00+00:00,C011,112.86218259733177,0.0,0.0,112.86218259733177
2026-01-07 19:00:00+00:00,C011,107.31833492789134,0.0,0.0,107.31833492789134
2026-01-07 19:15:00+00:00,C011,106.92717323285387,0.0,0.0,106.92717323285387
2026-01-07 19:30:00+00:00,C011,105.8733656819776,0.0,0.0,105.8733656819776
2026-01-07 19:45:00+00:00,C011,105.84390611891058,0.0,0.0,105.84390611891058
2026-01-07 20:00:00+00:00,C011,106.96436570194592,0.0,0.0,106.96436570194592
2026-01-07 20:15:00+00:00,C011,103.26448546544414,0.0,0.0,103.26448546544414
2026-01-07 20:30:00+00:00,C011,106.37818778435212,0.0,0.0,106.37818778435212
2026-01-07 20:45:00+00:00,C011,107.07671446370676,0.0,0.0,107.07671446370676
2026-01-07 21:00:00+00:00,C011,106.5297997676116,0.0,0.0,106.5297997676116
2026-01-07 21:15:00+00:00,C011,108.93903916977777,0.0,0.0,108.93903916977777
2026-01-07 21:30:00+00:00,C011,109.96181826943592,0.0,0.0,109.96181826943592
2026-01-07 21:45:00+00:00,C011,106.64627873180596,0.0,0.0,106.64627873180596
2026-01-07 22:00:00+00:00,C011,25.331641109858413,0.0,3.7,25.331641109858413
2026-01-07 22:15:00+00:00,C011,27.353372363034385,0.0,3.7,27.353372363034385
2026-01-07 22:30:00+00:00,C011,23.643281062221995,0.0,0.0,23.643281062221995
2026-01-07 22:45:00+00:00,C011,24.652122873118902,0.0,3.7,24.652122873118902
2026-01-07 23:00:00+00:00,C011,24.927017325853523,0.0,3.7,24.927017325853523
2026-01-07 23:15:00+00:00,C011,21.42324413583949,0.0,0.0,21.42324413583949
2026-01-07 23:30:00+00:00,C011,26.336398262069785,0.0,3.7,26.336398262069785
2026-01-07 23:45:00+00:00,C011,25.33646795759578,0.0,3.7,25.33646795759578
2026-01-01 00:00:00+00:00,C012,0.5379446784030814,0.0,0.0,0.5379446784030814
2026-01-01 00:15:00+00:00,C012,0.6216191344435955,0.0,0.0,0.6216191344435955
2026-01-01 00:30:00+00:00,C012,11.562265272958303,0.0,11.0,11.562265272958303
2026-01-01 00:45:00+00:00,C012,11.502950708896018,0.0,11.0,11.502950708896018
2026-01-01 01:00:00+00:00,C012,11.554972353588585,0.0,11.0,11.554972353588585
2026-01-01 01:15:00+00:00,C012,0.5195000406454651,0.0,0.0,0.5195000406454651
2026-01-01 01:30:00+00:00,C012,0.5540950548604943,0.0,0.0,0.5540950548604943
2026-01-01 01:45:00+00:00,C012,0.5018827363664295,0.0,0.0,0.5018827363664295
2026-01-01 02:00:00+00:00,C012,0.5106482678395511,0.0,0.0,0.5106482678395511
2026-01-01 02:15:00+00:00,C012,0.5582667041977961,0.0,0.0,0.5582667041977961
2026-01-01 02:30:00+00:00,C012,0.5759205103461724,0.0,0.0,0.5759205103461724
2026-01-01 02:45:00+00:00,C012,0.5648544240370396,0.0,0.0,0.5648544240370396
2026-01-01 03:00:00+00:00,C012,0.5823147653056926,0.0,0.0,0.5823147653056926
2026-01-01 03:15:00+00:00,C012,0.5724144622345415,0.0,0.0,0.5724144622345415
2026-01-01 03:30:00+00:00,C012,0.5786812055582576,0.0,0.0,0.5786812055582576
2026-01-01 03:45:00+00:00,C012,0.5770768417640791,0.0,0.0,0.5770768417640791
2026-01-01 04:00:00+00:00,C012,0.6340859614364431,0.0,0.0,0.6340859614364431
2026-01-01 04:15:00+00:00,C012,0.6727884781017481,0.0,0.0,0.6727884781017481
2026-01-01 04:30:00+00:00,C012,0.6719787432975962,0.0,0.0,0.6719787432975962
2026-01-01 04:45:00+00:00,C012,0.7211907122539633,0.0,0.0,0.7211907122539633
2026-01-01 05:00:00+00:00,C012,0.8321023190877862,0.0,0.0,0.8321023190877862
2026-01-01 05:15:00+00:00,C012,0.856300785376961,0.0,0.0,0.856300785376961
2026-01-01 05:30:00+00:00,C012,0.9322813049338797,0.0,0.0,0.9322813049338797
2026-01-01 05:45:00+00:00,C012,1.0423582531274418,0.0,0.0,1.0423582531274418
2026-01-01 06:00:00+00:00,C012,1.1164314240098434,0.0,0.0,1.1164314240098434
2026-01-01 06:15:00+00:00,C012,1.1789348192088662,0.0,0.0,1.1789348192088662
2026-01-01 06:30:00+00:00,C012,1.3139297176076556,0.0,0.0,1.3139297176076556
2026-01-01 06:45:00+00:00,C012,1.372475612241307,0.0,0.0,1.372475612241307
2026-01-01 07:00:00+00:00,C012,1.525967233280784,0.0,0.0,1.525967233280784
2026-01-01 07:15:00+00:00,C012,1.511850761342454,0.19338214351668528,0.0,1.3184686178257687
2026-01-01 07:30:00+00:00,C012,1.441926515616391,0.4264263182080622,0.0,1.0155001974083286
2026-01-01 07:45:00+00:00,C012,1.5151607250658021,0.5528226399158556,0.0,0.9623380851499466
2026-01-01 08:00:00+00:00,C012,1.4561787764529395,0.6069127966405429,0.0,0.8492659798123966
2026-01-01 08:15:00+00:00,C012,1.4466442637558172,1.0187430199183378,0.0,0.4279012438374794
2026-01-01 08:30:00+00:00,C012,1.2741936931356728,1.1916357852968706,0.0,0.08255790783880212
2026-01-01 08:45:00+00:00,C012,1.2154685088494166,1.0940067605562795,0.0,0.12146174829313705
2026-01-01 09:00:00+00:00,C012,1.1169892436356645,1.3839978749859292,0.0,-0.26700863135026465
2026-01-01 09:15:00+00:00,C012,1.032753108195187,1.3218603918497727,0.0,-0.2891072836545856
2026-01-01 09:30:00+00:00,C012,0.9120694966846511,1.5944528032821244,0.0,-0.6823833065974733
2026-01-01 09:45:00+00:00,C012,0.8715201899390296,1.5134829468838675,0.0,-0.641962756944838
2026-01-01 10:00:00+00:00,C012,0.7962653823177889,2.094575837869815,0.0,-1.2983104555520262
2026-01-01 10:15:00+00:00,C012,0.7642007912998091,1.8901860648492956,0.0,-1.1259852735494866
2026-01-01 10:30:00+00:00,C012,0.6817094651163029,2.026954194706344,0.0,-1.345244729590041
2026-01-01 10:45:00+00:00,C012,0.6298438487125136,2.417907979320156,0.0,-1.7880641306076424
2026-01-01 11:00:00+00:00,C012,0.6385176686964519,2.59473301040664,0.0,-1.9562153417101884
2026-01-01 11:15:00+00:00,C012,0.5708307407339246,1.8726933836607251,0.0,-1.3018626429268005
2026-01-01 11:30:00+00:00,C012,0.6118952735022524,2.2521677450037063,0.0,-1.6402724715014538
2026-01-01 11:45:00+00:00,C012,0.6051484611381496,2.498625336616926,0.0,-1.8934768754787763
2026-01-01 12:00:00+00:00,C012,0.6048021639270604,2.170671833358146,0.0,-1.5658696694310856
2026-01-01 12:15:00+00:00,C012,0.5790431584528885,1.7251178010189812,0.0,-1.1460746425660928
2026-01-01 12:30:00+00:00,C012,0.5545830368798068,2.885011042383984,0.0,-2.330428005504177
2026-01-01 12:45:00+00:00,C012,0.5764418044292803,2.5635231491630264,0.0,-1.987081344733746
2026-01-01 13:00:00+00:00,C012,0.5982640385787693,2.3074129262052385,0.0,-1.709148887626469
2026-01-01 13:15:00+00:00,C012,0.5782854214188183,1.4590505058288987,0.0,-0.8807650844100804
2026-01-01 13:30:00+00:00,C012,0.6507909074496151,1.7699691270404185,0.0,-1.1191782195908035
2026-01-01 13:45:00+00:00,C012,0.6485390233150496,1.54221401352792,0.0,-0.8936749902128704
2026-01-01 14:00:00+00:00,C012,0.6283660637253022,2.0008989905776655,0.0,-1.3725329268523634
2026-01-01 14:15:00+00:00,C012,0.7369365938309985,1.8703110218534693,0.0,-1.1333744280224707
2026-01-01 14:30:00+00:00,C012,0.7291077754528449,1.3449794189446893,0.0,-0.6158716434918444
2026-01-01 14:45:00+00:00,C012,0.7320605184244989,1.3207166633069496,0.0,-0.5886561448824507
2026-01-01 15:00:00+00:00,C012,0.8034197286465957,1.0908299706529339,0.0,-0.28741024200633813
2026-01-01 15:15:00+00:00,C012,0.9306571507301413,1.1025838852939573,0.0,-0.17192673456381602
2026-01-01 15:30:00+00:00,C012,1.0130420961090336,0.8816186686247082,0.0,0.13142342748432545
2026-01-01 15:45:00+00:00,C012,1.0641663758158142,0.7577974138899648,0.0,0.3063689619258494
2026-01-01 16:00:00+00:00,C012,1.1633927244202582,0.5434441081537534,0.0,0.6199486162665048
2026-01-01 16:15:00+00:00,C012,1.2537521015978024,0.40741012960934386,0.0,0.8463419719884585
2026-01-01 16:30:00+00:00,C012,1.3307848592716136,0.40618697499074596,0.0,0.9245978842808676
2026-01-01 16:45:00+00:00,C012,1.4210537249613113,0.22086388890821246,0.0,1.200189836053099
2026-01-01 17:00:00+00:00,C012,1.5225569916444845,2.0448963049640688e-16,0.0,1.5225569916444843
2026-01-01 17:15:00+00:00,C012,1.639807109896574,0.0,0.0,1.639807109896574
2026-01-01 17:30:00+00:00,C012,1.6549164599716513,0.0,0.0,1.6549164599716513
2026-01-01 17:45:00+00:00,C012,1.8272320251731993,0.0,0.0,1.8272320251731993
2026-01-01 18:00:00+00:00,C012,1.9470569805531321,0.0,0.0,1.9470569805531321
2026-01-01 18:15:00+00:00,C012,1.8848234260921686,0.0,0.0,1.8848234260921686
2026-01-01 18:30:00+00:00,C012,1.9239455520160986,0.0,0.0,1.9239455520160986
2026-01-01 18:45:00+00:00,C012,1.9990077190056252,0.0,0.0,1.9990077190056252
2026-01-01 19:00:00+00:00,C012,1.9400282273972087,0.0,0.0,1.9400282273972087
2026-01-01 19:15:00+00:00,C012,1.8783108207279993,0.0,0.0,1.8783108207279993
2026-01-01 19:30:00+00:00,C012,2.0138804001171144,0.0,0.0,2.0138804001171144
2026-01-01 19:45:00+00:00,C012,1.8694505299939324,0.0,0.0,1.8694505299939324
2026-01-01 20:00:00+00:00,C012,1.8326923141947158,0.0,0.0,1.8326923141947158
2026-01-01 20:15:00+00:00,C012,1.7295844960858895,0.0,0.0,1.7295844960858895
2026-01-01 20:30:00+00:00,C012,1.7550081429732785,0.0,0.0,1.7550081429732785
2026-01-01 20:45:00+00:00,C012,1.6349023406809204,0.0,0.0,1.6349023406809204
2026-01-01 21:00:00+00:00,C012,1.4833546649294507,0.0,0.0,1.4833546649294507
2026-01-01 21:15:00+00:00,C012,1.3273179116094453,0.0,0.0,1.3273179116094453
2026-01-01 21:30:00+00:00,C012,1.2762572678635187,0.0,0.0,1.2762572678635187
2026-01-01 21:45:00+00:00,C012,1.21671624872468,0.0,0.0,1.21671624872468
2026-01-01 22:00:00+00:00,C012,12.106455690622486,0.0,11.0,12.106455690622486
2026-01-01 22:15:00+00:00,C012,1.0185755553514109,0.0,0.0,1.0185755553514109
2026-01-01 22:30:00+00:00,C012,11.943328779473473,0.0,11.0,11.943328779473473
2026-01-01 22:45:00+00:00,C012,11.89356524592537,0.0,11.0,11.89356524592537
2026-01-01 23:00:00+00:00,C012,11.809345163375022,0.0,11.0,11.809345163375022
2026-01-01 23:15:00+00:00,C012,0.7698804493380078,0.0,0.0,0.7698804493380078
2026-01-01 23:30:00+00:00,C012,11.687404216662348,0.0,11.0,11.687404216662348
2026-01-01 23:45:00+00:00,C012,11.754986554094117,0.0,11.0,11.754986554094117
2026-01-02 00:00:00+00:00,C012,11.526167789657956,0.0,11.0,11.526167789657956
2026-01-02 00:15:00+00:00,C012,11.540858454997432,0.0,11.0,11.540858454997432
2026-01-02 00:30:00+00:00,C012,0.5490832767438912,0.0,0.0,0.5490832767438912
2026-01-02 00:45:00+00:00,C012,0.5241117769824377,0.0,0.0,0.5241117769824377
2026-01-02 01:00:00+00:00,C012,11.536331468501222,0.0,11.0,11.536331468501222
2026-01-02 01:15:00+00:00,C012,11.532716965468142,0.0,11.0,11.532716965468142
2026-01-02 01:30:00+00:00,C012,0.5108604539085176,0.0,0.0,0.5108604539085176
2026-01-02 01:45:00+00:00,C012,0.5499168377304436,0.0,0.0,0.5499168377304436
2026-01-02 02:00:00+00:00,C012,0.49313265580125626,0.0,0.0,0.49313265580125626
2026-01-02 02:15:00+00:00,C012,0.5952260123285263,0.0,0.0,0.5952260123285263
2026-01-02 02:30:00+00:00,C012,0.5709109538825519,0.0,0.0,0.5709109538825519
2026-01-02 02:45:00+00:00,C012,0.5682474981437287,0.0,0.0,0.5682474981437287
2026-01-02 03:00:00+00:00,C012,0.4989382365967236,0.0,0.0,0.4989382365967236
2026-01-02 03:15:00+00:00,C012,0.5413700374093748,0.0,0.0,0.5413700374093748
2026-01-02 03:30:00+00:00,C012,0.61159756976673,0.0,0.0,0.61159756976673
2026-01-02 03:45:00+00:00,C012,0.7099426355042825,0.0,0.0,0.7099426355042825
2026-01-02 04:00:00+00:00,C012,0.6444449607661206,0.0,0.0,0.6444449607661206
2026-01-02 04:15:00+00:00,C012,0.6706127153353384,0.0,0.0,0.6706127153353384
2026-01-02 04:30:00+00:00,C012,0.6879754955594235,0.0,0.0,0.6879754955594235
2026-01-02 04:45:00+00:00,C012,0.6964390437939564,0.0,0.0,0.6964390437939564
2026-01-02 05:00:00+00:00,C012,0.8079104072663107,0.0,0.0,0.8079104072663107
2026-01-02 05:15:00+00:00,C012,0.8159155136377765,0.0,0.0,0.8159155136377765
2026-01-02 05:30:00+00:00,C012,0.8834692398394901,0.0,0.0,0.8834692398394901
2026-01-02 05:45:00+00:00,C012,0.9738614319046778,0.0,0.0,0.9738614319046778
2026-01-02 06:00:00+00:00,C012,1.1548926116450373,0.0,0.0,1.1548926116450373
2026-01-02 06:15:00+00:00,C012,1.2012884870361233,0.0,0.0,1.2012884870361233
2026-01-02 06:30:00+00:00,C012,1.2956683908498348,0.0,0.0,1.2956683908498348
2026-01-02 06:45:00+00:00,C012,1.3593497375481256,0.0,0.0,1.3593497375481256
2026-01-02 07:00:00+00:00,C012,1.366482884709415,0.0,0.0,1.366482884709415
2026-01-02 07:15:00+00:00,C012,1.4290583048052141,0.1703860955704139,0.0,1.2586722092348002
2026-01-02 07:30:00+00:00,C012,1.437041603617301,0.3443209026861483,0.0,1.0927207009311528
2026-01-02 07:45:00+00:00,C012,1.4020644556348527,0.5990611415763958,0.0,0.8030033140584569
2026-01-02 08:00:00+00:00,C012,1.4082766561138746,0.8946684280775232,0.0,0.5136082280363514
2026-01-02 08:15:00+00:00,C012,1.3243412583170546,1.1470163500400994,0.0,0.17732490827695524
2026-01-02 08:30:00+00:00,C012,1.323244154957013,1.1408361878641704,0.0,0.18240796709284268
2026-01-02 08:45:00+00:00,C012,1.2431561149918147,1.3162114711333854,0.0,-0.07305535614157077
2026-01-02 09:00:00+00:00,C012,1.0607186979374286,1.3037109262934015,0.0,-0.2429922283559729
2026-01-02 09:15:00+00:00,C012,1.0116695790912777,1.4953724971847293,0.0,-0.48370291809345156
2026-01-02 09:30:00+00:00,C012,1.0001411506282751,1.9479688562703088,0.0,-0.9478277056420337
2026-01-02 09:45:00+00:00,C012,0.8270004809958549,2.406639279045779,0.0,-1.5796387980499242
2026-01-02 10:00:00+00:00,C012,0.7940525915231105,2.3123763970145155,0.0,-1.518323805491405
2026-01-02 10:15:00+00:00,C012,0.7241059019466309,2.2922802461036067,0.0,-1.5681743441569758
2026-01-02 10:30:00+00:00,C012,0.7029377592210294,2.543832886367718,0.0,-1.8408951271466885
2026-01-02 10:45:00+00:00,C012,0.6398108574329435,2.777474213161004,0.0,-2.1376633557280607
2026-01-02 11:00:00+00:00,C012,0.597997202102453,2.599294085318535,0.0,-2.001296883216082
2026-01-02 11:15:00+00:00,C012,0.5971008543156487,2.935133340326929,0.0,-2.33803248601128
2026-01-02 11:30:00+00:00,C012,0.5871401537545669,3.0434382686016765,0.0,-2.45629811484711
2026-01-02 11:45:00+00:00,C012,0.5670344421092909,2.7613951220514035,0.0,-2.1943606799421125
2026-01-02 12:00:00+00:00,C012,0.5287863637945778,3.040193072728701,0.0,-2.5114067089341234
2026-01-02 12:15:00+00:00,C012,0.6036483867146657,2.823288341329996,0.0,-2.2196399546153303
2026-01-02 12:30:00+00:00,C012,0.6009310239180925,2.8059841153243448,0.0,-2.2050530914062523
2026-01-02 12:45:00+00:00,C012,0.5412802707833362,3.2644816105049794,0.0,-2.7232013397216432
2026-01-02 13:00:00+00:00,C012,0.5682149304173074,2.9908428289586158,0.0,-2.4226278985413083
2026-01-02 13:15:00+00:00,C012,0.5843060195042136,2.299112461908839,0.0,-1.7148064424046252
2026-01-02 13:30:00+00:00,C012,0.5724726675840077,3.0494757865049045,0.0,-2.477003118920897
2026-01-02 13:45:00+00:00,C012,0.5735379127587116,3.2207883020201105,0.0,-2.6472503892613988
2026-01-02 14:00:00+00:00,C012,0.6365225423872471,2.9987810098224825,0.0,-2.362258467435235
2026-01-02 14:15:00+00:00,C012,0.6732878155970531,2.3269329353001695,0.0,-1.6536451197031163
2026-01-02 14:30:00+00:00,C012,0.6770486340141046,2.1766625513733766,0.0,-1.499613917359272
2026-01-02 14:45:00+00:00,C012,0.764003354775507,2.0452585245291863,0.0,-1.2812551697536794
2026-01-02 15:00:00+00:00,C012,0.8526274129562121,1.586518719468268,0.0,-0.7338913065120558
2026-01-02 15:15:00+00:00,C012,0.9011581989874905,2.134670718907399,0.0,-1.2335125199199082
2026-01-02 15:30:00+00:00,C012,0.9471835405297073,1.3728438066590327,0.0,-0.4256602661293254
2026-01-02 15:45:00+00:00,C012,0.9660477306939994,1.0072377049756918,0.0,-0.041189974281692354
2026-01-02 16:00:00+00:00,C012,1.144681799181182,1.1113804472850823,0.0,0.03330135189609962
2026-01-02 16:15:00+00:00,C012,1.212937890407111,0.7823332293645465,0.0,0.43060466104256456
2026-01-02 16:30:00+00:00,C012,1.3037377341204097,0.5475754822200652,0.0,0.7561622519003445
2026-01-02 16:45:00+00:00,C012,1.4970513207139835,0.27992483426655485,0.0,1.2171264864474287
2026-01-02 17:00:00+00:00,C012,1.4459171508749165,4.145857633895093e-16,0.0,1.445917150874916
2026-01-02 17:15:00+00:00,C012,1.4375274715657504,0.0,0.0,1.4375274715657504
2026-01-02 17:30:00+00:00,C012,1.6129823823128329,0.0,0.0,1.6129823823128329
2026-01-02 17:45:00+00:00,C012,1.7921502102650897,0.0,0.0,1.7921502102650897
2026-01-02 18:00:00+00:00,C012,1.8409380351774383,0.0,0.0,1.8409380351774383
2026-01-02 18:15:00+00:00,C012,1.8163792290459304,0.0,0.0,1.8163792290459304
2026-01-02 18:30:00+00:00,C012,1.8496915210249114,0.0,0.0,1.8496915210249114
2026-01-02 18:45:00+00:00,C012,1.9377853818578232,0.0,0.0,1.9377853818578232
2026-01-02 19:00:00+00:00,C012,1.8927817969030063,0.0,0.0,1.8927817969030063
2026-01-02 19:15:00+00:00,C012,2.0123243784202858,0.0,0.0,2.0123243784202858
2026-01-02 19:30:00+00:00,C012,1.920298372548033,0.0,0.0,1.920298372548033
2026-01-02 19:45:00+00:00,C012,1.8477769183193946,0.0,0.0,1.8477769183193946
2026-01-02 20:00:00+00:00,C012,1.7677919488304612,0.0,0.0,1.7677919488304612
2026-01-02 20:15:00+00:00,C012,1.77132219423207,0.0,0.0,1.77132219423207
2026-01-02 20:30:00+00:00,C012,1.675740040002465,0.0,0.0,1.675740040002465
2026-01-02 20:45:00+00:00,C012,1.5891395862471351,0.0,0.0,1.5891395862471351
2026-01-02 21:00:00+00:00,C012,1.483005058566053,0.0,0.0,1.483005058566053
2026-01-02 21:15:00+00:00,C012,1.3792548575799153,0.0,0.0,1.3792548575799153
2026-01-02 21:30:00+00:00,C012,1.2417654784480718,0.0,0.0,1.2417654784480718
2026-01-02 21:45:00+00:00,C012,1.1533493156759385,0.0,0.0,1.1533493156759385
2026-01-02 22:00:00+00:00,C012,12.081734399456439,0.0,11.0,12.081734399456439
2026-01-02 22:15:00+00:00,C012,1.0797361488209642,0.0,0.0,1.0797361488209642
2026-01-02 22:30:00+00:00,C012,0.8923233698513413,0.0,0.0,0.8923233698513413
2026-01-02 22:45:00+00:00,C012,0.8605777597138301,0.0,0.0,0.8605777597138301
2026-01-02 23:00:00+00:00,C012,0.8156185968637626,0.0,0.0,0.8156185968637626
2026-01-02 23:15:00+00:00,C012,11.739397956039582,0.0,11.0,11.739397956039582
2026-01-02 23:30:00+00:00,C012,11.736058337609785,0.0,11.0,11.736058337609785
2026-01-02 23:45:00+00:00,C012,0.6637287061826351,0.0,0.0,0.6637287061826351
2026-01-03 00:00:00+00:00,C012,0.5774225207581869,0.0,0.0,0.5774225207581869
2026-01-03 00:15:00+00:00,C012,0.6047028611204525,0.0,0.0,0.6047028611204525
2026-01-03 00:30:00+00:00,C012,0.6429522545634506,0.0,0.0,0.6429522545634506
2026-01-03 00:45:00+00:00,C012,11.631372744737428,0.0,11.0,11.631372744737428
2026-01-03 01:00:00+00:00,C012,0.5818495252282821,0.0,0.0,0.5818495252282821
2026-01-03 01:15:00+00:00,C012,0.5886374054874619,0.0,0.0,0.5886374054874619
2026-01-03 01:30:00+00:00,C012,0.5917406650520015,0.0,0.0,0.5917406650520015
2026-01-03 01:45:00+00:00,C012,0.5966727023834573,0.0,0.0,0.5966727023834573
2026-01-03 02:00:00+00:00,C012,0.5671461440931055,0.0,0.0,0.5671461440931055
2026-01-03 02:15:00+00:00,C012,0.6197660519407601,0.0,0.0,0.6197660519407601
2026-01-03 02:30:00+00:00,C012,0.6044540984967482,0.0,0.0,0.6044540984967482
2026-01-03 02:45:00+00:00,C012,0.5992495167454728,0.0,0.0,0.5992495167454728
2026-01-03 03:00:00+00:00,C012,0.575833868810144,0.0,0.0,0.575833868810144
2026-01-03 03:15:00+00:00,C012,0.6181344660916464,0.0,0.0,0.6181344660916464
2026-01-03 03:30:00+00:00,C012,0.5734588957130011,0.0,0.0,0.5734588957130011
2026-01-03 03:45:00+00:00,C012,0.6305155346116287,0.0,0.0,0.6305155346116287
2026-01-03 04:00:00+00:00,C012,0.6530829937795299,0.0,0.0,0.6530829937795299
2026-01-03 04:15:00+00:00,C012,0.7080566830299417,0.0,0.0,0.7080566830299417
2026-01-03 04:30:00+00:00,C012,0.7925929528813147,0.0,0.0,0.7925929528813147
2026-01-03 04:45:00+00:00,C012,0.8138879953981429,0.0,0.0,0.8138879953981429
2026-01-03 05:00:00+00:00,C012,0.8998799459067334,0.0,0.0,0.8998799459067334
2026-01-03 05:15:00+00:00,C012,0.9569940693457429,0.0,0.0,0.9569940693457429
2026-01-03 05:30:00+00:00,C012,1.0642125811655843,0.0,0.0,1.0642125811655843
2026-01-03 05:45:00+00:00,C012,1.1870976215233515,0.0,0.0,1.1870976215233515
2026-01-03 06:00:00+00:00,C012,1.1882832196476487,0.0,0.0,1.1882832196476487
2026-01-03 06:15:00+00:00,C012,1.2802727571648793,0.0,0.0,1.2802727571648793
2026-01-03 06:30:00+00:00,C012,1.456212003136588,0.0,0.0,1.456212003136588
2026-01-03 06:45:00+00:00,C012,1.510624965139047,0.0,0.0,1.510624965139047
2026-01-03 07:00:00+00:00,C012,1.585102031703338,0.0,0.0,1.585102031703338
2026-01-03 07:15:00+00:00,C012,1.597159717024473,0.2949820693025647,0.0,1.3021776477219082
2026-01-03 07:30:00+00:00,C012,1.592321355177111,0.6070717791406569,0.0,0.985249576036454
2026-01-03 07:45:00+00:00,C012,1.7140805077428087,0.7934780811355276,0.0,0.9206024266072811
2026-01-03 08:00:00+00:00,C012,1.5119502052302007,1.2370038860942298,0.0,0.2749463191359709
2026-01-03 08:15:00+00:00,C012,1.5431415650204778,1.5556274740519682,0.0,-0.012485909031490383
2026-01-03 08:30:00+00:00,C012,1.4343123234880746,1.6294283564780818,0.0,-0.19511603299000724
2026-01-03 08:45:00+00:00,C012,1.2446681992661155,2.243447241242505,0.0,-0.9987790419763893
2026-01-03 09:00:00+00:00,C012,1.1958442348757186,2.122719121695226,0.0,-0.9268748868195074
2026-01-03 09:15:00+00:00,C012,1.099770587532427,2.4076742594137626,0.0,-1.3079036718813355
2026-01-03 09:30:00+00:00,C012,1.05445966502824,2.6796987044898093,0.0,-1.6252390394615692
2026-01-03 09:45:00+00:00,C012,0.9291112906389289,2.4126786209967777,0.0,-1.4835673303578487
2026-01-03 10:00:00+00:00,C012,0.857767603201372,3.191087940738391,0.0,-2.3333203375370193
2026-01-03 10:15:00+00:00,C012,0.7488947913148399,2.5525026750571893,0.0,-1.8036078837423495
2026-01-03 10:30:00+00:00,C012,0.8173838422403377,3.377681993724365,0.0,-2.5602981514840275
2026-01-03 10:45:00+00:00,C012,0.7088879003041864,3.837226743463141,0.0,-3.1283388431589545
2026-01-03 11:00:00+00:00,C012,0.6960473557546436,3.4917713462167517,0.0,-2.795723990462108
2026-01-03 11:15:00+00:00,C012,0.6368294603363323,3.954151482150936,0.0,-3.317322021814604
2026-01-03 11:30:00+00:00,C012,0.6213810800534643,3.895090092101277,0.0,-3.2737090120478127
2026-01-03 11:45:00+00:00,C012,0.6875287217621006,3.5194444389896224,0.0,-2.831915717227522
2026-01-03 12:00:00+00:00,C012,0.5689463577067304,3.465117959076233,0.0,-2.8961716013695025
2026-01-03 12:15:00+00:00,C012,0.6315147009796905,3.8578707845802076,0.0,-3.226356083600517
2026-01-03 12:30:00+00:00,C012,0.5940308937567077,3.252698042562997,0.0,-2.6586671488062894
2026-01-03 12:45:00+00:00,C012,0.6228921919243819,3.1338455779967718,0.0,-2.51095338607239
2026-01-03 13:00:00+00:00,C012,0.6138690253474084,2.9615405049716226,0.0,-2.347671479624214
2026-01-03 13:15:00+00:00,C012,0.626412964884921,3.161432183603478,0.0,-2.535019218718557
2026-01-03 13:30:00+00:00,C012,0.6733714111930268,2.777174357029011,0.0,-2.103802945835984
2026-01-03 13:45:00+00:00,C012,0.6075213509002874,3.620920098239282,0.0,-3.0133987473389947
2026-01-03 14:00:00+00:00,C012,0.698761744307964,2.980859763270376,0.0,-2.282098018962412
2026-01-03 14:15:00+00:00,C012,0.7539194362398102,2.9391824828020234,0.0,-2.185263046562213
2026-01-03 14:30:00+00:00,C012,0.7546721230531345,2.4786967142842573,0.0,-1.7240245912311227
2026-01-03 14:45:00+00:00,C012,0.8878689707966693,2.4259094056888544,0.0,-1.538040434892185
2026-01-03 15:00:00+00:00,C012,0.8762843671543563,2.1038551406008126,0.0,-1.2275707734464563
2026-01-03 15:15:00+00:00,C012,0.9665949143905287,1.4863771417858491,0.0,-0.5197822273953204
2026-01-03 15:30:00+00:00,C012,1.0263961058836988,1.6129457565799907,0.0,-0.586549650696292
2026-01-03 15:45:00+00:00,C012,1.1250148957660642,1.2755544630573596,0.0,-0.15053956729129547
2026-01-03 16:00:00+00:00,C012,1.2796108118326464,1.095765375834126,0.0,0.18384543599852043
2026-01-03 16:15:00+00:00,C012,1.4441442683643586,0.7990258573521356,0.0,0.645118411012223
2026-01-03 16:30:00+00:00,C012,1.4706350678032127,0.5369114460792207,0.0,0.933723621723992
2026-01-03 16:45:00+00:00,C012,1.6102545606174772,0.25586894205843763,0.0,1.3543856185590395
2026-01-03 17:00:00+00:00,C012,1.7509221119025689,3.665689922195498e-16,0.0,1.7509221119025684
2026-01-03 17:15:00+00:00,C012,1.7737436562770237,0.0,0.0,1.7737436562770237
2026-01-03 17:30:00+00:00,C012,1.9566545499941321,0.0,0.0,1.9566545499941321
2026-01-03 17:45:00+00:00,C012,2.0081628848729656,0.0,0.0,2.0081628848729656
2026-01-03 18:00:00+00:00,C012,2.034098363918729,0.0,0.0,2.034098363918729
2026-01-03 18:15:00+00:00,C012,2.1089211635952503,0.0,0.0,2.1089211635952503
2026-01-03 18:30:00+00:00,C012,2.003800608243872,0.0,0.0,2.003800608243872
2026-01-03 18:45:00+00:00,C012,2.1894844256861155,0.0,0.0,2.1894844256861155
2026-01-03 19:00:00+00:00,C012,2.0619369460212416,0.0,0.0,2.0619369460212416
2026-01-03 19:15:00+00:00,C012,2.045731529598604,0.0,0.0,2.045731529598604
2026-01-03 19:30:00+00:00,C012,2.1601007245615182,0.0,0.0,2.1601007245615182
2026-01-03 19:45:00+00:00,C012,2.0036163294251605,0.0,0.0,2.0036163294251605
2026-01-03 20:00:00+00:00,C012,2.0218467607799315,0.0,0.0,2.0218467607799315
2026-01-03 20:15:00+00:00,C012,1.9294166826795947,0.0,0.0,1.9294166826795947
2026-01-03 20:30:00+00:00,C012,1.844569221397974,0.0,0.0,1.844569221397974
2026-01-03 20:45:00+00:00,C012,1.6871116351182363,0.0,0.0,1.6871116351182363
2026-01-03 21:00:00+00:00,C012,1.6964465183400546,0.0,0.0,1.6964465183400546
2026-01-03 21:15:00+00:00,C012,1.5328192890199102,0.0,0.0,1.5328192890199102
2026-01-03 21:30:00+00:00,C012,1.4340340858464147,0.0,0.0,1.4340340858464147
2026-01-03 21:45:00+00:00,C012,1.2582390906627048,0.0,0.0,1.2582390906627048
2026-01-03 22:00:00+00:00,C012,12.2041581551981,0.0,11.0,12.2041581551981
2026-01-03 22:15:00+00:00,C012,1.17415918284815,0.0,0.0,1.17415918284815
2026-01-03 22:30:00+00:00,C012,1.0662041873606214,0.0,0.0,1.0662041873606214
2026-01-03 22:45:00+00:00,C012,11.930615389960154,0.0,11.0,11.930615389960154
2026-01-03 23:00:00+00:00,C012,0.8798890181697643,0.0,0.0,0.8798890181697643
2026-01-03 23:15:00+00:00,C012,11.80626766784732,0.0,11.0,11.80626766784732
2026-01-03 23:30:00+00:00,C012,0.7638680591144905,0.0,0.0,0.7638680591144905
2026-01-03 23:45:00+00:00,C012,11.701086739444095,0.0,11.0,11.701086739444095
2026-01-04 00:00:00+00:00,C012,11.582933726778995,0.0,11.0,11.582933726778995
2026-01-04 00:15:00+00:00,C012,0.6066107870196733,0.0,0.0,0.6066107870196733
2026-01-04 00:30:00+00:00,C012,11.56559858569483,0.0,11.0,11.56559858569483
2026-01-04 00:45:00+00:00,C012,11.58643654759426,0.0,11.0,11.58643654759426
2026-01-04 01:00:00+00:00,C012,11.579995829204233,0.0,11.0,11.579995829204233
2026-01-04 01:15:00+00:00,C012,0.6309861184196898,0.0,0.0,0.6309861184196898
2026-01-04 01:30:00+00:00,C012,0.5757272749029844,0.0,0.0,0.5757272749029844
2026-01-04 01:45:00+00:00,C012,0.5771523189174083,0.0,0.0,0.5771523189174083
2026-01-04 02:00:00+00:00,C012,0.5704506412596814,0.0,0.0,0.5704506412596814
2026-01-04 02:15:00+00:00,C012,0.5657935528034703,0.0,0.0,0.5657935528034703
2026-01-04 02:30:00+00:00,C012,0.6226303341860502,0.0,0.0,0.6226303341860502
2026-01-04 02:45:00+00:00,C012,0.6007179456888483,0.0,0.0,0.6007179456888483
2026-01-04 03:00:00+00:00,C012,0.6080204804456566,0.0,0.0,0.6080204804456566
2026-01-04 03:15:00+00:00,C012,0.6622400910210172,0.0,0.0,0.6622400910210172
2026-01-04 03:30:00+00:00,C012,0.6686266676183239,0.0,0.0,0.6686266676183239
2026-01-04 03:45:00+00:00,C012,0.599467301410145,0.0,0.0,0.599467301410145
2026-01-04 04:00:00+00:00,C012,0.6905943897825132,0.0,0.0,0.6905943897825132
2026-01-04 04:15:00+00:00,C012,0.7125383920000928,0.0,0.0,0.7125383920000928
2026-01-04 04:30:00+00:00,C012,0.7309166939212992,0.0,0.0,0.7309166939212992
2026-01-04 04:45:00+00:00,C012,0.8013439022660396,0.0,0.0,0.8013439022660396
2026-01-04 05:00:00+00:00,C012,0.80725058068085,0.0,0.0,0.80725058068085
2026-01-04 05:15:00+00:00,C012,0.9792949906093457,0.0,0.0,0.9792949906093457
2026-01-04 05:30:00+00:00,C012,1.0411209067202305,0.0,0.0,1.0411209067202305
2026-01-04 05:45:00+00:00,C012,1.0901579737335583,0.0,0.0,1.0901579737335583
2026-01-04 06:00:00+00:00,C012,1.1949035576762195,0.0,0.0,1.1949035576762195
2026-01-04 06:15:00+00:00,C012,1.2511756002144927,0.0,0.0,1.2511756002144927
2026-01-04 06:30:00+00:00,C012,1.4092886183442201,0.0,0.0,1.4092886183442201
2026-01-04 06:45:00+00:00,C012,1.4915010315975366,0.0,0.0,1.4915010315975366
2026-01-04 07:00:00+00:00,C012,1.5071205621173218,0.0,0.0,1.5071205621173218
2026-01-04 07:15:00+00:00,C012,1.6723803648161162,0.19994594488714704,0.0,1.4724344199289692
2026-01-04 07:30:00+00:00,C012,1.7029966897151114,0.3217549341902782,0.0,1.3812417555248333
2026-01-04 07:45:00+00:00,C012,1.631226504898801,0.4266194685621476,0.0,1.2046070363366534
2026-01-04 08:00:00+00:00,C012,1.5603805820107537,0.5258760172503228,0.0,1.034504564760431
2026-01-04 08:15:00+00:00,C012,1.5424921861021081,0.7102470033018697,0.0,0.8322451828002384
2026-01-04 08:30:00+00:00,C012,1.425424406021247,1.0636911903302624,0.0,0.3617332156909847
2026-01-04 08:45:00+00:00,C012,1.2824147195535895,1.1318527860066916,0.0,0.15056193354689795
2026-01-04 09:00:00+00:00,C012,1.1962945629546324,1.1795594896374584,0.0,0.016735073317174054
2026-01-04 09:15:00+00:00,C012,1.1161064106553602,1.4421456459707238,0.0,-0.3260392353153636
2026-01-04 09:30:00+00:00,C012,1.0502554758344211,1.55851808391165,0.0,-0.5082626080772288
2026-01-04 09:45:00+00:00,C012,0.9453498055482437,1.480812670090934,0.0,-0.5354628645426904
2026-01-04 10:00:00+00:00,C012,0.878405590758672,1.8167673679917573,0.0,-0.9383617772330853
2026-01-04 10:15:00+00:00,C012,0.7585668820773555,2.1053832035835347,0.0,-1.3468163215061792
2026-01-04 10:30:00+00:00,C012,0.7647207891221885,2.090850829544149,0.0,-1.3261300404219605
2026-01-04 10:45:00+00:00,C012,0.7073149257675045,1.8164996096301216,0.0,-1.1091846838626171
2026-01-04 11:00:00+00:00,C012,0.7576274972317578,2.0704596482515467,0.0,-1.312832151019789
2026-01-04 11:15:00+00:00,C012,0.6484494720674865,1.990931554461334,0.0,-1.3424820823938475
2026-01-04 11:30:00+00:00,C012,0.6517341197659077,1.8972823212472374,0.0,-1.2455482014813297
2026-01-04 11:45:00+00:00,C012,0.7213725398187014,2.2714888397145705,0.0,-1.550116299895869
2026-01-04 12:00:00+00:00,C012,0.6359756635916705,1.8706959854508607,0.0,-1.2347203218591902
2026-01-04 12:15:00+00:00,C012,0.624261077479974,1.987946140845468,0.0,-1.363685063365494
2026-01-04 12:30:00+00:00,C012,0.5965289923736481,2.5214733788621424,0.0,-1.9249443864884943
2026-01-04 12:45:00+00:00,C012,0.6791258626765408,1.5578617258405738,0.0,-0.878735863164033
2026-01-04 13:00:00+00:00,C012,0.6161773809074002,2.1661287188294045,0.0,-1.5499513379220042
2026-01-04 13:15:00+00:00,C012,0.668513128231818,2.4722152118026197,0.0,-1.8037020835708018
2026-01-04 13:30:00+00:00,C012,0.6591666532188192,2.186250721341,0.0,-1.527084068122181
2026-01-04 13:45:00+00:00,C012,0.6885441569251525,2.078813630511852,0.0,-1.3902694735866994
2026-01-04 14:00:00+00:00,C012,0.6751340992847361,1.6614420438715596,0.0,-0.9863079445868235
2026-01-04 14:15:00+00:00,C012,0.8056136021554874,1.6440116367490456,0.0,-0.8383980345935582
2026-01-04 14:30:00+00:00,C012,0.7937784366219367,1.540227886409478,0.0,-0.7464494497875414
2026-01-04 14:45:00+00:00,C012,0.8112182578528735,1.1924046726395061,0.0,-0.3811864147866326
2026-01-04 15:00:00+00:00,C012,0.9561284834689434,1.1340326010575006,0.0,-0.17790411758855718
2026-01-04 15:15:00+00:00,C012,0.9532578588404609,1.0099644015168876,0.0,-0.05670654267642672
2026-01-04 15:30:00+00:00,C012,1.0651675526851887,0.8605803403944315,0.0,0.20458721229075716
2026-01-04 15:45:00+00:00,C012,1.1698232868619391,0.696116761863161,0.0,0.4737065249987782
2026-01-04 16:00:00+00:00,C012,1.259372088278373,0.8572533319276141,0.0,0.4021187563507589
2026-01-04 16:15:00+00:00,C012,1.2291159399956495,0.5036459529761831,0.0,0.7254699870194664
2026-01-04 16:30:00+00:00,C012,1.4706914362810848,0.4370338811646855,0.0,1.0336575551163993
2026-01-04 16:45:00+00:00,C012,1.5454227830576617,0.1578203282844382,0.0,1.3876024547732235
2026-01-04 17:00:00+00:00,C012,1.6414225311514408,2.478608053615537e-16,0.0,1.6414225311514405
2026-01-04 17:15:00+00:00,C012,1.760594111251291,0.0,0.0,1.760594111251291
2026-01-04 17:30:00+00:00,C012,1.7731352410777406,0.0,0.0,1.7731352410777406
2026-01-04 17:45:00+00:00,C012,1.9784040038512896,0.0,0.0,1.9784040038512896
2026-01-04 18:00:00+00:00,C012,1.948183625950529,0.0,0.0,1.948183625950529
2026-01-04 18:15:00+00:00,C012,2.0851017452521297,0.0,0.0,2.0851017452521297
2026-01-04 18:30:00+00:00,C012,2.1598601848159373,0.0,0.0,2.1598601848159373
2026-01-04 18:45:00+00:00,C012,2.2820741081518854,0.0,0.0,2.2820741081518854
2026-01-04 19:00:00+00:00,C012,2.135681324181034,0.0,0.0,2.135681324181034
2026-01-04 19:15:00+00:00,C012,2.280670320768761,0.0,0.0,2.280670320768761
2026-01-04 19:30:00+00:00,C012,2.234392344302977,0.0,0.0,2.234392344302977
2026-01-04 19:45:00+00:00,C012,2.0813600922511135,0.0,0.0,2.0813600922511135
2026-01-04 20:00:00+00:00,C012,1.956387043939835,0.0,0.0,1.956387043939835
2026-01-04 20:15:00+00:00,C012,1.8489995578459923,0.0,0.0,1.8489995578459923
2026-01-04 20:30:00+00:00,C012,1.8793780434971352,0.0,0.0,1.8793780434971352
2026-01-04 20:45:00+00:00,C012,1.7029027044250842,0.0,0.0,1.7029027044250842
2026-01-04 21:00:00+00:00,C012,1.7137295197103788,0.0,0.0,1.7137295197103788
2026-01-04 21:15:00+00:00,C012,1.4985904442338018,0.0,0.0,1.4985904442338018
2026-01-04 21:30:00+00:00,C012,1.3829493558733044,0.0,0.0,1.3829493558733044
2026-01-04 21:45:00+00:00,C012,1.3210865264265574,0.0,0.0,1.3210865264265574
2026-01-04 22:00:00+00:00,C012,1.1960230237789582,0.0,0.0,1.1960230237789582
2026-01-04 22:15:00+00:00,C012,12.141398894631394,0.0,11.0,12.141398894631394
2026-01-04 22:30:00+00:00,C012,1.0717365377623775,0.0,0.0,1.0717365377623775
2026-01-04 22:45:00+00:00,C012,0.9731848100460996,0.0,0.0,0.9731848100460996
2026-01-04 23:00:00+00:00,C012,0.9025942134083237,0.0,0.0,0.9025942134083237
2026-01-04 23:15:00+00:00,C012,11.841455227222294,0.0,11.0,11.841455227222294
2026-01-04 23:30:00+00:00,C012,0.7460764247441363,0.0,0.0,0.7460764247441363
2026-01-04 23:45:00+00:00,C012,0.7653766715152465,0.0,0.0,0.7653766715152465
2026-01-05 00:00:00+00:00,C012,0.5460800438501708,0.0,0.0,0.5460800438501708
2026-01-05 00:15:00+00:00,C012,11.566962309673803,0.0,11.0,11.566962309673803
2026-01-05 00:30:00+00:00,C012,0.5561777277224688,0.0,0.0,0.5561777277224688
2026-01-05 00:45:00+00:00,C012,11.532773730250955,0.0,11.0,11.532773730250955
2026-01-05 01:00:00+00:00,C012,11.571532482856654,0.0,11.0,11.571532482856654
2026-01-05 01:15:00+00:00,C012,0.5372851641548662,0.0,0.0,0.5372851641548662
2026-01-05 01:30:00+00:00,C012,0.5570266364338621,0.0,0.0,0.5570266364338621
2026-01-05 01:45:00+00:00,C012,0.5355451332908484,0.0,0.0,0.5355451332908484
2026-01-05 02:00:00+00:00,C012,0.5616956497612746,0.0,0.0,0.5616956497612746
2026-01-05 02:15:00+00:00,C012,0.5361313228418193,0.0,0.0,0.5361313228418193
2026-01-05 02:30:00+00:00,C012,0.5988443897767283,0.0,0.0,0.5988443897767283
2026-01-05 02:45:00+00:00,C012,0.6150289140349393,0.0,0.0,0.6150289140349393
2026-01-05 03:00:00+00:00,C012,0.5842582068552218,0.0,0.0,0.5842582068552218
2026-01-05 03:15:00+00:00,C012,0.6131191100202861,0.0,0.0,0.6131191100202861
2026-01-05 03:30:00+00:00,C012,0.5305976686304794,0.0,0.0,0.5305976686304794
2026-01-05 03:45:00+00:00,C012,0.5527276990785509,0.0,0.0,0.5527276990785509
2026-01-05 04:00:00+00:00,C012,0.6054413727723312,0.0,0.0,0.6054413727723312
2026-01-05 04:15:00+00:00,C012,0.6439123971549838,0.0,0.0,0.6439123971549838
2026-01-05 04:30:00+00:00,C012,0.6725320701404438,0.0,0.0,0.6725320701404438
2026-01-05 04:45:00+00:00,C012,0.6814325241110679,0.0,0.0,0.6814325241110679
2026-01-05 05:00:00+00:00,C012,0.8216683208546474,0.0,0.0,0.8216683208546474
2026-01-05 05:15:00+00:00,C012,0.9261312383159226,0.0,0.0,0.9261312383159226
2026-01-05 05:30:00+00:00,C012,0.984516239221859,0.0,0.0,0.984516239221859
2026-01-05 05:45:00+00:00,C012,1.0667503189489878,0.0,0.0,1.0667503189489878
2026-01-05 06:00:00+00:00,C012,1.145606210119554,0.0,0.0,1.145606210119554
2026-01-05 06:15:00+00:00,C012,1.1919360986903396,0.0,0.0,1.1919360986903396
2026-01-05 06:30:00+00:00,C012,1.3221758663194685,0.0,0.0,1.3221758663194685
2026-01-05 06:45:00+00:00,C012,1.505575920821919,0.0,0.0,1.505575920821919
2026-01-05 07:00:00+00:00,C012,1.434250232139994,0.0,0.0,1.434250232139994
2026-01-05 07:15:00+00:00,C012,1.4573514906775835,0.2109058951640115,0.0,1.246445595513572
2026-01-05 07:30:00+00:00,C012,1.5596653294426677,0.4777604355843988,0.0,1.081904893858269
2026-01-05 07:45:00+00:00,C012,1.5466303784704898,0.7290686855769997,0.0,0.8175616928934901
2026-01-05 08:00:00+00:00,C012,1.3993624998673178,0.7317360683547067,0.0,0.667626431512611
2026-01-05 08:15:00+00:00,C012,1.3687973920420828,1.0383383702142255,0.0,0.33045902182785736
2026-01-05 08:30:00+00:00,C012,1.2904347860105256,1.291124113350527,0.0,-0.0006893273400012667
2026-01-05 08:45:00+00:00,C012,1.219965033749702,1.3843862742891186,0.0,-0.16442124053941654
2026-01-05 09:00:00+00:00,C012,1.1735444823071768,1.4055618012178999,0.0,-0.23201731891072308
2026-01-05 09:15:00+00:00,C012,1.0107528783786974,1.7055469075518397,0.0,-0.6947940291731423
2026-01-05 09:30:00+00:00,C012,0.9851278537146466,2.0783159421555895,0.0,-1.0931880884409428
2026-01-05 09:45:00+00:00,C012,0.8738913454499729,1.7455513766583504,0.0,-0.8716600312083774
2026-01-05 10:00:00+00:00,C012,0.866995635781166,1.7719336085749804,0.0,-0.9049379727938144
2026-01-05 10:15:00+00:00,C012,0.7453199921924072,2.2090685123990825,0.0,-1.4637485202066753
2026-01-05 10:30:00+00:00,C012,0.6811491924494376,2.175174842267331,0.0,-1.4940256498178934
2026-01-05 10:45:00+00:00,C012,0.6614028654654246,2.1858022918529825,0.0,-1.524399426387558
2026-01-05 11:00:00+00:00,C012,0.6152632582711043,2.3057041460153616,0.0,-1.6904408877442574
2026-01-05 11:15:00+00:00,C012,0.5464319396136528,2.5525513957361654,0.0,-2.0061194561225126
2026-01-05 11:30:00+00:00,C012,0.5833999488747875,2.6171672959746406,0.0,-2.033767347099853
2026-01-05 11:45:00+00:00,C012,0.5703556646244575,2.6883510364874152,0.0,-2.117995371862958
2026-01-05 12:00:00+00:00,C012,0.5275713086131342,3.2848905185874866,0.0,-2.7573192099743524
2026-01-05 12:15:00+00:00,C012,0.5767913903276227,2.6630959272317845,0.0,-2.0863045369041617
2026-01-05 12:30:00+00:00,C012,0.5117150591064639,3.372190613999976,0.0,-2.860475554893512
2026-01-05 12:45:00+00:00,C012,0.5724981561647743,3.1464862239888154,0.0,-2.573988067824041
2026-01-05 13:00:00+00:00,C012,0.5982013760010999,2.393496181560074,0.0,-1.795294805558974
2026-01-05 13:15:00+00:00,C012,0.6069053265100814,2.4933904348075573,0.0,-1.8864851082974758
2026-01-05 13:30:00+00:00,C012,0.606052419201929,2.2187260532534556,0.0,-1.6126736340515266
2026-01-05 13:45:00+00:00,C012,0.6327490157422416,2.6672005081014194,0.0,-2.0344514923591777
2026-01-05 14:00:00+00:00,C012,0.6391046098839454,2.796759303307091,0.0,-2.157654693423146
2026-01-05 14:15:00+00:00,C012,0.6928246683052963,2.3990618322253456,0.0,-1.7062371639200493
2026-01-05 14:30:00+00:00,C012,0.7324619165004947,2.1589667893978732,0.0,-1.4265048728973784
2026-01-05 14:45:00+00:00,C012,0.7460218365666053,2.0003264961335705,0.0,-1.2543046595669654
2026-01-05 15:00:00+00:00,C012,0.8412784521623425,1.6031717795026181,0.0,-0.7618933273402756
2026-01-05 15:15:00+00:00,C012,0.9087989532471122,1.7096402475858223,0.0,-0.8008412943387101
2026-01-05 15:30:00+00:00,C012,0.954586850515999,1.3798573004442913,0.0,-0.4252704499282923
2026-01-05 15:45:00+00:00,C012,1.1342780912480404,1.3506532990734497,0.0,-0.2163752078254093
2026-01-05 16:00:00+00:00,C012,1.1188168218459233,0.9397693427882678,0.0,0.1790474790576555
2026-01-05 16:15:00+00:00,C012,1.2088577935473015,0.750876269791343,0.0,0.45798152375595846
2026-01-05 16:30:00+00:00,C012,1.3017028211842208,0.5474060048261391,0.0,0.7542968163580817
2026-01-05 16:45:00+00:00,C012,1.3699106976515472,0.261742940242923,0.0,1.1081677574086242
2026-01-05 17:00:00+00:00,C012,1.5427723366420163,4.08462372676693e-16,0.0,1.5427723366420159
2026-01-05 17:15:00+00:00,C012,1.5642263816764088,0.0,0.0,1.5642263816764088
2026-01-05 17:30:00+00:00,C012,1.677142985949546,0.0,0.0,1.677142985949546
2026-01-05 17:45:00+00:00,C012,1.7611676094322954,0.0,0.0,1.7611676094322954
2026-01-05 18:00:00+00:00,C012,1.7961548946200083,0.0,0.0,1.7961548946200083
2026-01-05 18:15:00+00:00,C012,1.8192003375942232,0.0,0.0,1.8192003375942232
2026-01-05 18:30:00+00:00,C012,1.9392457646179062,0.0,0.0,1.9392457646179062
2026-01-05 18:45:00+00:00,C012,2.0626711800002178,0.0,0.0,2.0626711800002178
2026-01-05 19:00:00+00:00,C012,2.0204438972883105,0.0,0.0,2.0204438972883105
2026-01-05 19:15:00+00:00,C012,2.117052511794708,0.0,0.0,2.117052511794708
2026-01-05 19:30:00+00:00,C012,2.0379930447968273,0.0,0.0,2.0379930447968273
2026-01-05 19:45:00+00:00,C012,1.9795852935623162,0.0,0.0,1.9795852935623162
2026-01-05 20:00:00+00:00,C012,1.9964750112565952,0.0,0.0,1.9964750112565952
2026-01-05 20:15:00+00:00,C012,1.7858441273493573,0.0,0.0,1.7858441273493573
2026-01-05 20:30:00+00:00,C012,1.708384827030719,0.0,0.0,1.708384827030719
2026-01-05 20:45:00+00:00,C012,1.5927744208302386,0.0,0.0,1.5927744208302386
2026-01-05 21:00:00+00:00,C012,1.582913839449363,0.0,0.0,1.582913839449363
2026-01-05 21:15:00+00:00,C012,1.4157655107166063,0.0,0.0,1.4157655107166063
2026-01-05 21:30:00+00:00,C012,1.276962624475961,0.0,0.0,1.276962624475961
2026-01-05 21:45:00+00:00,C012,1.2387895192950258,0.0,0.0,1.2387895192950258
2026-01-05 22:00:00+00:00,C012,12.088445699879884,0.0,11.0,12.088445699879884
2026-01-05 22:15:00+00:00,C012,1.0511402995154175,0.0,0.0,1.0511402995154175
2026-01-05 22:30:00+00:00,C012,11.965104384001119,0.0,11.0,11.965104384001119
2026-01-05 22:45:00+00:00,C012,11.879291918698765,0.0,11.0,11.879291918698765
2026-01-05 23:00:00+00:00,C012,0.834471493015029,0.0,0.0,0.834471493015029
2026-01-05 23:15:00+00:00,C012,11.72764430895163,0.0,11.0,11.72764430895163
2026-01-05 23:30:00+00:00,C012,0.727339242571124,0.0,0.0,0.727339242571124
2026-01-05 23:45:00+00:00,C012,0.6619791288068548,0.0,0.0,0.6619791288068548
2026-01-06 00:00:00+00:00,C012,11.625060850767547,0.0,11.0,11.625060850767547
2026-01-06 00:15:00+00:00,C012,11.541690640247952,0.0,11.0,11.541690640247952
2026-01-06 00:30:00+00:00,C012,11.523564700436028,0.0,11.0,11.523564700436028
2026-01-06 00:45:00+00:00,C012,11.49986106267425,0.0,11.0,11.49986106267425
2026-01-06 01:00:00+00:00,C012,0.5830747465049122,0.0,0.0,0.5830747465049122
2026-01-06 01:15:00+00:00,C012,0.5348188161387327,0.0,0.0,0.5348188161387327
2026-01-06 01:30:00+00:00,C012,0.5243509624010901,0.0,0.0,0.5243509624010901
2026-01-06 01:45:00+00:00,C012,0.5563969503219585,0.0,0.0,0.5563969503219585
2026-01-06 02:00:00+00:00,C012,0.5706850500492419,0.0,0.0,0.5706850500492419
2026-01-06 02:15:00+00:00,C012,0.56825101241753,0.0,0.0,0.56825101241753
2026-01-06 02:30:00+00:00,C012,0.5513289945715751,0.0,0.0,0.5513289945715751
2026-01-06 02:45:00+00:00,C012,0.5609795137072515,0.0,0.0,0.5609795137072515
2026-01-06 03:00:00+00:00,C012,0.5700245840676104,0.0,0.0,0.5700245840676104
2026-01-06 03:15:00+00:00,C012,0.5786407345004325,0.0,0.0,0.5786407345004325
2026-01-06 03:30:00+00:00,C012,0.5940564245040239,0.0,0.0,0.5940564245040239
2026-01-06 03:45:00+00:00,C012,0.625950386735517,0.0,0.0,0.625950386735517
2026-01-06 04:00:00+00:00,C012,0.6238366042841584,0.0,0.0,0.6238366042841584
2026-01-06 04:15:00+00:00,C012,0.6221570296520569,0.0,0.0,0.6221570296520569
2026-01-06 04:30:00+00:00,C012,0.6855252297334586,0.0,0.0,0.6855252297334586
2026-01-06 04:45:00+00:00,C012,0.759648135146449,0.0,0.0,0.759648135146449
2026-01-06 05:00:00+00:00,C012,0.7332237768828108,0.0,0.0,0.7332237768828108
2026-01-06 05:15:00+00:00,C012,0.8059800028066625,0.0,0.0,0.8059800028066625
2026-01-06 05:30:00+00:00,C012,0.9785447179715855,0.0,0.0,0.9785447179715855
2026-01-06 05:45:00+00:00,C012,1.0976696309753091,0.0,0.0,1.0976696309753091
2026-01-06 06:00:00+00:00,C012,1.0945951080703145,0.0,0.0,1.0945951080703145
2026-01-06 06:15:00+00:00,C012,1.232149080863873,0.0,0.0,1.232149080863873
2026-01-06 06:30:00+00:00,C012,1.2812409165243102,0.0,0.0,1.2812409165243102
2026-01-06 06:45:00+00:00,C012,1.3761490891248378,0.0,0.0,1.3761490891248378
2026-01-06 07:00:00+00:00,C012,1.4712419615548085,0.0,0.0,1.4712419615548085
2026-01-06 07:15:00+00:00,C012,1.4199168894499727,0.2724491132785128,0.0,1.14746777617146
2026-01-06 07:30:00+00:00,C012,1.455843259035592,0.6339620550499646,0.0,0.8218812039856275
2026-01-06 07:45:00+00:00,C012,1.4773864596126602,0.8276925823997225,0.0,0.6496938772129377
2026-01-06 08:00:00+00:00,C012,1.4452983898712328,1.164646935933071,0.0,0.28065145393816193
2026-01-06 08:15:00+00:00,C012,1.339208129622233,1.62485687488454,0.0,-0.2856487452623071
2026-01-06 08:30:00+00:00,C012,1.347992080115384,1.7564515257130926,0.0,-0.40845944559770864
2026-01-06 08:45:00+00:00,C012,1.2078497769251737,1.8939066732876413,0.0,-0.6860568963624676
2026-01-06 09:00:00+00:00,C012,1.1130178850153107,2.0765357913304276,0.0,-0.9635179063151169
2026-01-06 09:15:00+00:00,C012,1.052105522818616,2.463334577879426,0.0,-1.4112290550608098
2026-01-06 09:30:00+00:00,C012,0.9403984611222057,2.2618471727547815,0.0,-1.3214487116325757
2026-01-06 09:45:00+00:00,C012,0.8856133856104529,2.5680872908977737,0.0,-1.6824739052873208
2026-01-06 10:00:00+00:00,C012,0.7712588240223932,3.08701509526212,0.0,-2.315756271239727
2026-01-06 10:15:00+00:00,C012,0.6971985056267518,2.945622174574715,0.0,-2.248423668947963
2026-01-06 10:30:00+00:00,C012,0.6745042836590414,2.7006521515955924,0.0,-2.026147867936551
2026-01-06 10:45:00+00:00,C012,0.6530051477637444,2.78464870502099,0.0,-2.131643557257245
2026-01-06 11:00:00+00:00,C012,0.5813636765461535,3.9261646392963456,0.0,-3.3448009627501922
2026-01-06 11:15:00+00:00,C012,0.5621131966116467,3.902922299404273,0.0,-3.3408091027926266
2026-01-06 11:30:00+00:00,C012,0.5903538823666468,3.1176771241753793,0.0,-2.5273232418087326
2026-01-06 11:45:00+00:00,C012,0.5572470456273698,4.030002338781367,0.0,-3.4727552931539973
2026-01-06 12:00:00+00:00,C012,0.5316926256003067,4.126044395613472,0.0,-3.5943517700131653
2026-01-06 12:15:00+00:00,C012,0.5997948914022694,3.810168114666592,0.0,-3.2103732232643227
2026-01-06 12:30:00+00:00,C012,0.5591343304005283,3.4498352855624406,0.0,-2.890700955161912
2026-01-06 12:45:00+00:00,C012,0.6191978674377067,3.5649655792166057,0.0,-2.945767711778899
2026-01-06 13:00:00+00:00,C012,0.5923466384728007,3.659981625536996,0.0,-3.0676349870641957
2026-01-06 13:15:00+00:00,C012,0.6093595775758319,3.5527556575261987,0.0,-2.9433960799503667
2026-01-06 13:30:00+00:00,C012,0.6154681549534974,3.4280353921897335,0.0,-2.812567237236236
2026-01-06 13:45:00+00:00,C012,0.555803718390172,3.3204825661929642,0.0,-2.7646788478027924
2026-01-06 14:00:00+00:00,C012,0.6303708891302287,2.24077222036806,0.0,-1.6104013312378314
2026-01-06 14:15:00+00:00,C012,0.6867903251544913,2.6275662029256677,0.0,-1.9407758777711763
2026-01-06 14:30:00+00:00,C012,0.7519446320799676,2.2877064588068943,0.0,-1.5357618267269266
2026-01-06 14:45:00+00:00,C012,0.7278389569485193,2.4070836787292533,0.0,-1.679244721780734
2026-01-06 15:00:00+00:00,C012,0.8376690542094636,2.1079504561274813,0.0,-1.2702814019180177
2026-01-06 15:15:00+00:00,C012,0.8632077206625212,1.9636573977477256,0.0,-1.1004496770852046
2026-01-06 15:30:00+00:00,C012,0.972563410403042,2.009475325271295,0.0,-1.036911914868253
2026-01-06 15:45:00+00:00,C012,1.0448841069137538,1.5168551844773515,0.0,-0.4719710775635977
2026-01-06 16:00:00+00:00,C012,1.1618764517431404,1.2674038088563973,0.0,-0.10552735711325689
2026-01-06 16:15:00+00:00,C012,1.2703166111789308,0.9900684003445017,0.0,0.2802482108344291
2026-01-06 16:30:00+00:00,C012,1.340894455735691,0.6030478092479385,0.0,0.7378466464877524
2026-01-06 16:45:00+00:00,C012,1.4708860102902273,0.2316648125619799,0.0,1.2392211977282472
2026-01-06 17:00:00+00:00,C012,1.4975649829177098,4.1870445862688624e-16,0.0,1.4975649829177093
2026-01-06 17:15:00+00:00,C012,1.7736002249139473,0.0,0.0,1.7736002249139473
2026-01-06 17:30:00+00:00,C012,1.635906824303081,0.0,0.0,1.635906824303081
2026-01-06 17:45:00+00:00,C012,1.758580495515989,0.0,0.0,1.758580495515989
2026-01-06 18:00:00+00:00,C012,1.9262451654216113,0.0,0.0,1.9262451654216113
2026-01-06 18:15:00+00:00,C012,1.9612696002090286,0.0,0.0,1.9612696002090286
2026-01-06 18:30:00+00:00,C012,2.0086006572145396,0.0,0.0,2.0086006572145396
2026-01-06 18:45:00+00:00,C012,2.0511385648083116,0.0,0.0,2.0511385648083116
2026-01-06 19:00:00+00:00,C012,1.8693724948369557,0.0,0.0,1.8693724948369557
2026-01-06 19:15:00+00:00,C012,2.120328424664589,0.0,0.0,2.120328424664589
2026-01-06 19:30:00+00:00,C012,1.9674858948516947,0.0,0.0,1.9674858948516947
2026-01-06 19:45:00+00:00,C012,2.0161235042707406,0.0,0.0,2.0161235042707406
2026-01-06 20:00:00+00:00,C012,1.7299313165342998,0.0,0.0,1.7299313165342998
2026-01-06 20:15:00+00:00,C012,1.7998888760047431,0.0,0.0,1.7998888760047431
2026-01-06 20:30:00+00:00,C012,1.6669845971149608,0.0,0.0,1.6669845971149608
2026-01-06 20:45:00+00:00,C012,1.6454990932462632,0.0,0.0,1.6454990932462632
2026-01-06 21:00:00+00:00,C012,1.5186101824354832,0.0,0.0,1.5186101824354832
2026-01-06 21:15:00+00:00,C012,1.4206490632592856,0.0,0.0,1.4206490632592856
2026-01-06 21:30:00+00:00,C012,1.2599822467709048,0.0,0.0,1.2599822467709048
2026-01-06 21:45:00+00:00,C012,1.2115101163633828,0.0,0.0,1.2115101163633828
2026-01-06 22:00:00+00:00,C012,1.107612926855444,0.0,0.0,1.107612926855444
2026-01-06 22:15:00+00:00,C012,12.048442379303394,0.0,11.0,12.048442379303394
2026-01-06 22:30:00+00:00,C012,0.9928082579258226,0.0,0.0,0.9928082579258226
2026-01-06 22:45:00+00:00,C012,0.887430931184953,0.0,0.0,0.887430931184953
2026-01-06 23:00:00+00:00,C012,11.781185123751108,0.0,11.0,11.781185123751108
2026-01-06 23:15:00+00:00,C012,0.7734411398863577,0.0,0.0,0.7734411398863577
2026-01-06 23:30:00+00:00,C012,0.798995791989021,0.0,0.0,0.798995791989021
2026-01-06 23:45:00+00:00,C012,11.737381044116642,0.0,11.0,11.737381044116642
2026-01-07 00:00:00+00:00,C012,11.446155745853918,0.0,11.0,11.446155745853918
2026-01-07 00:15:00+00:00,C012,0.538421925161238,0.0,0.0,0.538421925161238
2026-01-07 00:30:00+00:00,C012,11.56929721704381,0.0,11.0,11.56929721704381
2026-01-07 00:45:00+00:00,C012,0.5352525402712601,0.0,0.0,0.5352525402712601
2026-01-07 01:00:00+00:00,C012,11.535094190926308,0.0,11.0,11.535094190926308
2026-01-07 01:15:00+00:00,C012,0.5387303844483137,0.0,0.0,0.5387303844483137
2026-01-07 01:30:00+00:00,C012,0.5622411009077262,0.0,0.0,0.5622411009077262
2026-01-07 01:45:00+00:00,C012,0.5145327436838351,0.0,0.0,0.5145327436838351
2026-01-07 02:00:00+00:00,C012,0.5815671323480729,0.0,0.0,0.5815671323480729
2026-01-07 02:15:00+00:00,C012,0.5428257720984588,0.0,0.0,0.5428257720984588
2026-01-07 02:30:00+00:00,C012,0.5272376100279796,0.0,0.0,0.5272376100279796
2026-01-07 02:45:00+00:00,C012,0.591710391403421,0.0,0.0,0.591710391403421
2026-01-07 03:00:00+00:00,C012,0.5139270561463385,0.0,0.0,0.5139270561463385
2026-01-07 03:15:00+00:00,C012,0.5473517985075302,0.0,0.0,0.5473517985075302
2026-01-07 03:30:00+00:00,C012,0.5650991919821611,0.0,0.0,0.5650991919821611
2026-01-07 03:45:00+00:00,C012,0.6577292458543958,0.0,0.0,0.6577292458543958
2026-01-07 04:00:00+00:00,C012,0.5894378750101654,0.0,0.0,0.5894378750101654
2026-01-07 04:15:00+00:00,C012,0.5841283074962239,0.0,0.0,0.5841283074962239
2026-01-07 04:30:00+00:00,C012,0.6681873871306899,0.0,0.0,0.6681873871306899
2026-01-07 04:45:00+00:00,C012,0.7449271987954111,0.0,0.0,0.7449271987954111
2026-01-07 05:00:00+00:00,C012,0.8148473910704594,0.0,0.0,0.8148473910704594
2026-01-07 05:15:00+00:00,C012,0.9255431250746593,0.0,0.0,0.9255431250746593
2026-01-07 05:30:00+00:00,C012,0.9872804050064897,0.0,0.0,0.9872804050064897
2026-01-07 05:45:00+00:00,C012,1.0470644203540445,0.0,0.0,1.0470644203540445
2026-01-07 06:00:00+00:00,C012,1.088543428692214,0.0,0.0,1.088543428692214
2026-01-07 06:15:00+00:00,C012,1.2935528667425567,0.0,0.0,1.2935528667425567
2026-01-07 06:30:00+00:00,C012,1.2851033042693287,0.0,0.0,1.2851033042693287
2026-01-07 06:45:00+00:00,C012,1.3588010627991913,0.0,0.0,1.3588010627991913
2026-01-07 07:00:00+00:00,C012,1.4299515072179443,0.0,0.0,1.4299515072179443
2026-01-07 07:15:00+00:00,C012,1.4164885354877388,0.14188517420699417,0.0,1.2746033612807446
2026-01-07 07:30:00+00:00,C012,1.4688345332983432,0.3496577045320758,0.0,1.1191768287662676
2026-01-07 07:45:00+00:00,C012,1.4704925329132013,0.5660551221847848,0.0,0.9044374107284164
2026-01-07 08:00:00+00:00,C012,1.4964618677507613,0.5912050542789846,0.0,0.9052568134717767
2026-01-07 08:15:00+00:00,C012,1.3660913084946305,1.1796266238080937,0.0,0.18646468468653676
2026-01-07 08:30:00+00:00,C012,1.2592193340396554,1.3679385201693393,0.0,-0.1087191861296839
2026-01-07 08:45:00+00:00,C012,1.1530177166276823,1.0503759759645042,0.0,0.1026417406631781
2026-01-07 09:00:00+00:00,C012,1.1443909870915643,1.3256662784483493,0.0,-0.181275291356785
2026-01-07 09:15:00+00:00,C012,1.034846590226663,1.4126018928287456,0.0,-0.37775530260208257
2026-01-07 09:30:00+00:00,C012,0.9297999359383151,1.9211127166012876,0.0,-0.9913127806629725
2026-01-07 09:45:00+00:00,C012,0.8541691737415555,1.7074603201064995,0.0,-0.853291146364944
2026-01-07 10:00:00+00:00,C012,0.8014159217107838,1.2774977013756257,0.0,-0.4760817796648419
2026-01-07 10:15:00+00:00,C012,0.773872944541572,1.6392582780655962,0.0,-0.8653853335240242
2026-01-07 10:30:00+00:00,C012,0.6635850547161947,1.907679996579192,0.0,-1.2440949418629974
2026-01-07 10:45:00+00:00,C012,0.646083701051343,2.165342321787131,0.0,-1.5192586207357879
2026-01-07 11:00:00+00:00,C012,0.6498566691406882,2.2035188026793846,0.0,-1.5536621335386964
2026-01-07 11:15:00+00:00,C012,0.576418797777591,2.8359250854132405,0.0,-2.2595062876356495
2026-01-07 11:30:00+00:00,C012,0.5849488590929384,2.040635888720779,0.0,-1.4556870296278408
2026-01-07 11:45:00+00:00,C012,0.5781647753581556,1.8433707840776423,0.0,-1.2652060087194867
2026-01-07 12:00:00+00:00,C012,0.5326488127116878,2.6912986238540557,0.0,-2.158649811142368
2026-01-07 12:15:00+00:00,C012,0.578754488207436,2.3528932074946476,0.0,-1.7741387192872116
2026-01-07 12:30:00+00:00,C012,0.5763789637849951,2.4945889626904902,0.0,-1.9182099989054953
2026-01-07 12:45:00+00:00,C012,0.5922493360444137,2.3817247097074516,0.0,-1.789475373663038
2026-01-07 13:00:00+00:00,C012,0.5545913818905445,1.9806378426157238,0.0,-1.4260464607251793
2026-01-07 13:15:00+00:00,C012,0.6058661594178842,2.6117916676775934,0.0,-2.0059255082597094
2026-01-07 13:30:00+00:00,C012,0.6509266388305625,1.6659690324266236,0.0,-1.0150423935960613
2026-01-07 13:45:00+00:00,C012,0.6887741897512427,1.5462533489245092,0.0,-0.8574791591732664
2026-01-07 14:00:00+00:00,C012,0.6990072773598539,1.7477845391498785,0.0,-1.0487772617900246
2026-01-07 14:15:00+00:00,C012,0.6616933890921781,2.2345511296812477,0.0,-1.5728577405890696
2026-01-07 14:30:00+00:00,C012,0.7434056134540602,1.7043571064788685,0.0,-0.9609514930248083
2026-01-07 14:45:00+00:00,C012,0.7609857243627137,1.0522603266734325,0.0,-0.2912746023107188
2026-01-07 15:00:00+00:00,C012,0.8373339285939685,1.7789523552897133,0.0,-0.9416184266957448
2026-01-07 15:15:00+00:00,C012,0.8705966681479765,1.1319761710857952,0.0,-0.26137950293781864
2026-01-07 15:30:00+00:00,C012,0.9002875187928503,1.1145759940344304,0.0,-0.21428847524158012
2026-01-07 15:45:00+00:00,C012,1.0236961295224376,0.670740261208174,0.0,0.3529558683142636
2026-01-07 16:00:00+00:00,C012,1.1613159479771522,0.7014384563421715,0.0,0.4598774916349807
2026-01-07 16:15:00+00:00,C012,1.2247341037857284,0.4405215500252496,0.0,0.7842125537604788
2026-01-07 16:30:00+00:00,C012,1.3186270520959091,0.2858832734981336,0.0,1.0327437785977756
2026-01-07 16:45:00+00:00,C012,1.4221650360719247,0.1238927181273512,0.0,1.2982723179445734
2026-01-07 17:00:00+00:00,C012,1.5362188480223034,2.5640718645993795e-16,0.0,1.5362188480223031
2026-01-07 17:15:00+00:00,C012,1.6405414089766746,0.0,0.0,1.6405414089766746
2026-01-07 17:30:00+00:00,C012,1.6802430078391168,0.0,0.0,1.6802430078391168
2026-01-07 17:45:00+00:00,C012,1.8057897458387673,0.0,0.0,1.8057897458387673
2026-01-07 18:00:00+00:00,C012,1.9703321517252712,0.0,0.0,1.9703321517252712
2026-01-07 18:15:00+00:00,C012,1.9311637440068208,0.0,0.0,1.9311637440068208
2026-01-07 18:30:00+00:00,C012,1.9469624923480477,0.0,0.0,1.9469624923480477
2026-01-07 18:45:00+00:00,C012,1.9970447173333377,0.0,0.0,1.9970447173333377
2026-01-07 19:00:00+00:00,C012,1.9649638571280827,0.0,0.0,1.9649638571280827
2026-01-07 19:15:00+00:00,C012,1.9660867968791167,0.0,0.0,1.9660867968791167
2026-01-07 19:30:00+00:00,C012,1.9656760140216512,0.0,0.0,1.9656760140216512
2026-01-07 19:45:00+00:00,C012,1.8743466438665042,0.0,0.0,1.8743466438665042
2026-01-07 20:00:00+00:00,C012,1.8480941737313767,0.0,0.0,1.8480941737313767
2026-01-07 20:15:00+00:00,C012,1.7244239022769168,0.0,0.0,1.7244239022769168
2026-01-07 20:30:00+00:00,C012,1.6860396202818095,0.0,0.0,1.6860396202818095
2026-01-07 20:45:00+00:00,C012,1.6317614055723368,0.0,0.0,1.6317614055723368
2026-01-07 21:00:00+00:00,C012,1.4996258290113087,0.0,0.0,1.4996258290113087
2026-01-07 21:15:00+00:00,C012,1.300089121652694,0.0,0.0,1.300089121652694
2026-01-07 21:30:00+00:00,C012,1.3313062005327667,0.0,0.0,1.3313062005327667
2026-01-07 21:45:00+00:00,C012,1.2089624554286584,0.0,0.0,1.2089624554286584
2026-01-07 22:00:00+00:00,C012,1.0718271037177327,0.0,0.0,1.0718271037177327
2026-01-07 22:15:00+00:00,C012,12.060911047347483,0.0,11.0,12.060911047347483
2026-01-07 22:30:00+00:00,C012,0.9071176442283114,0.0,0.0,0.9071176442283114
2026-01-07 22:45:00+00:00,C012,0.9063412886965908,0.0,0.0,0.9063412886965908
2026-01-07 23:00:00+00:00,C012,11.815165889438523,0.0,11.0,11.815165889438523
2026-01-07 23:15:00+00:00,C012,0.7029573775199229,0.0,0.0,0.7029573775199229
2026-01-07 23:30:00+00:00,C012,0.7189208501992062,0.0,0.0,0.7189208501992062
2026-01-07 23:45:00+00:00,C012,0.6653760313213165,0.0,0.0,0.6653760313213165
